filament_id,segmentation_rle
20110120105534Ch_1,m_Xi24lo11O2N2O0iPNJcn17ZQNKfn15YQNLgn15WQNKkn18QQNGPo19nPNIRo17lPNJUo1a00O1010OJjPNBUo1<mPNDSo1;oPNBRo1?8001N10O100O100O1O1O1O0010O001O1O1000000O10001N1O1O1N2O1O2O00O1O1O5K1N2O0O100O10001O00010O100000O10000000O01O00100O1O0100O00001O0001O01O0O1O1O100O100010O01O0O10001O0O2NX^YP1
20110120105534Ch_2,WjRQ21mo13N2M101O1N101OO10O00100O100O010K6M1L5O1O10O01N2N2N2O1O100N1OO3G_O[OYRNe0hm1]OSRNe0om1[OgQNL2h0Wn1]OfQNO0c0[n1_ObQN11a0]n1JaQN6`n1c02M3O100O010O0O2N2O1O2O0001N100O10TOWQNMO=jn1EYQNLO>hn1FaQN8`n1GaQN0JKdn16bQNNhn10[QNNgn1O\QNO`WQk1
20110130110334Ch_1,\XRn13ko19E5N1O101N2O2M3N2N1O1O001N2O2N4M2M1001O1iN[QNP1nn1L4M000O10000O1O1N3M3K4M3N1O2N1O2Mnf_o1
20110130110334Ch_2,d[PP22mo13GN_PN4_o1;J4eN_OQSNe0ll1\OmRNl0Rm1UOlRNm0Sm1TOjRNn0Vm1WOcRNj0^m1k03L3M3M2O1O2_NjQNU1bn1M3M7G7L3M4L4L2N4Lmd[n1
20110130110334Ch_3,c_ld21mo15L7I3N1O6J100QQNYOdn1g0YQN]Ogn1b0UQNBln1i00O1O1O103M00lPNVOQo1o0N0O1O1O2O3M0001N2O02N2M10O10015J0001O01O0004L00O2O[QNROWn1n0fQNUO[n1W12O2L3M3L3N2N2O001O1O001O1O3N1N10O010O02O1O00O1O1N2O01O011N3M100O0001O0010O2N1O1O001O010O00010O010O10O01O100O00101N100O01O1O2N100O10O001O1O0O0100000001O1O00100O0100O1O100O1O00000001O00102N13L00O001O010O01O001N101N3JZPNNX\eQ1
20110214175414Mh_1,[]d[22jo17K3M3M3J5O2N1O2oNXOhRNh0Vm1\OgRNf0Xm1[OgRNe0Xm1^OfRNc0Ym1AbRN`0^m1C^RN?am1IVRN8jm1o001O1OZOXRNTOhm1k0[RNTOdm1k0`RNRO_m1n0eRNPOZm1P1hRNnNXm1Q1jRNnNVm1R1kRNmNTm1S1nRNmNQm1R1QSNmNol1R1TSNkNml1T1P1O2O00001O1]OZQNJhn12]QNKhn1O\QNNfn1Ofdma1
20110214175414Mh_2,_^dd23mo11N2N2O001O1O1O00001O00O1000O10O10O10000000001O01O000001O01O01O1O010O01O10O010O10O010O010000O10O10O100O10O01O10O010O000000O1O1O100O10000001O00010O00001O010O1O010O1O100O100O10O100O4M1N0010O0010O01O001O001O001N1000010O00001O001O1O100O1O1O1O2N1OY`gS1
20110214175414Mh_3,gY_g28fo17J6K3L2N1O1O00M2O1010O001O2O0000000000000000N2N2M3O2O1N101O001O010O10O01O100O01000O100O010O0100000O0100001N100O2N2O0O101O000001O0O100000O10O010000001O010O001O00100O010O001O10O01O0100O100O100O10O0001O00001N10001NQgjQ1
20110329082654Uh_1,V_fn07ho12N2N1O1O1O01O001O00100O0010000O10O10O1000O1O1O010O0010O001O010O0010O01O010O010O010O1O1000000001O0O1000O010O100O01000O1000O010O10O10O10O10000000O10O10O010000O10O1000000O100O1000O010O1O010O010O010O100O100000O2O00001O00001O1O1O2N001O0000O2O5Ilagi2
20110329082654Uh_2,g_XS26jo1100O10O0100O10O01O00001O0000000000000001O01000O1000O100O103M2gPNM`n1Y1A6J001OO100O3fNSRN:kn1N2E;M4Ld^oi1
20110329082654Uh_3,]bZZ13lo13N1N2O10O00010O00100O01O00010O001O10O010O10O10O010O100O0100O1000O10O10O01000000O100O010O010O0010O01O0010O001O01000O100O100O1O01O1O01O01O01O001O010O01O1O010O10O001000\PNGao1=O01O2N0O1O1O3Lo[m_2
20110329082654Uh_4,Zedb13lo11O2O0O101O001O00000001O000010O000000001O001O0001O0000001O01O000000O100000O100O10O010O0100O001O0000000000000001O1O001O0O2O1O1N2OV[YY2
20110329082654Uh_5,Zlb\23ko13N2N1O101O1O1O2N010O01O0O2O000001O001O0100O010O01O00001O1O1O2N1O1001O0O10O1O010O1O2N101N3N2N2OO000O10O01000O101N7I01N1O1N3ATQNDRo17b0HnR[_1
20110329082654Uh_6,gRYW24jo15M2O1000O01O000000001O0O2O000000O101N10000001O2O0O01O1O0000001O0000O2O000006IkkVf1
20110329082654Uh_7,kWeU12ko1=C9gPNAdn1P1M2N2M7I5L2L6K6K2N1N3N0O2O00O0XOhRNjNYm1S1PSNeNRm1T1^RNeN`n1[122N2OO1[OaQNI^n13kQNHVn15oQNHQn17SRNFnm18VRNDkm1;n0N2O001N2O1O010O1000000O2N2M]i`g2
20110329082654Uh_8,oWib24ko12N2N2O1O1O00010O01O0010000O01O1O1O1O1O1O1O1O3M1O0000O10000000O10O10O10O01O1N1O101J5O10000000O1O100HPQNAPo1>TQN_Omn1?:01O0O10001O0001O01O01O000010O02O0O1000O00100O1O1O1O1O00100O1O10000O1O10O01O2O0O101N2O1N2OSiRW1
20110329082654Uh_9,hY_c22lo13N1O1N2O100O10001N101O2N2N1O1O00000O01O0001O0001O100O1O1O1M4L4Mff^Z1
20110329082654Uh_10,k\e`14jo13N3N1N2O1O0O2O1O00001O2O0N4J5M2N101O01O00100O1O101N100O2N1O2N1O000O1010OAfPN8[o1EhPN:_o101O10O00001O0000000001O00001N100000000O10000O10O0001O010O1O1NhbnZ2
20110408083214Th_1,o^VS24ko12E2aPN0]o1;O1O2N100O11011ON10O01O1O01O001N2O0N2O0010O01O000001O010O1O3M3M2O00000O0100O1000O10O010O100O10000O1000O1N2O1O1O2O002N1O1O1O0O100O1N3M\_]h1
20110408083214Th_2,a`l\16do19J5L5L3L3M4M2NZO]QN3an1IfQN5Xn1ImQN6Qn1JQRN6nm1HURN8im1HYRN8fm1G]RN9am1FaRN:^m1EdRN<Ym1DjRN<Tm1CQSN:ml1FVSN9il1E`SN5Vn1O2M^^ea2
20110408083214Th_3,`dhX38ho14K4N1N2O2O0O2O1O1O012O0N1O2O20N1N002N2N1N3N001M3N001O2O02NO010O5L00O01O1OkXkd0
20110408083214Th_4,`iPc22mo12O1O100O001O1O010O00001O1O1O1O1O1N2M2L5M3O1N2O1N3N1N3N1N2N2O1O1O31NO0O1O101N4L1O1O1N2kQN]Nkm1l1O10000O02O001O0O1^OVRNgNQn1X1<O1O01O10O1O010oN^QNc0cn1[OaQNb0`n1]ObQNa0Pm1[OSTN4mN`0Pm1]OSTN2mNa0Pm1^OTTN0kNc0Pm1^OVTNMjNe0Pm1^OXTNLgNg0Pm1^OYTNKgNg0ol1_OZTNKfNe0Pm1@ZTNMeNa0Rm1CXTNOcN=Vm1EWTN:Sl1GlSN9]k1]OjSN<i06\k1CeSN9o05\k1`0cTN@]k1a0cTN]O_k1b0aTN]O`k1d0_TN\Obk1c0TTNROQO;ll1d0RTNEnk1;RTNFmk1;RTNEok1;PTNFok1;PTNEQl1;kSNHVl18iSNGYl19fSNG[l1:bSNG_l1:_SNFal1b0VSN_Oil1e0TSN\Ojl1m1B=M4N2O10O1000001O0O2iLdSNi2]l1UMkSNb2Xl1\MXTNl1Sl1PNRTNg1Xm1M3L5cNbQNP1kn1K5FnPN@Wo1;9N1O2O001N4L4KkXYU1
20110408083214Th_5,\kRk06ho15I8H;F6J5K5K4L5K9E6MXO]RNWOam1g0gRNTOXm1k0mRNRORm1j0VSNSOel1Q1`SNkN_l1T1fSNhNZl1W1X1F9O1OH8101O1O001N3N1M3O10O00O2O1M201O1N2OA`0L4O100O010000O101N100O2N1O2N101N2O00O]OoPN:Qo1ETQN7ln1HWQN6jn1IXQN4jn1KXQN3]WQQ3
20110408083214Th_6,[ijn13mo12N2N;F1O2N300M3M1eQNVO]m1m0^RNUOcm1R1SRNPORn1m0jQNTOXn1k0fQNVO`n1R13N1N2N4L6J2M3N1N101O00001O00101N3L3M4KjTQo1
20110408083214Th_7,VkhW34io15K5K6I7J7I8H6J5K4H7M3L4O10O2N2N3L6J8B:H8M3M9H4K5ITUcf0
20110408083214Th_8,^Xg]13ko12N2M3M2M3N2O10O10O01N101N10100O01O100000O2O001O000010O001O001O010O00001OO10010N10001O000000010O01O01O00010O0001O00001OO1O1O10000O2N102Mmin]2
20110424064534Lh_1,f^fh03lo15L4L2N2O;E1O3M2O0O2N2N02O4L0O1O00TQN]OZn1Z1XRNaNel1i1lRNaNVm1Q23M2oM]RN`1hm1YN[RNh1nm12N10O101O02M4L0006I2N1O1aNZRNb0hm1[O[RNc0gm1XO^RNe0an1N4K2O010O101N2O1N1000000O1O010O1O1O1O1N2O1Nm\_S3
20110424064534Lh_2,k_`W13ko13M3M2N1N3N101O010O0100001O2iPN@jn1n0M3N4K:F4L3NoNmQN6Pn1EXRN:fm1D^RN<`m1CkRN3Um1LnRN3Rm1JTSN3VOGTm15iSN3oNMWm1MmSN6iN0Zm1GPTNj0dm1O100O1O10O101N100O2N2N1O010O1OXOZQN8dn1G^QN9bn1EaQN<\n1DeQN=Yn1CiQN=Un1ClQN=Tn1BnQN=Qn1CQRN<om1CSRN<mm1BURN=mm1@URN`0fn101O001O2N010O0001O1O0010000O010000O001O2N001O000001N11O010O1O001N1O100O001O010O0001O01O01O01O010000O100O0001O001O2M3Mc[Ya2
20110424064534Lh_3,bhl=7go15XOo0D5K6J9H3NXN^RNT17hNal1N`SNR2Zm1M1O1O3OO1N10O1_NRRNl0om1oNYRNm0im1oN]RNl0dn1F5J6L:DaUe`3
20110424064534Lh_4,kjbl15_o11ePN2Yo1=M2O001O001O001PQN^O`n1S1O0O100O101O1N205J11M2N1O1O1O001O001O001O001O001O0O2N2N2N2M3N2M3M2O2N1O1O100000001O0001O010O1O1O1O000001O01O001O010O010O1001=B01O0000000;D2N101N1O10O001O1N1O2SOdQN1`n1Lm0L3N1O2N3MmS]m1
20110424064534Lh_5,Q]Qf13lo12O1O1O1O00001O10O01O1O01O0000O10O1O0O2O00010O001O01O00010O1O001O1O1O1N2O1O1O1O100O1O1O1O010O0001O010O01O1N2O1N2N2O01O000O0010M3O00000O01O1000000010N01O1O101N1O3K400N101O1N10O200O1O001A:4O3M3N2N4L6H^ffS2
20110424064534Lh_6,X]Wl062Nao1;N1O2N1O3M1N2O1O2N1O10001O09G2N1O1O00001O001O0010O0001N10O0100O100O10O10O10O010000O010O10O0100O01O010O010O0010O001O00001O1O1O1N3MPado2
20110429120534Ch_1,Y`nn27go17_PNGQo1f0M2O2N2N1O001O01O001O000O1O2N2N2N101004L1N10100O0001N1O1N2O001O001O1O10O0100001O1O3M1O1O0O100O1O2O0O2N100O2O12N00O3M0O2O0O0101O1hN_QNo0in101O2N103M0O00001N5L0O1O1O1O001O1O9Gj\gk0
20110429120534Ch_2,Vcnf24lo11000000000001O0O1O2N1O1000O01001N100O10O1N2O1N101O00001O0101N2N1O1O0010O00000000000000O10O1001O0000000001O01O0000100O1O1O1O010O0Oo[mT1
20110429120534Ch_3,gcj\25ko13M2N10O001O2N10O001O3M1O1O0001O001O1O001O010O00010O000001O0001O01O0001O001O0100O010O1O1O010O1O0100N2O1N2N3Mb[g_1
20110429120534Ch_4,WdlR24ko13O0ePNMhn14TQN0ln1OQQN4on1NlPN5To1<O10001O[OmPN=]o1O1N2N1O010O10000O001000O1O001O0000000001O01O01O0000001O001O01O1O1O010O1O1O100O7I2N0O10O2N1O2N3N2N000O2O001N101N10000O10O100O00100O1O00101N1O2N1001N7I5HRXeg1
20110429120534Ch_5,lef^14ko12O1O0O2N1O2N100O2O001O1O0101N5L2N0O10O1000000000O100000O010O103L4M1O1O01N2N1O2DcPN0gXi^2
20110429120534Ch_6,ge`n26jo12N2N20O00O010O010O01O0010000000000O10O2N1O100O0001O0O2O1N1000000000000000O1O1N200O1000O2O0O101O0O2O000O1O2NjYQn0
20110429120534Ch_7,nj\a04ko12NO2N1001G0`PN3mn12XQN;an1JZQN9Tn1ZOVRNZ1gm1a00O000N2O1K5001O1O0O2O001N1O0N3G9M3N3M2M4F9NSOPSNPOil1T1\SNjNbl1T1dSNjN[l1U1hSNiNXl1V1kSNiNTl1U1PTNjNnk1U1VTNjNjk1U1WTNjNik1U1ZTNjNek1e0`SNUOm04Zk1CjSNR14TOj05Vk1JiSNm09ROm02Pk1X1VTNcNm02lj1[1V2000001O0BhQNSO[n1j0?O002N1O2CPQNGRo16>N2N2NaYiZ3
20110429120534Ch_8,_gPQ17ho13M4L3N3N3M11O2NO1O0101N100008H5J=C2N5L50NL02N=Cb0]O3L;E3MmUUm2
20110429120534Ch_9,fm^Y26io12N1O1O1O1O2N1N3^O_OZQN3Jb0]n1_OiQNQ1Un1=O1NJDdNdRN]1Rm1fN_RN45JK\1am1m01O00000M2I\RNSNfm1j19FQRN`NTn1]19_OfQNVOan1e0dQNYO^n1?S1_OfTgd1
20110429120534Ch_10,nmn;3mo10O2O00O01N1O1O2I7O1N2K5O000100001O2M2O1O1N101N1O2N2N2N2N100O001O01VOfQNMZn13iQNJXn15nQNERn1;i00001O0001O0O2O1OO1O1O1O01O11O01O0010O01N10000N2M20101M201N110O10O2O1O2M3N1O00O10O10OO2L5M2H:L[Tg^3
20110429120534Ch_11,XmRR14ko15Jd0_PNVOhn1W1I9G3M3N11O1O`0@2ROXQN?ln1XOZQNh0Po100O10O2N01O0001mPN\Ogn1Q13NOO4L2L1O2N1O9H1N1O3M3M2M2Noodk2
20110429120534Ch_12,fXQe16ho1201N100O001O0N2M4M2M3I8M200L3NO2J71OO2M3J6N1I8JWi\Y2
20110429120534Ch_13,V[Ym02jo1:G5M3N00O1N2O001N1O10O1O10100O1O001N100010000O01000O10000O1O1O0000000N3N101N2N20O1O1O1N2O0100O1O100O2OO2O1O7I2O0O2O1O3L3M1O2N2N1OZebn2
20110429120534Ch_14,^^Q^24ko13M101O0000010O0O2O1O0O2N101N10O10O1[OAiQN`0Un1EfQN<Yn1HbQN:^n1J]QN7bn1d0O10kN]QNm0cn1RO`QNl0`n1TOaQNk0_n1VO`QNj0`n1VO`QNj0_n1XO_QNh0bn1:0K5LfMROkUNn0Tj1ZO`UNk0`j1]OoSN^OOP2Sl1UOdSNo0]l1Z11O2N3[O\SNhMml1m1YSNPNjl1e1`SNXNcl1n0lRN[Oe0Fgl1`0PSNC<Lgl1<RSNB;1gl18STNGPl16QTNIQl14QTNJRl13heh^1
20110529063154Uh_1,\_dj26ho13N1N3M2O1O100000000001O001O0001O0000001O001N11O01O0001O0O2O1O001N2O1N2O1N3N2La`kR1
20110529063154Uh_2,nbni13mo11N1O2O001O001N4M2N1N2O1N101N101O0O100O1O100O10O010O100O0010O001O1O00100O010O10O10O0100O010O1000000O010O1O1I7N2O1N2N3L5Kh]WR2
20110529063154Uh_3,^bfi0:do15M4L2N4L3N2N002O2O10N4M13K0O10O001O129D2N2N2L8Fj[gT3
20110529063154Uh_4,b`e]24ko12N3N001O1N101N2N2O1cPN_OYo1e0O1O0000000000000000O1000001O00010O001000O010O0010O0001O001O001O0O101O000O01000000O100O010O01N100O1O1O2O00100O11N101O1N2O0O2N100O10000O10000O10O10O10O10O00100O1O010O1O00100O10O01000O010000O100O2M4Ln_^[1
20110529063154Uh_5,Sck`12mo13N1O001O100O1O1O001O1O001O10O01O1O1O001O1O1O100O1O2N2O1N01000O100O2N101N100000O100001O0000O010O010O01O00001N101N1O1O1O2N101O010O00010O100000O100000O10O101O1O11N1O100O000000O10O01O010O100O010O10O01000O01O10O01O10O010O1O010O010000O1O2O0O2N2O0O00100O10O01O001O1O001O1O1O002O1N1O1O0010O00001O001O00001N101N101N1O2O0O2N2O0O1000000001O001O1O1O1O001O001O100O1O10O010O010O10O100O1O1O1O1N2O0O1O00O2O0001O001O2N1O101N1O101N1O2O1MSZnQ2
20110531070514Th_1,aZ\P15io14N5J5L2O1O001O1002ON1O2N4kPNUOnn1Q1N1N1O1O1O1O17HcQNYObm1d0\RN@dm1?RRNKom1S12N1O001O2N01O1O000O0100O1000O10O0000001O1O1O2M2O2N1O1N2O1O1O10001O01O0O1_QNlNUn1`100000POjQN;om1AVRN?im1\O]RNd0bm1ZOdRNc0[m1\OhRNb0Xm1]OjRNc0Um1]OlRNh0nl1WOWSNk0cl1TO`SNl0^l1TOcSNl0\l1TOfSNk0Yl1TOjSNk0Ul1UOlSNj0Ul1TOmSNl0em1N1O2O000O010O100O3N1O12M1OO10O010UQNZO[n1f0aQN@_n1c0XQNBjn1j004K00O100O001O1N2M3N2N4L3N2N1O2N1O6J3M4K__Wh2
20110531070514Th_2,Zbh\18fo15M100O201N0101N11N011N3N1OO3M1O001O0116H2N1O3N1N6J010O3M0001N4Lb0^O3L7G^[o`2
20110531070514Th_3,acl\23ko15M1N101O00O10000000000000000000000O10O1O1O1O1O1O100O0010O1O010O100000001N100O2O0000000000000000000000000000000O1O10000000O10001N10000O01O010105J2O0OO0L40O20000000O1O10O1O100O1O2O0O1O1O100O2O001HZOTQNf0kn1]ORQNe0ln18O1O1O01O000N3O1O1O1O100001N10000O10O1L4L4H8M3N3N1O2N100O100O1Of]kZ1
20110531070514Th_4,\cdg02mo13M101O1N101O001O00000001O001003L101N10001O4L3M1O3M2O2M3O5LN2N003L2N100O22N4MO0N1O1O0O2O1N1O2M2M3N1O2N101O01O0O1M3O1O1000001O00100O10O100O1O1O100010O1O03NO1O2M3N1O9iPNRO22^n1Z100000N2N2Hl0XO]YgR3
20110531070514Th_5,kY_h02lo13O1N10001O000O010000O100O100000000000O010O100O1O1O001N1N2O2O0K5N2N2ZO]OoQNd0om1FeQN=[n1b01N3O1N2N2O1O1M3L5A?K5M5JZh\T3
20110531070514Th_6,UaeP31lo17J:G2M2L5N1001O001O1O10O0010O000000000001N2M2O1O0000001O2N10O100HSQN]Omn1b0VQN[Okn1d09001N01O1O1N2O010O101N10000001O01O000O2O0O2N100O010O2O000O2N1O3LZ_Rk0
20110531070514Th_7,TcWe24ko12O000000110O000O1O000O2J6N2O1O00001O0001O1000O001O1O010O1O10O00001O01O001O1O00000001N100001OO100N1O1010O0^ODaQN<_n1H]QN9bn1c0O2K6L2N2O10O100O2N1O2N1O1O1O1O101N10000O100O10O0101O0TOWQN24Mhn1L[QNO24^o101N2Oi\XU1
20110531070514Th_8,XcYS24jo15L3N2M2O1O1O1N2M3N2oPNXOhn1j0TQNYOkn1n0100O1O1O10O001O2O001NUOWQN`0in1^OYQNa0in1\OYQNd0Qo111O1O00000O01O1O1O2N2N4L1O0O2O0O2N101O101O05K0O1O10O001O001O1O1N101O1O1O0100O4M1N101O1O0O100O0000010O00001N10001O001O10O2N1O0001O00001O0001O0O100O1000001N101O2N2O000O1O0010O001001N1O1O0O2O001O1O000100O;F1011M00O2N3M5K10O1HVOWQNm0fn18N1O2O0O2N1O1O2N1O100O2O1O2M3O0O1O10O1O001O00010O010O2fNkQNf0Wn1UOmQNi0fn100O1O2N3M1O100O106I100O100O2O00O100O1O010O01N2O1N2N1O2N1O3LjX\`1
20110603123034Ch_1,oZ\i15io18J3M1O1RQNDVn1=fQNGZn1:`QNJ`n1k00O1O2N1O1O2N1O101O0O2O0O2O1N1O2L3O11O3M1O1O1O0001O001O2N3M100O10O1O0O2O0000000100010O1O1Nb0^O1O0000O2N1L5K4O2N2N110O0O1O1O1O1O2O0O10000000O010O101N101N2O001O0O1000001O001O1O1O1O001O0000010O2N2N4L4]QNgNWn1d1M10O2N1O1N2O1O0O101N2O1N2O1O1O2N1O1O000001OO100010001N4M0O010O01O1RQNUOfn1S1000001O000O1O1O0001O00001O1O1O1O10O001O0010O01O0O10001N:G1N3N1O000O11N101O1OnQN\Njm1b1TRNbNkm1]1SRNfNmm1Y1RRNiNnm1V1QRNlNom1S1QRNnNPn1P1PRNPORn1o0lQNSOTn1\12N2N4M2M1O1O1O1O1O2M3N1N2N2O01000O6K0O01N3N3L200O10O001O01O10O01O1O1N101O1O01O1O2N2O0002ON1O1O0000010O01000O1O1N3L3I8M2N2O000000SQNEUn1;jQNGUn1:jQNGUn1:iQNHNKgm1b0TRNFL0Pn1_11O1O001O0O2N101N2M3M4L4kNZQNk0Po1N1N2\OPQN5bo1Jh_ee1
20110603123034Ch_2,W_`h05jo11O2N2N101O001O1O1O1O1N3L4M4L3N2O0O0100O00000O1001O0O2O001OO01N100001000001O00000O1O2O0O3N1O1N3N100O1O2O000001O1N2O1O10c0SQNfNmm1g1O0001N4L2M4K4L3D<M4C<N2N2N3Lg_gR3
20110603123034Ch_3,Rblc03ko14M2M30000001O1N100O1O1O011O00O2N001000O2O1O0O100O2O01N1O1O1O010O2N2O1O001O6J2N1O2N5RRN_ORl1c0oRNRO=>dl1a0jRNWO=<hl1>hRN[O;9nl1P1iRNXO]m1c1O00O3M010SO^RNYOcm1c0aRN^O]m1`0eRNAZm1:mRNERm12XSNNhl1GbSN;Qn11O1N10000O2OO7J7JO0O1O2O010004K02M3N1O0000O:F2M4KgXmV3
20110603123034Ch_4,ZcRh13ko13O2M2N4M1N4L4L2N2N1O1000000000O100O2O000O10000000O010010O01O1O001O1O000O2N1O101O001O1O01O001O000010O101N100001N1O010O01O1O1010O0O2O1O0O1O1000001N102N0O2N10001O00111M1O0O3N1N10fPNLgn15VQNOin1e0O01O001N101N1N2O1N101N3O0O1O101N1O100000O010000001O0O101O2M1O0010N100O2O1O001O1O00001N1O2M2O101O01O010O1O0100O100O010000O0010O010O1000000O1000O10O100O10O00100O01O1O2N1O100O001O101MVYcl1
20110603123034Ch_5,\cjZ33lo11O100O2O000O2O1O001O00001O001O000O101N1O101N10000000000O10O100O1O2N1O1O1O100O0O2O10O01O10O01O010O00100O2NQ]ia0
20110603123034Ch_6,ZdPY34jo1300O102L3N2M:kPN\O\n1i0\QN[Ocn1R1O0107H2O00000O01O2M3kQNQOUm1Z1]RNROYm1k1O2M2N2O1L4I8L3O2O1O100000PMeSNZ2Zl1dMmSNX2Sl1fMPTNX2ml109jMWRN2OU10eNom11URN`1Wn1O3M1O1O24LM2O0N4M3L4M5J3M2J7J6K5JhX]c0
20110603123034Ch_7,QkXe03lo14M1O2N2cPNHnn1h0N0O10001O01O2O1N1O3M2O00O02N0002N1O5J2O0000O2O1O102N3MO10O01O0001O2O0N2O1N1000O00100O000001O1N101O1O010O10O100O1000O2O0O2N2M3N1NYR[V3
20110603123034Ch_8,lYgl13mo11N10000O100O100O1O010O1N110O0000010O000O2O000O2N0O200O1O00010N1O1M4N2M20N2000O1O0O200101M2O2N2N2O0O100O2O000O10O01O1000000O1O100O3N1O2Mjhnn1
20110603123034Ch_9,_ZaU14ko12O0O1O100O001O1O1N1J7I6K5O1O0O2O00001N2K6N2N1N3M1010]OfQN@[n1`0hQN[OZn1f0jQNROYn1o0<00O01O01^O[QNHen17b001O0010O1O1O001O1O1O1000000000O100000000O100000001O0O2O000001O00000000O2O001O1O001O00001O00000000000010O001O10000O01O10O1O01O1O2N1O3L]gnc2
20110603123034Ch_10,iZUS24go15^OKWQN6gn1NPQN9Po1;0ON0111O0O0O1010100O1I7OO2M11000010O001N2O0O2O100O1O2O000O10000001O0010O01O00O2O0O2N2N2Noghi1
20110603123034Ch_11,Pako0;3LVo1`001N1O00100O10000O100O1O0000110O101N10O001O0000000000001O001N2O1N101M2N3I7K6LP_dm2
20110603123034Ch_12,\cWl27ho12O1N2]QNH\m19aRNK\m1:]RNK`m1:[RNIbm19[RNL`m17URN6hm1KVRN7hm1T1M3N2N2N1OYO`RNnN_m1P1cRNQO\m1m0fRNTOXm1k0iRNWOVm1h0jRNYO>XOok1^1cSN\O;@jk1T1kSN<Tl1DkSN<Vl1EiSN;Wl1]OhSNjN1i1Vl1\OlSNjNN:3j0Sl1MZTNVOHk0mk1O]TNROJm0jk10VUNNij12YUNLhj14YUNJhj14[UNIgj16\UNYO\NM[l1i0\UNWORk1g0QUNUOQk1k0R2001O0010O1N2O0O2O0O1O1O1O1O1CiPNOYo10<01N2Ob\ZP1
20110706164014Mh_1,lcVe21ko18L2M2O1N3N1O2O05K2OO001O1O1O00000UQNFPn1:`QN5`n1e02N1N1O2N1N2N2N2O2D<N3O0001O0O0100O1O2N1O2O1N2MP[SX1
20110706164014Mh_2,nnZi29eo14L7J7I5K5L5L1O38F3N6L1L1N3O1N0N102M2O0O1001N2N1O10O1O001O1O1O000O101O1N2N2NYoVT1
20110706164014Mh_3,^Zg[27ho12M200O1O10O0001N1N200N2O0O200N1O2O010O10N1M301N2O00M300100010O01O1N2O1O10001N100N10100O1O01000O2O1N2NUgPa1
20110811121534Ch_1,R]bP13lo13L3N2N10001N100000O100000000001O001O2N2N1O1N1O100O100001O01O10O010O0000001N1000001O001N1001O1O1O1O1N3N2M2O1TQNTObn1m0[QNVOdn1S1000O2M3L4J6N1O2N2N2N2O1N1O00101N10001O0000000O11O00101O00O2O001N2O1N2N1OZbci2
20110811121534Ch_2,Q_bj05io15L6J3N1O1O1O001O1O0101O00000005J2N100O0010O1O1O10O1O1O101N17JO10O001N100O2O2O1N1O^QN^Ofm1b0URNCkm1`0mQNCTn1>fQNGZn1n03N3L9G3L4K4M2M4L3N3M3MS_kQ3
20110811121534Ch_3,gado14ko12N3M2N2N1N2O1O1O1O2N101O001O1O1O1O001O00ZOPQN<Qo1BQQN>on1@SQN?Yo1N10O0O1000000001N100000001O00001N2O1O000010O000010O0001O010O10O00010OO100O100001N2Om]Wl1
20110811121534Ch_4,hc\P2:eo13M2O1N2O0O1O1O1O100O1N3N3M101N1O1O1N1N3N2M4M4M3M7J=D1N010O00RNZRNb1fm1]N\RNb1em1[N^RNe1bm1YN`RNh1lm100O2O4L200O0O02M4L100007H100bNYRNb0fn10M2N1N6J1O1000001O0O6K1N10<C6J3N<D00O2SN]RNZ1dm1bN_RN^1Tn1N011^NiQNW1`n1`0_O3N1M]NVRNM0h0hm1YOjRNh0Tm1WOoRNh0ol1WOTSNj0jl1TOXSNQ1bl1oN`SNT1\l1jNgSNU1Yl1iNjSNW1fm1I1O9F2O000O2O2N3M2N:EiVci1
20110811121534Ch_5,RghU35ho14M2N1O2N001O0TODURN=km1FRRN;nm1FQRN9mm1LiQN;Wn1HeQN:[n1HaQN:Ym1WOiSN\1Vl1iNiRN5>R1jl1YOTSNf0ml1]OnRNe0Rm1]OjRNe0Wm1]OeRNc0\m1k06E<N1M4Lb0_O4L3N2M4L3]OnPN5do1IjZWh0
20110811121534Ch_6,Vjln02lo14L3N1O100O001O1N101O01O010O0010O00100O100000O100000000000O10O1O00001O0000001O001O010O1000000O100O10O10O10O00100O010O010O10O10O1000000O100O00001O00001N1N3K4O1O1O2O0O2O00001O1O00FRQNDmn1<UQNBjn1?WQNAhn1?XQNAhn1`0WQN@hn1a0YQN_Ofn1`0[QN@en1`0[QNAdn1?[QNBcn1`0]QNAan1`0^QNAbn1?^QNB`n1a0\QNBbn1n0N^OaQNH_n16eQNHXn1:jQNETn1=mQNBQn1?QRN@nm1`0URN^Oim1c0ZRNZOfm1e0j000000O1^Ob0J6H80O2O10001O3M4L7H7J2L4M2N3M2O1O1M2N3N2M3LZZ_h2
20110811121534Ch_7,TY]S35io12O1O000O2O00000O10000O100O10000O1000O10O1N1N3N10100O010O1O2N1O101N10O2J5O2O001O1O1O1O1O2M2O2N2N1O100O101NchVi0
20110811121534Ch_8,X[[m25ho13O1L3N2O1O2E:00001O002M2O2N2O2M2O1O0O10O01O10O0100O010O00010O1O010O00010O1000000000O010O1O0000001O000001O01O01O001O2MSfln0
20110811121534Ch_9,U]Ug18fo1101N200O0O2O01O000000001O001O0000O100O10001O0001N100OO2M30000010O010GePNK\o158O0010O01O010O10001O001N2NSdfU2
20110811121534Ch_10,\akc24ho14G9]OHVQN`0in1<O10O1000001O00000O100O0000O1O10001K4N3N2O1M3N100010O010O10O1O10O0010O1O00GjQNjNUn1V1nQNfNSn1Z190001N100100O10O100O1O1O1O0010O0000O1K501O1O1O2M8I2N2N2M2O1O1Oj`^W1
20110819131834Ch_1,feZ\11lo15L3N1O1O1O1O10000O100O10000O1000000O10000O10O01O1O1O1O1O2N100O100O10O0100O010O10O100O01O01M2O1010O1O2O0O2N2N2O1N2O0O100O010O01O1O001N2N2O1N1O1O2N1M201O0100O1000000000010O0001O1O010O1O1N101O1O10O0100O10O01O100O10O01O10O01000O1000O1000000O1000001N2O1M[\i[2
20110819131834Ch_2,^j\e06do1b0A5L3iQNYOQm1k0jRN\OKG^l1S3C7J5E:L4M3O1N1O1N1O1L^NPUN_Nnj1V1cUNfNTj1a1QVN[Noi1P1PUNaNV1;ji1Q1WUN_NT1<di1U1]UN[NQ1=ci1V1aUNXNo0a0ai1Q1^WNmNbh1h0oTNjNd2<]h1h0nWNWOSh1h0oWNVOQh1i0RXNUOng1j0TXNUOkg1l0WXNQOjg1o0XXNoNhg1Q1[XNkNfg1U1c3O0O2O01O010O\OWQN2in1NZQN0en1O^QNObn11_QNO`n11bQNN]n12dQNM\n14eQNJ[n15gQNJZn15gQNIZn17hQNGYn18jQNDWn1<g0O00001O000001O0O2O001O00000001O1O001O0O2O001O001O100O1O101M3MWY_U3
20110819131834Ch_3,ZkPQ28ho11O1O001O01O00001O0000000001O00001O001O001O0O2O1O2N1O1O1O2N1O010O1001O00000001O1N2O1N2N2N1N2O1N2O1N3N1O1O100005K101O0O1O4L4L1O1O1O1O0001O00000O2O1O001O1O000O200OTOVQNb0Uo1O3L2N1O1O1N4KVR]i1
20110819131834Ch_4,f_UR14gn1NYRN7dm1LgQNg0Yn1ZOdQNh0\n1>001O1N3M2N2M4K4M4K4L5J7HTahl2
20110819131834Ch_5,\hie11no12N1O001O1O1N2O1O1O1O1O1O1O2M2N3M2N2O2N1O1O1O10000O1000O100N3N2O1N2O1O0O2O1O001N1O10001N10001O000000000000000001O000O100000000000001O01O01O01O010O00001O000001O0001O000000010O000010O001O001O0O101O0O100O1O1O001O100000000001O2N1O1O1O1O001O1O00001O00000001O0010O010O010O100O1O100O1000O1O100O1000000O100O001O000010O00010O010O1000O010000O100O010O10O01O1O1N101N1O101N1O2MoVhn1
20110827141254Bh_1,RhbZ34ko12]ONUQN4LM^n14aQN2MO^n1S1O2M3N2M3N2O5K4NO8H00O010002M6K3M001O4L2O000024J0O01O1O1O0000001O100O07J02OO1OO1O2M2O2O2N0O1O01O0001002NO1O2M2O000001N11O001O0101N1O11N10003M01N1O10O200O0O1O2O2NWRNZOUl1g0gSN\O[l1c0bSN]O`l1d0dRNVO<7Rm1c0]RN[O?2Vm1n0jRNROXm1m0fRNTO\m1k0bRNVO_m1o0WRNUOkm1`15J2N3M3M<C3M2ORRNSOil1l0WSNVOil1j0USNXOll1g0RSNZOPm1f0lRN]OTm1c0jRN]OWm1d0fRN^O[m1c0aRN_O_m1b0^RN_Odm1a0ZRN^Ojm1a0SRN_OUn1?dQNC^n1n02N1O2N2N3M5K2N2N100O2N1N3N:E3N2N2NYQY=
20110827141254Bh_2,ZldR24lo12M2O1O1O1O1O10O01O1O1O001O1O01O00102M2N1O1O01O00000010O00010O01O00001O010O0010O010O1O10000O1O100O001O010000O100O00000001O0O100O10000000000O10000000001O001O001NjRYh1
20110827141254Bh_3,QmRY25fo16N1O2N101N101O1000O2O2N00O01O00000000100O10O2O0O1O01000O10000O2O0O1O1O2O0010O02N003L2O2O0000O1O6J27IN2N0O1N2O1N3M6I6IZQUc1
20110827141254Bh_4,amdo12mo13N1O1O1O1O10000O101O0O10000000000O1000001N1000100O01O001N2N2M3NdQYn1
20110912142254Bh_1,f[ZX25ho16J5L3M3N1N2N3N1N2O1YMXOTVNk0ii1ZORVNh0mi1\OoTNFDQ1\k1AaTNHNi0ak1AYTNM2f0gk1\OoSN61e0Sl1S29G2O7J]SNkLWl1b3N11N0gMgSNi0Zl1ROjSNn0Xl1lNnSNQ1Xl1dNRTNV1Rl1cNUTNY1nk1bNXTNY1[m1L4L3N2M6K5J4M2M2O1O2M2N4L5JZcmd1
20110912142254Bh_2,ncV_29fo13M1O2O00O100O1O1O101O00O10000000000001O00000000000100O00001O10000O010O11N10002N0O100000000O010O01O2O0O2O000000O2O1N2O0O1O100O10O1O2O1N2O1N3N00000000O1O1001O1N100O0001O0001O00001O01O00000010O00001O1O1O1N2O1O1O1O1N2O1O001O000000O101O7I3M100O100O10O1000O0100O01000O1010O000010O00001N10000O100O1000O2O1O00001N10O010000000001O000010O001O000000O10001O0O2N103L3M1010O1OOSX[U1
20110912142254Bh_3,[dng08eo16L8H3M5K6K1O2N100OnNaQNd0_n1YOdQNg0mn1N2N2N1O3M11OO0001O00000000O100O010000O1O3M5K2N5K4L2\QNoNUn1R1hQNQOXn1P1dQNRO\n1LoQNl0dn1N107J3MO2N30M001O001N5L2N01O1O00O2O0O1O1O001O0000000000000O2N1O2M\X]S3
20110912142254Bh_4,`nn`26ho13N1O1000OcNLoRN5Qm11iRNOXm1=ZRNDgm1>TRNDPn1<iQNGYn1o0100O2O3L2N2O1N2N4L3L4M2N;D2N3LbQ[]1
20110912142254Bh_5,caiT25io13N3M101N1O10O10O01O01O001O1O001O010O10O100O101O000O010000O010O0001O010O0001O001O00000000000N2K5M3H8O1O10N2N3N2N101O1O0010O000O10O10001O00000O1O1O1O1M20@D^QN=bn1`00O2O1O1O1O1N101O0O2O1O001O1N2N2M3O1O1O0010O010O00100O01O100O0O2N2N2O01O000N2K5O2O01O1O1O1NGMhPN2Xo1:1000001000O100O100O100O010000O1O2O1O1O1O1O0001N10000O11O000O2O01O00000000O10O101O0O1O2O0O2O0001O001O1O1N101N2O0O2O00001O0O10000000010O0001O10O0000001O0O2O1N2M[b\^1
20110912142254Bh_6,Zbgf11ko16L3M2L3G:N1O1O1N2A?O10N3L4M3N2N2N3N1N3N1N3N1O2N1O1O2N1O1O101N101N1O2NQ_PW2
20110912142254Bh_7,efYe13lo12N2N1O1N2N101O000010O01O010O1O1O0O2M20010O01O1O1000001N10O100O1000O011O0O1O100000O2O0O2N1O2N101N2O1O1O2N1O00001OOfNSOcSNm0[l1YOaSNf0_l1\O`SNb0al1AhRNF4g0Wm1E_RNJ6a0\m17`RNKam17[RNJfm1W11O10O01O2N1N2N3E;QOcQN6an1GdQN3cn1FcQN1fn1JY\jU2
20110912142254Bh_8,`fSa13jo16L3M1O2N10001O4L4L1O0O10000O2O01O002N2N1O1N100O2O0O101O0001O2N2N1O1O001O0001O000O100O2N1O2N2N4C`PN3jXl[2
20111015063134Lh_1,WbTh04ko12O1O3M4L2N`0@1N2O000000O100O2N1O101O1O10\QNXOom1h0nQN[OQn1h0jQNZOVn1i0fQNXOZn1W10001O2O00^NdQN<0d0`n1YOcQNe0^n1YOeQNe0[n1ZOhQNd0Yn1[OlQN`0Tn1_OQRN=Pn1ASRN>DFb1Lnj1=_SNHa1Ooj19^SNJ4Gg03PO5hl17YSNL5479[l18ZSNm0fl1W1000O0aMVSNh1kl1UNXSNk1hl1QN\SNn1dl1PN`SNn1al1PNbSNn1^l1QNRTNOSOV1kl1iNVTNMBi0Yl1XORUNf0oj1XOSUNg0Um1O1N4M1O01O1O00O9_O_PN2ho11N10O01O010O4M1OO00100004`PNDSo1f0lPNZOln1m000O00O2N2K5K:H3K5M[XaR3
20111015063134Lh_2,[clQ31oo12N100O1O1O100O001O010O010O01O01O01O00O100000000000O1000O10OJLaPN5^o1601O1O001OLcPNF]o1:ePND\o1;4100O1O1O2O0O100O1O1O2O0O101O2N1N20O01O1O1O1O3M2O0O101O000O010O01O1O1O1O1O1O0O2O1O2N2O0O10O1000O100O1O1O1O100O1O101N2N2N10O102N00O101N2N2M2N3Lh[Ug0
20111015063134Lh_3,_d\l11no15M0O001O000000000O101N1O1O001O1N1N3N100N2^O]OgQNc0[n1A_QN`0cn1BYQN=in1:4M3M3N2M3M3M3M4L]\_Q2
20111015063134Lh_4,PdRS21mo14M2N1O1O10000000001O01O00000000000001O00000001O00000000000000001O000010O01O010O00010O010O010O01O001O100O001000O010000O0100O01O001O1N2HCjPN>Uo18N3N1O1O1O010O01O1N2N2O1O1O2O0O01000O1O001O1O1N1L5N11000O0100O1O010O2O0O2O2N0O1O1O1O0010O01O0001O0000001O00000000000O101O000010O0000000000000000O100O101O0000O100000000001O0100O001O001O0001O0O100O10000000000000001O000001O01O00000010O001O10O01O01O000001O0001O0010O00010O0010O01O100O0010O01OO2O001O1N101O000000001O0001O001O01O00100O0000010O001O010O10003L2N1OQZ_]1
20111015063134Lh_5,chPm04jo17J4L3N2N001O00000O10000O1000000O2N101O001O0001O00101N1O100O0100O2O0N3N0O2M9H2O1O00oN`QNc0_n1YOfQNf0kn1O001O0O2O001O01O00010O^OkPN9_o1O0100O01O0OAE[QN;bn1J\QN6cn1M[QN3cn10\QN0cn14ZQNMdn16YQNLen1i0O001O0010O1iN[QNQ1kn1N1HWQNXOjn1g08O1N2O1O2N1O2O0O100O01O0001O0O2O001O1O1O11O0OL]PNMdo10[Wcl2
20111015063134Lh_6,Pj^T14no10O1N2O000O10O01O1O1O001O10001N4M3M1O00000O10O101N3N1O00O1O1O1O1O010O2O2N3N6JO2O1O01N2O010O0O130O8E10O6I2M3N2M4M3L2O3^OcPN:co100O00000000000001OO1001O001O001O000O11N1O1L5NXS[f2
20111015063134Lh_7,oUmj04jo15J8J2N2N2O0O2N1O2O0O2N2N3J6L3O1N2OXOeQNKZn14jQNJVn15lQNJUn1KbQNK<9To1O001O000010O1O010O0000001O01O002N2N1O1O1N101NYiXR3
20111015063134Lh_8,]Va>8go12O000000O10000001N2O7H100O1001O1O1N2O1N1O0000001O10O10000O1O1O100O100O2M2O1O10O01000O001O1O0100O10000OM5N1N2O00100O0O2O0100O1O100O100O1000O10O10001N100O2N101N2O0O100O1O1O100O1000001O1O001O2O0O1O101N1O1O001N10]O[QNKen14]QNKcn15]QNKcn14_QNKan14`QNLan11aQNO_n1NeQN1[n1JkQN5Vn1IoQN4Qn1JQRN5mn101O1O1N`iPZ3
20111015063134Lh_9,YZQd24jo13N2M2O1O2N1O2O00100O0gPNBPo1?nPNCRo1g0N1O000000000001O00001N2N3M2O1N2L4M3N2N3M3O0O1N^edY1
20111015063134Lh_10,naST25ko11N2O0010O01O1O2N001O0000000O1O1N2O1O101O001O2N1O000000O10000O10000O10O1O1N2O1O100O1O1O001N1O11O001000O01001O00000O10000O10O0M4O10O100O10O010O100000O100000O1000000O100O2O0O5L1O1N100O1O3N1N01O1N1O1O10O01N20001O000O1O2O001O1O10O01O1O00O001N200EmPNJTo13RQNGQo18;01O01O001O000010000001N2O0O2Nm_Vc1
20111017113714Th_1,l^`U16io13M3N3M2N1O2O0O2O0103L1O00010O1000O1O1O0000000000O1O100O001O2M2N2LV`[h2
20111017113714Th_2,Uch\2486jn1m0oPNoN^n1^1D;C=H7M2J7M10QORSNjNRm1d0eSNhNVO2\m1o0^1E:N3O0O1N2N2O1N201N10100O001N2N3Mf^]a1
20111017113714Th_3,VdVn22lo14M1O2O0O101O000O10000000000O0100001O00000010O000001O001O0000000000000000001O00010O00010O001O0000001N1000001O00000010O01N101O0O2O2N001O0000O1O1O10000000O2O1O001O1N2O1O1O001OO101L3K5O1N3M2O2O001O001O00010O01O010O1O100O2O0O1O10O01O10O010O010O01O000001O000O1000001O1O1O1O1N;EV[Wi0
20111017113714Th_4,hiTf14jo14M2O1N1O2N1O2M2O2N201O01O1O1O00101N1O1O1O00000000O2O0O101O1N2O1N3N0O2N100DTObQNm0\n1YO^QNi0`n1=O1O1O1O1O0000O1O100O101N1O2D<N101O100O00100O1O00001O0001O10O010O100O00010O01O010O01O00000010O0000000001O010N2O00001O1N101O1O1O1O1O1O1O001O1O1O1O1O2N1OlTcR2
20111017113714Th_5,ajVc04ko12N2O1N100000O0100O100O100O100O10O01O001O010O0010O1O001O100O001000001N1O2MoU]Z3
20111017113714Th_6,kPSm12mo13M2N3N1O2M101O0O101N10001N4M1O1O00000O010O00O101N2N2O2N2O1O1O2N2N2N1O2N1MTo`P2
20111017113714Th_7,bTYj22lo14M2N7H5K4M2N2M3N2N2N2O1N2N7H4M2N2N2N3M2N1O1O1N2nNoMTTNR2fk1YN`SNJ8m1Wl1kNdSNV1[l1X10O010O1O1N3M4L3L4M3N2M2iNoRN]OSm1`0SSNSOWm1k0oRNnNTm1Q1n0N2O1O1N2H9L4M3L7I6KXmZR1
20111017113714Th_8,oVoZ35jo12M3B=O2M2O1O100O1O2N1O1O1O1N2O1IjNbQNW1\n18O001O01O1O2M2O3M2N2N3M3M3N4K7J1N2N2Mfifb0
20111017113714Th_9,W_mj13lo13N1N2O1O1O1O100O110O010O1O4L4M0O2O1N2N1001N:F2M3M2M4La_ZS2
20111017113714Th_10,eaQi28go14L2O1O00000000001O000O010O100O01000O1000O10000O010000000O10000O1000000O1O100O001O000001O1O010O010000O01O2I6N2N200O100001O1N2O1O1N1000001O0000000O1O10O010O1O001O001O1O100O1O1O10000001N10O01O1O001O010O010O1O010O10O00000O0O20O011O010O1O100O2O0O10O01O1O0010O01O1O100O1O100O1O2N2Nl_Xn0
20111114063134Lh_1,[]dk01lo1:F5L4M3M3J5K4N3M200001N4M1N1O01O010O10O100O101O00011O3L101N3M2N2O000001OO10000001O0O101O12M00O100O101O01O2N0O100O01O010O02N1O1O0001O010O10O100O01O0O1O2O1O001O1O2O10O100O12M0O1000O100O1O2N1O1O0001N3N2O3L010O01O0O1O1O1N2N101O1O1O1O1O101N101O000001O00O100O100O101N10001O0O101Nn`gk2
20111114063134Lh_2,gbjY26io11N2[Oc0O10OO1N30N2J7O0O1M400O001M3O1O10000O2O00001O001O1O1O1O1O2NU_Sd1
20111114063134Lh_3,]b^j22lo13M2O1N1O20O000000001O01O001O001O010O1O0L5N200O100O1O1O10O010O001N100M4M201O1O100O0100000O10000O1000000001O0000001O0000O100O1O100O100000000010O0000001O00010O00001O000001O00000000001O0001O01O00010O10O2O4L1N1O100O01O00001O00001O1O3N0O01O001O000O010O10O01O01O1O010O1000000000001N101N2M[^el0
20111114063134Lh_4,Zb\V14jo13\ONTQN7jn1KSQN7mn1JPQN8Po1<0010O01O1O1O001O1O1N1O2N1O1O2O0010O010O00000000001O1O1O1O1O001O1O10O01N2O2N1O1O1O100O0001O000O2N100O1O1O1O101N101O0O2O1N2O0O100O100001O010O1N1O2N2M3N2N2N200001O2O000O4L0001O004L1OO10O10O01O1O101O2M\OSQN6ln1IWQN7gn1H[QN9bn1GcQN8Zn1GiQN9Un1GmQN:Pn1ERRN<lm1CVRN>jm1_OXRNa0im1[OZRNf0an1O3M00000O001O1O0100O1N3N1N2N2N2O2N10VOUQN>Xo10O001O0hPNCln1k0N00O001N2N100O1O2N101O1N2O1N1O2N1O100O1000000O11O000100O001000O02O000O100O10O10O010000O100O1O100O2O1O2M2N01O00000O100O1O1O1O100O010O0100O100O2O0O2O001O00010O00010O10O1O010O0101O00O1O2O0O2N100001N100O0010O100O1O001000001O1O0O10O100O100O1000O1O010O10O0100O01O1O10O0000100O001O001O0001O00100O1O2N2N2N2N1O000O1O10O1N2N2O2N1001O00001O0O2O0OBkPN4So1KPQN5on1ITQN6mn1HTQN8ln1GUQN:Xo1100000O10O1O10O10O0001O012N0001OO01O010O0100O10O1^PNIZo1?00O010O0010O001O001O001O000O100000O100000O10001O1O1O1O100O00100O10O10O10O01O010O00100O10O01O1O1O1O002M`W]Q2
20111114063134Lh_5,ld\h23ko13N101O0O10001O001O00O10000001O001O1O6J0O2O001O00001O001O00010O010O1O010O001O010O0010O001O000000010O00010O010O0100O2O5mPNSOhn1T1O000O100O100O3N1O02N1O7I01O00O10O101O0O10001O00O2WOXQN7jn1EXQN;Wo1001N10001010O0N2N1O2N2LlX]Q1
20111114063134Lh_6,Sg`_24ho15M2O1N1000000O10000O00O20001O001O0000000100O001O1O001O010O01O001O001O10O0001O010O1O001O01O10O01O0000010O001O1O010O01000O10O10O10O0100O01O1O001O1O0100000O100000O10O10000O100O100000000000O0100000000000O10000O1O100O10000O0100000000O100O100O10000000001O0001O000000001O0O2O00010O01O2N2O0O1O01O00010O0001O001N2NbZkV1
20111114063134Lh_7,YiVb02mo1101O000O2N1O2O0O2O0010O00O10O0100O100O1000000000O1O1O001O01O001O1O1O0100HaPNLao146O101O0OWWS[3
20111114063134Lh_8,Qj^h23lo13M2O1N3N1N101O100O10000000O10O01O10O0100000001001dPNCQo1g00N2N2N2EePNLao1LdPN0bTcU1
20111114063134Lh_9,kRU`16:Nnn19iPNMVo1?O1O2mPNXOln1o0O0O100O100O0010O0000001O001O1ZOVQN5jn1KXQN2jn1KZQN2in1KZQN3gn1LZQN3Zo100O1O2N1NRmn]2
20111114063134Lh_10,T^iS31lo15L4L4L3N:F2M2O1O1O000O01O0K6O010000000O1O100N2N3N100O2N10000000000000000010O0O101O1N10000000O1M2N300000O101N1O1O1O2N1O10O1O1O1N2O100000000O10O1000000O101N1N2001O010O01O000001N2O00001O010O0O1O1O0100O001O1O2O0010O0000001N1O1O2O00O1L3O2000O0100000O1O2O0O01O2K4N2O2O0010O01O10000O000000O1O10O10O1NH[OXQNd0jn181O10001N1O101O00010O0O1OO0O2001O100000O1O001N11O1O100O01N1010000000N3M2N200O1O100O101N2N1O2L5Ifil?
20111114063134Lh_11,\[eZ25Wo1MSQN=in1GSQN;ln1<N1K6O00M4L30O01J7O1N2N00011O1O3M3M4J\fnc1
20111114063134Lh_12,[___25ko12M1010O01O01O000000000000000000O100000000O100O10000O10O10O10000000O1000O2O0O1N2N2N2O10000O10000001N100O2O00000000O1O100O010O100O001O1O2O001O10O2N2L3N1O2N1O2O0000000O01O10000O10O00100O01O010O0O101N2O001O1O001O001O001O000000000O1M3C=O100001O001O00001N101O1O1O1O1O001O1N2O001N1O2O0O2O0O100OO0O200O20O0010O0N20O1O00O2K50O00N3010O0M4L4O1M3F:O2O2MkdhU1
20111114063134Lh_13,_`gT15jo11O1J5O1O0]OF`QN:bn1I\QN7cn1LZQN5cn10ZQN0en14WQNMjn1d0O0001O1000OGYQNZOhn1=TQNHUo179001F:00@_OaQNb0^n1`00000000000000010O01O2O1N4M1O00000O100GVQN\Ojn1b0<N1O1O1O101O00000000O100O10000O01O1L4O1000001O0000000001O001O01O00001O00000000000O100000001O000O10O1000000O100O2O000O100O10O01O100O10O01O1O00100O1O0010O1O10O100000O1000O100O101O00000001N1O1K6N1O1000000O1000001N10001O000001O00000001O0000001O0O2Ogbh`2
20111114063134Lh_14,h]og04ko14M10001O000O010O1000003M5oPNBTn1`0bQN^OK6bn1>\QNMdn1i0010N1O3MnQNlNXm1[1]RNhNdm1Y1URNkNlm1d11O5K4K3K>B;G3M3L4M6HW`lU3
20111122063134Lh_1,]\jn2:]o1<YQN_Oim1d0oQNDmm1Y1O0O1O0000O2O1O1K401O1N1K6O100O2O1N2O1O0O100O100N2L5N1O10001O000O10001O0O010O1O1O1O100O1000001O01O0000000000101N1O2O00FcPN1\o1LjPN2bo10O101N1O1O2N2N001O1ePNCQo1>lPNESo1e0O1O1O0000O1000000000O101N100\QNROVn1o0gQNSOZn1m0cQNVO\n1l0`QNVO`n1U110O00001O0O1O001O1O0010O1O2O2N2L3M4M3N5K1N10000O10O]OSQN5mn1JUQN5kn1JWQN5jn1IWQN7Yo1000000O100M4LabQi0
20111122063134Lh_2,ncZc06l0Knm1<lQNGom1`0`QN^O55Xn1W1N3N3M5K4K2N2L4N1O2O00001N101N2QOfMnSNc2Ql1aMaSN]2NhM`l1b2cSN^M[l1]2kSNcMTl1[2PTNdMPl1[2QTNdMok1]2QTNcMnk1X1gSN^O=RORl1_1dSNhNM8Qm1P1USNeNM9nl1R1XSNaNK>kl1R1fSNmNZl1S1gSNlNXl1U1hSNkNXl1U1iSNjNWl1V1kSNgNWl1X1kSNfNUl1Z1mSNdNSl1Z1QTNcNPl1\1Z10O10O1mNbQNd0_n1ZOfQNb0[n1]OmQN;Un1CnQN1Wo1MW^gY3
20111122063134Lh_3,XcVU17ho13O0O0100O10O1O010O10O100O010O01O100O0010000O00100O00001O010O001O2N2O1hPNCin1?SQNEkn1j0N100O0001O000O1O100O1O2N1N2O2N1O2O0O2O1O1O1O010O10O01O10O1O100O2O0O1O0010O01000O1O100O1N2O1O1O10O100O1000O10O106J1O0O10O1O001N2O001O1O010O1O001O10O01O1O1O01O010O01O10O10O101O0O1000O1000O10000000001O0000O3N2N9F100O2O001O2N1002EoPN_OUo12XZYa2
20111122063134Lh_4,cd`l02no11O0O2O1O000001O01O00001O00100O001O100O1O1O001O001O00001O0O2O1O1O1O1O100O0000O1000001O1O1O1N2O1O010O100000O1000006I1000O0010O01O1000O3N1O0000O0101O00001O1O1O1O10O01O1O01N1O2O1N3M101O100O1O001O00001O01ZQN@im1d0mQNCRn1`0cQNG^n1n01N101O]QNgN^n1_10M4E<Dg0^O^X_l2
20111122063134Lh_5,^eRX23lo12O1O100O100O2O0O1O2O2N1O1O001O016J01N01O001O2N2O02O1N2M1O3M4M10O3M0O01O0001O2O0O1000O4M2M1O001O1N10000O1O000000000000O1O1O1O01O01O01O010O010O01O10O1000O1000O01O000001O1O0010O010O0100O00101O000000000000O1000O010000000O010O010O100000001N101OaX[`1
20111122063134Lh_6,jfXc25go16N001O12N0O100000O0010O10O0001O00001O0001O0001O01O01O0001O001O01O0001O01O0000001O01O01O000001N101N10001O01O100O0100O1000000O100O100O10O100O2O0O1O1O100O0100O01O10O01O01O0100O0010O01O001O0000O1010O001NoW]V1
20111122063134Lh_7,ajbT34ko12O1O1O2N1O9H1N1O10001O003O01OOO01O9G1N1001N2O1N2O1O2N1N1000001O2N6I2O1N101O0O1O10O01O10O01N101MdS[h0
20111122063134Lh_8,Znji1<co13M3N2N1O2N101cQN^OXm1e0dRN^O\m1b0bRN@]m1a0`RNB_m1?_RNC`m1>SRNUO2?km1]1000O1O10000001O0000000000O10O010000100O01O0O2N1N7J4LZSNeNhj1Z1WUNhNij1W1VUNkNjj1T1UUNmNlj1Q1SUNQOmj1o0RUNSOnj1k0QUNWOoj1h0PUNZOPk1e0oTN^OPk1c0YTNoNC`0Sl1b0XTNRO@?Wl1c0STNVO]O;[1XOci1Z1]UN8?PO\1_OXf1]3WXN[M\1ZO]f1]3SXN\M5SO7=`g1Y3lWN\M5UO<8cg1Y3fWNYNc0`Nhg1a5TXNbJmg1^5PXNbJRh1a5hWNaJch1X62N3ZISWNU6oh1fIXWNU6]i1L3L7I3N3M6J3M3M4L2N2N2N2N3M2N3iKiTN`3nk1dNZTNYNhk1b1^TN\Nck1a1`TNiMA9Rl1Q1UTNmN<EA;Pl1FmSNo0d0nNa06[k1f0dUNVO`j1c0b2L3N3M3M4Jjl^P2
20111122063134Lh_9,aW[Z37co16M3N10O0N3N101N11O100O101O0O1000O1O1O1O2N10001O001O010O01O001O1O1O002O0O101O00000O10O1O1O2O0O1O1N2O1O1O101MniVb0
20111122063134Lh_10,RZma26io14L2N1O2N10O0001O001O00010O01O00100O001O1O00100O001O010O0001O0000000O101N100M4O0O1N2O100N2O01O1O100000000N3O0010O001O01O00CETQN;mn1<10O100000O2O0O2I6O1N3N2N1O2N2N2MUhRY1
20111122063134Lh_11,R[eg13mo11N2N1O2L3N2O01O010O1O1O100O0001O00010O0001O1000O010000000000000001O000000O1000000000000000O1000O010000O1000000000000O1000000O1000001O1N_ePT2
20111124153054Bh_1,RbdW14l1MRl15fSN7Tl1KhSN;Sl1GlSN;Sl1FjSN=Tl1DkSN>Tl1BkSN?Ul1AkSN`0Sl1AlSNa0Sl1_OlSNb0Tl1^OlSNb0Sl1_OlSNb0Tl1^OkSNd0Sl1]OlSNd0Sl1]OlSNd0Sl1^OkSNc0Tl1_OiSNd0Tl1_OjSNb0Ul1@hSNb0Wl1@eSNd0Yl1^OcSNe0]l1]O\SNi0bl1\1O0O2N@_SNcMSl1`2ZTN_Mdk1_2`TN`M_k1_2cTNbM[k1]2hTNbMWk1^2kTNaMTk1^2oTNaMPk1_2RUN`Mmj1`2X1001O01eNmRNJSm16PSNHnl19TSNFhl1=ZSNAel16gSNIXl14mSNJSl16oSNHQl18QTNFnk1<TTN[ORl1f0RTNTOok1l0VTNmNlk1T1_11O101N1O2N2N2N2N2N2O1N10101N2O000O0100O2N2N1O2M3N3K4M3L5ROVQN?[o1I;Fh^[c2
20111124153054Bh_2,Wcjn13mo10O2O001O00001O000010O000001N100O2O001O1O1N101O1O010O001O010O01O010O000010O010O010O0001O01O01O00010O001O010O001O010O0010O100O1O1O100O00100O010O1000O01000000O2O1N101O1N010O100O1O010O010O10O0100O001O010O0000010O00010O00001O001O001O00000O1000O101O0O1000010O00001O1O01O01O001O010O001O001O010O001O0010O000010O000100O000100O01O01O0100O0100O001O010O001O1O001O001N101O1O001O001000O10O10O0100O100O100O100O2O0O10000O1O010O1O2MVZSd1
20111124153054Bh_3,oc^g11mo15L2O1N101O1O001O1N3N9G2O0O1O0010O0010O0010O0010O0001O0010O0001O10O0001O001O1N2O001O1O1O1O100O1O1O1O010O1O10O010O1000000O2O00100O00010O1000O010O10O00101N103M0O0000000000O10O10O10O1000O1000O2O010O1O3M010O1O1O1O1O1O00100O001O101O1N6I4M3N2M108I8G3NkM`RNg1Pn1OOO3N2L4M`0@2M2N6J5L0O1O1O1O1O000O2O000O10000O2N1OiUWo1
20111124153054Bh_4,\e\b15io17K8H1O1000100O010O2O0O1010O11O0O10O000O1O2N1O00000O1000000O01000O1000000000000001O=C2N3M3N001N0103L2N4L3N9F1O1O00001O00001O1O01O010O1O01O001O0O1O1N4L3KjViX2
20111124153054Bh_5,Phhk28ho11N3N1O001O1O001O000001O00000000001O010O010O10O10O100O100O010O1O1O1O1O3L`WmQ1
20111124153054Bh_6,jhT[13ko15L4K5L3M3M3N3M2N3N1N2O001O1O1O001001N6J1O2N1N2O1O2N1O0O2O1O0000001O1N1000000O10O10O1O001O001O001N100O10000O0100O10O10O010O010O01O001O1O100O011N101NkUU`2
20111124153054Bh_7,km`g23ko18J1O2N1000O1000O10O1000O10001O1N2O1O109F4L2O1O1O2jSNoNXi1X1]VNkNfi1V1QVNoNoi1Q1iUNVOYj1h0bUN]O^j1b0`UNA`j1?]UNDbj1<\UNGdj18YUNMfj13VUN2ij1NTUN6kj1JRUN9nj1HjTN`0Uk1AcTNf0\k1]OYTNl0gk1g1000000_TNPLQk1Q4kTNTLSk1_4O0101ZKfTNe4ck10GO2M1001N1OfKiTNk3Xk1nKPUNo3ak101N3N1N2O3M0O2[NlSNZOVl1;YTN@hk1;`TNgN]O5Vl1n0VUNPOQk1JdSN8a1Mim100O10O10O01O000001O00001O01O01O001O1N4KfjlR1
20111124153054Bh_8,_\_V25io15L3N1N3M4L6H5M3M2O1O2O2O01N1O1O1N2O1N2N1O`0@2N4L4Jablg1
20111128175514Mh_1,Z_ZS11lo16L2M3O1N101O1O001O0O101O1O1N2N3M3M2O2M2O001O100O0001O001O00010O1O1O10O010O01O1O1O1O1O2N1O001O1N2O001N2O0O2O00001O01O00010O001O1O10O0100O01000O0100001N101N010O010O010O1O100O1000000O100O10O1O010O10O0100O1_OiPN8Xo1DlPN;]o1O1000000O1O1O1O1O1N3Lo^_e2
20111128175514Mh_2,h_Zg24lo12N1O001O1O00001O0000000O2O00O1000O100O1O2M2O2M2O1M3N200O100O1000O0100O100O1O010O1O00100O10O100000000O100O100O2N1O1O1O101N100O100O101O000000000001O0O101O001O1O1O1O1O101O0O10O010O0010O00000000000000000000000000001O01O00000O10010O00000001O001O001O01O010O100O001O1O1O1N2O1N2O1M2O2O0O2O0O2N100O2L3O2N2NW`Yo0
20111128175514Mh_3,]aZc26ho14M3M7H6K3jNYOnRNj0ol1ZOmRNj0ol1ZOmRNk0nl1XOoRNl0nl1UOPSNn0nl1SOoRNP1Pm1QOjRNU1Tm1mNiRNU1Wm1k0O0O1000000O2O00fNnRNGPm17WSNEil19ZSNGel18^SNFbl17bSNI]l13hSNO8WOaj1i0YUN20ZOej1c0\UN5EAnj1:^UN6[OHVk11`UNa1`j1^N`UNb1`j1^NaUNb1_j1\NbUNd1_j1[NaUNf1_j1XNbUNh1_j1VNcUNj1^j1SNcUNm1_j1PNcUNP2`j1jMbUNV2ej1`M_UN_2Rl1N3L3N4jM\RNh1Rn1I7eNfQNg0]o1[O8F[\aY1
20111128175514Mh_4,X`nl15jo12N2N1O2N10000O2O00000000001N101O001O0O11O0000001O1O001O1O1O100O00100O100O010O010O10O10O010O10O01000O0100O010O010O10O10O10O10000000O1O100N2O2Ml^an1
20111128175514Mh_5,PbXY21mo15L3M2N2N1N2O1O0O1O1O2M2O1F^OUQNe0jn181N2M3N2N3N2M4K7BS_We1
20111128175514Mh_6,`cbY33lo12O1O1O10O01O1O00100O010O10000O010O10000O10001O0O10000001O001O0001O0O10O100O000010O00010O001O01O0001O0001O000O1000000000000001O000001O00000000001O000001O001O0000001O010O010O00010O0100O1O01O01O010O001O1O001O1O1O1N2OS[e?
20111128175514Mh_7,nc^Q37ho1n0SO2M3N1N3M3M2N4L5L2M3N1O2MfN`RN8^m1FfRN:Xm1DlRN?ol1@TSN?kl1@WSNa0gl1]O\SNc0cl1WOeSNh0Zl1WOhSNi0Wl1VOkSNk0Sl1UOoSNj0Pl1VOSTNh0lk1XOVTNg0ik1YOYTNf0fk1ZO[TNg0ck1YO_TNf0`k1ZObTNe0]k1[OeTNc0[k1]OfTNc0Yk1^OgTNb0Xk1^OjTNa0Uk1_OlTNa0Sk1@lTNa0Sk1_OnTNa0Qk1@oTNa0oj1@QUN`0nj1@SUN`0lj1AVUN=ij1D[UN7ej1I]UN6bj1KaUN1_j10dUNL\j15eUNH\j18fUNE[j1<e20O1O1O001O1O1O1O00000O1000001OO10000O1O101O001O010O100O3N1O0O1000O0100O10O10O1000000000O101O0O101O001N101O1O0O2O5lPNROln1U1M00010OO1N2O001N100O2O0O10000O1000000001O100O2N5J3N1O1O0002N7I3N0O1O1O1O2N3N0O10O100O03N3L000010O101N2N001O1O10O3N5KO10O1O3L2N1N4L^Wkc0
20111128175514Mh_8,gg^S35ko11O001O1O1N2O1O1O10O01O100O1O010O01001N100000001O1O0000010O00001000O010O101N010O1000O01000O01O0010O001O010O000010O0000000O2N1O2N2N2N2MRVYh0
20111128175514Mh_9,Zhbl24ko1<D5L4M2M2O1O1O1O1O10O001O2N6J1O00001000O01O1O1O0O2O0000000001O01O000001O00001O0000010O0001O1O00000000O2O0000000000O2O000O2O0O2O0O100O100O010O0010O010O010O0100O100O1O1O1O1O1O1NcTkm0
20111128175514Mh_10,ToXi24jo13K5L4O1O1O2O1N2O1O01O104K3NO00O100O002O0O1O1O1O001O1N3MWPmT1
20111128175514Mh_11,\UYX24lo11O2O0O100O100O00100O001O010O00100O10O01O010O00010O0010O1O001O1O001O1O1N2N2NSjXe1
20111208173814Mh_1,^]XP22mo12O1N100O2O1O00001O0010O00000000000O101O0001O000001O000001O00010O00010O0O101O001O0000001O01O01000001O2N1O2N1O2M3M10000O01O1O1N2O1N2O0O2O00010O000010O01O001O0010O00O10000100O1O1O0010O001O001O000000O2O0000O10000O10000001O00001O001O0O101O0O2N1O101N101O001O001O000000001O0000001O00001O001O10O00010O01O00000O2O000O100001O001O000O2OO01O0100O100O1O00100O01000000010O0O100O100000010O0001O00000O1O1O1O1O1O1001O01O010O10O0100O1O1O1O7I1O1009G1N100O2N100O2O0O1O1O1O1O1O0010O000000001O0O100O2O0000001N10000O101N110O010O10O10O01O00100O01O0100O01000O1000O010O0001O01O01O0001O001O1O1O010O1O010O01000000O010000O010O1O10000O10000001O1N100O100001O1O1O000010O3M3M3M1O1O1O1O0001O0O1O2O0O1O100O1O100O100000001O1O001O2N100O1O3N1N1O1O1O10O10O10O0010O0101N1000O10OO2O1N5FR][X1
20111208173814Mh_2,h]je22mo13N1O1O1O10O01O00010O0000O10O100O100O1O10001O001O00000O2O00000O2O001O1N101N101O00000000000000O1000O10O0O2O1O10000O101O0001O1O3M1O000001O00001O1O1O1000O010O010O1O010O100O2O000O1O010O10O100O1O100O1O100O1O100O10001O001N100O00O1O2N101O0001O100O101O00O100O001O1O1O1O1O5J3N1O2M2O1O2N2N2O1N2N2N2N1N2O2N1O1N3N2N3M4L2N1O1O1O2O\O`RNfNam1W1cRNhN]m1U1fRNkN[m1R1hRNmNXm1Q1jRNoNVm1Q1kRNnNUm1Q1lRNoNTm1Q1lRNoNTm1Q1lRNnNVm1P1jRNQOVm1o0iRNROWm1m0jRNROWm1n0hRNSOXm1m0fRNTO[m1l0dRNTO]m1m0aRNTO_m1n0^RNROcm1n0[RNTOem1m0WRNUOjm1`11O1O1O1O1O1N2O1O1N2N2N3N1N3M2N3M4I6L4M2N2N2M3L3M4N2N2Nf_Ym0
20111208173814Mh_3,fdl[12ko15L3N1N2N3M2O1O0N3J5O2N10000O01O001O1000001N1O1L40000001N10000O100mLZOlVNg0Ui1ZOiVNf0Wi1[OhVNe0Yi1\OeVNd0\i1\O`VNa0gi1_OTVNd0ni1]OPVNc0Qj1]OnUNc0Sj1]OlUNc0Uj1]OkUNb0Vj1^OjUNb0Uj1_OkUN?Wj1AiUN>Xj1BgUN>Zj1BeUN>\j1BcUN=_j1C`UN=aj1C^UN=cj1C[UN?dj1CYUN>hj1BVUN`0jj1ASUN`0nj1@PUNa0Qk1@lTNa0Uk1_OfTNd0\k1]O`TNe0`k1\O_TNd0bk1\O]TNd0dk1\OPTNDVOQ1kl1\OkSNP1Vl1POhSNQ1Yl1oNeSNQ1]l1POYSNX1hl1iNSSNZ1nl1gNnRN[1Tm1fNhRN\1Ym1d01O2N2N2N1O2N1N3N1O2N2N3M2N2N3L4H8K5K6J6I7KY_[^2
20111208173814Mh_4,oc``04_o11gPN2Wo11fPN1Yo1<O0010O0000100O1O1O1O100O1O01O01O010O01O010O0010O0100O2OO010O0000001O00001O000000001O00000000000000001O010O1O2O0O2O00O01000O101N2O2N2N0000O01001O0010O01O1O1O0000O0100O10O01O000010O000000001O01O000001N100O2O0O1O00100O1O1O010O100O100000000001O000001N100000001N1001O000O1O1M3L4O101N1O10000O10000O100O3MnZmU3
20111208173814Mh_5,jcTR1:fo13M101N2O1N100O1O100O10O01O00100O1O10O0100O1000O100O2O0O1O2O0O2N101N1O1O010O0010O010O01O0001O00010O010O0010O0001O010O001O010O100O100O10001N3N1N101N2kPNXOon1m0O1O01O001O1O001N1O2N2M9H2N2O001O01O01O00010O001O01O00010O1O001O10O01O01O1O010O010O01O0100O010O01O01O0100O010O10O1O001O100O1O1O1O1O100O1O1O`Yid2
20111208173814Mh_6,fdXb26io14M2O1O100O010000O0010O001N2O1O1O1O0O2O2N001O01O000O100O100O1O100O100O2O00O0101O000000001O01O01O02N1O6K2M1O0010O00001N101N100O2O0O100O1O10O10O01000O10000000001O1O00000001N11O001O1O1O1O01O00001O1O1O01O001O1N2O0O2O0O100O1N2NZWgV1
20111208173814Mh_7,Re`h24ko16K:G2N2O0O2O12L3N2N001O3L1O001O00O1000O10O10010O0O20O02O5J100O01O001O1000O1O103M4L1O20M3M2N3M7H4KnW[T1
20111208173814Mh_8,deX[21no12O1O1O1O010O1O010O1O2O0O1O100O00100O100000001O1O0002O00O1O001O100O1O00106I0101N1O002M101O0O2O0001O01O010O0010O100O010O001O01O010O010O1000O01N101O00001O00O20O000O100O1000O10001O1O001O1O1O1O1O010O001O000001N10O0100O1O100O100O001O10O01O1O001O010O010O010O00O1000001O0O101O010O1O010O010O00100O010O01O010N1M3O2O00001O1O001O0001O01O000O101O1N2O1O1O00jUmY1
20111208173814Mh_9,kPQ`24lo11N101N1000001N10000000000O100O2N1O100000000001O01O0000000O2O001O1O1]QNAcm1`0ZRNDdm1=ZRNEem1>WRNDgm1?VRNBjm1`0QRNCom1?kQNFTn1S101O001OO100O100O10000O2N100N3K4G:M3N2YOSQN8on1DXQN8Yo1O2N1O2M2Nanh[1
20111208173814Mh_10,oVUc25jo15K6J8H2N100O001O1O1N2O0O1O1O2N10O01M2O011O001O00O2N2N3N1O2O1O1O100O1O1O100O010000O1O01O1O001N2N3K4M4M3M4L]j^Y1
20111208173814Mh_11,c]Sb14ko13N1O001O001O0000000000000O100000001N10001N101O0O1000000O100O1O1O1O1O100O100000O010O1O1O1O010O1O1O00000000O2N10O2O001O1N101O0001N1000001N10001O00001O1N101N101N2M2L5N101N0000001001N101O001O00O100O0001N2O2O001O00001O0000000OM30010O2M2O1000O2I601O1O0O1000N3O001O0010O1O001O001O010O1000O10O10000O1O100O100O100O100O10000O100O0O2M200010O010000O01000O10000O100O1O10000O100O1O2MZfXR2
20111208173814Mh_12,ndea13jo13A1kPN2So1>0001O001O001N101O1N101O10O010001OO2O000O100O1O1O1O2N1N101CgPN0[o1NgPN0Zo1OgPN1Yo1OhPNOYo11gPNOYo11hPNNXo13hPNKYo15:O01O0010O000000000000000001O000000001O00O0100000O100000hPNLdn13]QNNbn12]QNObn12]QN0bn10\QN2dn1N[QN2fn1OXQN2hn1NWQN3in1NUQN3ln1NQQN4on1>01O1O001O0O1O2O0O100O1O1000O2O0O2N2N2N2O1N2O0O2N2O2N1O2N1O101N1O1O1O000O2N2McZRW2
20111216103234Ch_1,l[ng13mo11N101O0000001O00010O01O01O0000010N1000001O1O1O1O2M3M2O1N1000O1O0O101O1O010000000001O0001O0O1000O10000000100O10O1N100O010001O1O100O1O2O4K2N1O0001O00001O1O1N2O1O001N2O1O1O1O100000O3N1N1O10O1O1O2N10O0O2NAfPN:Zo1EhPN:Yo1DiPN;_o1O3H[c]Q2
20111216103234Ch_2,X_lV25ko12N2N100O10000O10O10O01O010O00001O01O9H0O10O001O0001O00000001O01O001O01O001O0O100O2O000010O1O00001O000001N101O0O10O1O1M3O001O0010O100O1O2M2N2N3L3N2O1O101O\`Wd1
20111216103234Ch_3,a`l`22lo14L3N2N1N2O1O100O100O10001O001O0O2M200O1O10O100O10000O0O10O101O1O1N101O100O1O101N10000001O001O1N2O1N100O2O000000000000000010O1O001O010O0001N101O001O100000O1O001O1O1O001O00O10000O11O00O10OI7I7J601OU`mX1
20111216103234Ch_4,PcnY13io1>C5K4L4M4]MA_UNc0^j1B\UNa0aj1KRUN:hj1KTUNCmNIlk1f0TUN_OXOHck1j0SUN]O^OH^k1k0dTNK1[OYk1k0`TNL<XOSk1m0\TNKf0YOlj1n0ZTNIm0[Ogj1R2]UNnMcj1n1aUNPNbj1l1aUNSNaj1i1bUNVN`j1f1cUNZN^j1a1fUN^N[j1m0\TNjN^19Xj1h0ZVNYOfi1c0^VN]Obi1=dVNB\i1<gVNCYi1<iVNDVi1:nVNDQi1;SWNCnh17YWNGgh17\WNIdh12aWNMZl10O01O001O1Nj[cc2
20111216103234Ch_5,cfh[21lo15M2N1O1O1O001O00000ROITRN8Xm1G[RN5;5Zm1IURN6a00el1GTSNi05@el1MRSNd08_Oel13nRN`0:_Ofl15mRN=<^Ogl1\1WSNeNhl1\1WSNdNil1]1VSNdNil1]1USNdNkl1^1SSNbNnl1_1oRNbNQm1`1kRNaNWm1R210001N100010O1O2N1O2NCPSNlMPm1Q2USNnMil1Q2ZSNnMfl1P2\SNPNdl1l1bSNRN^l1l1eSNRN\l1m1m0M2J5J6O1PObQN<an1DaQN8an1FbQN8`n1FcQN6`n1IbQN5_n1IdQN5^n1EhQN9Ro1M2N2NS\e`1
20111216103234Ch_6,hcXa03io1;G5K6J5M2N2O>B4L`0@2N2N4K5K2N3NfMkRNILl1Um1VN]SNi1]m110O4QNnQNi1Un1QOPRNLom10VRNOkm1L[RN2gm1CdRN<dn1L1O00O101fPNBmn1`0PQNDnn1?nPNCQo1g0N2O01O0O2M2J7K4M3O100001N20O0001O01O001O1M3MZYY[3
20111216103234Ch_7,mdPd1b0Zo16K4L5L3N2N2N]O[QNObn1IkQN4Tn1IWRN0im1M[RN2dm1L`RN3gn11O0000O100000O0100O10O10O01O010O01O0010O010O01O001O1NjYaY2
20111216103234Ch_8,iiVf02mo13N1O00100O2N0O2O1O0O2M2O1O1O01N1N3O100O00100O010O10O10O001O001O0010O10O2O00001O01O01O0100O10O10O102N1N2O001O01O2N01OO100000O0100O100000O1000O10000O1O1N5KbUmT3
20111216103234Ch_9,[Zed04lo11N2O2N1O1O010O1O1O1O1O1O1N2O00001O010O02N4L100O100O1O1O1O00001O000000010O000001O000000000O10O0100O0100000O10O010O01O001O11O002M4M2N1NWeRW3
20111216103234Ch_10,c\eb25jo12M3L<F4L4K3O1N2O1O1N2OUOYQN>en1AgQN6Wn1JoQN2Pn1NRRN2lm1MVRN2jm1MXRN3gm1L[RN4fm1G^RN8fn101N2O0O1N4L]bf[1
20111216174914Mh_1,j[Pl14jo14M1O2O1N101O1N2O1O1N2O0O100000O100O2N101N101O00001O0000001O00010O0000000001O0000100O2N2O8G2N1O1O0001O1O0O2N2AnPNLWo1M_d]P2
20111216174914Mh_2,Z`Rc22mo12O1N10001N1N2O1O2N1O2O1N2O1O1N2O1O0O2O0O100O100O100O100O1O10O0100O010O10O010O010O1O1O100O1000001O00001O0000001O00O10000O100O101O0000000O1010N1000000O101N1O100000O100010O01O001O10O01O1O1O101N10000O10[OZQNOfn1O\QN0dn10^QNObn1O`QN0`n1OcQN0]n1OdQN0\n10eQN0Zn10fQN0[n1OfQN1Yn1NhQN3Xn1LiQN4Vn1LjQN5Vn1JjQN7Vn1HkQN8nn110O010O100O10O0100O01000O010O1O010O010O010O0100O010O010O010O10O010O1O01O010O010O0010O1O010O10O010O01O010O010O1O0100O010O01O1O1O2MP^gQ1
20111216174914Mh_3,obX]14go1:G6J5SN\OXTNh0ek1]OWTNe0fk1@VTNb0Xk12dTNO[k15jSNRO0m0Ul13gSNd0Yl1a10N3G9K5L5K5L6I>D4J5I7UOk0M3J8Hd_Ua2
20111216174914Mh_4,bfX_25io13O0O1O001O1O0000001_MJWUN6hj1MVUN4ij1NTUN3lj1OWTNJ[O9\l10UTNJ\O8_l10_SNEL834cl10\SN?OAel12YSNa0M@il11WSN\1jl1l000100O100O100O100O1O1N2O001O1N1O2M3N2O1N2N3N2N2M5I6J6I6L4M2O2L3L4N2N2N3K5F_\S]1
20111216174914Mh_5,Uddc0?\o18K4N3M3M4N8I6L00N1N1N2N101N`0@:G03M2O1N00O1O000000O100O1000O001O001O0O101N10000O1000000000001O000O101N2N1O3M^YmX3
20111216174914Mh_6,aiRh04ko1101N1O2O0O10001N1000000000000000000000000000000000000O1000000O10O010O010O100O100O1000O0100O1000000000O1000010O001O00100O1O10000000000000O1000000O01000O01000O100000001O00001N2O0O1N5KhUUR3
20111216174914Mh_7,ZZQg0>ao1101N101O0001O000010O01O010O0010O00010O01O0010O01O001O0O2O000O2O0O2O1N2NZedV3
20111216174914Mh_8,i\ae25io15L3L3N3M2N2N2N2M3L3L4N2O01N1I8I8L3N3L4LncTY1
20111216174914Mh_9,QhQa13ko14L4L3M3J6K5L4L3N3N1O1O1O10O10000O2QO`QN<To1N2N1O1N2O1O01O00000010O0001O001O1O10O01O00010O01O1O1N101O1O1N2O1MhWf[2
20120107063134Lh_1,mXfk13lo18H4M2N2M3N2O0O1O10001001OO100O01O1O1O1N3N7H1N3M2NTfeR2
20120107063134Lh_2,i[Pi15jo12N2N2`PNLQo1d0N0O100O2M2O2M4M2M5L7H5H7WRNRNTm1W2iRNmMRm1X2kRNjMRm1d2M2N1O2N2O2N10PN[SNf0cl1SOPTNb0Pl1XOYTNe0fk1ZO^TNd0bk1[O`TNd0_k1\OmTN9Rk1GPUN9oj1ETUN;jj1DXUN=fj1B\UN`0bj1_OaUNe0Yj1ZOiUNh0Tj1WOPVNh0ni1WOTVNl0ii1ROYVNP1di1PO]VNKgMm0jk1WOaVNIhMP1fk1VOmVNj0Ri1UOPWNj0Pi1VOQWNi0nh1XOSWNg0mh1XOTWNh0lh1WOVWNh0jh1WOXWNh0hh1WOYWNh0ih1UOZWNi0Pl1N2L4M4M5K3M2O1N2O1NSbSS2
20120107063134Lh_3,b]PZ12ko15M2N2O1N2O1O0100O1O100O100000O100O1O01O01O0001O001O010001O000O100000001O001O00O010O10O1001O1O0O2O0O101O02N2N6K00O001N104L2N002M2N2Nc`ia2
20120107063134Lh_4,V^lh22mo13M2O6I2O1O1O1N2O1N100O10O1O1O100O1O2N100O2N101O00000000000001N1000000001O0O2O1O1O001O1O003MeaUT1
20120107063134Lh_5,T`R_1554Wo1<^RNA`k1a0ZTNEek1<WTNFjk1<RTNFok1;mSNFUl1;hSND[l1<cSNAel1<ZSNBjl1>SSNARm1?jRNAZm1l0URNTOom1\13M2N3M3F:M4L;E3L3M4L3Mb^]_2
20120107063134Lh_6,[cTV33lo12O1O1O1O0010O01O01O0001O01O01O0010O10O01O0100O010O010O1O010O10O010O0010O00001O001O0O10000O100O0N201O010O100001O0O101O1O0O2N2O1N2O0O2O001O100000O1O0100O1OS\od0
20120107063134Lh_7,Wi\>4h1OWl15^RNKg04el16`RNJi02al1;aRNGl00Tl1GVSNV1a0UOWl1ITSN`18iNal1i1XSN[Nfl1a2M4M2N3dSNhLhk1_3RTNeLjk1k3N2M2\OoKVUNU4gj1oKTUNT4kj1a0O2N1O2_OoJPVNS5ni1nJQVNT5mi1nJPVNU5ni1mJoUNU5Pj1?NhNVVN[Lji1U3UVNPL;f0_i1Y3QWNdLoh1[3UWNbLkh1]3ZWN^Lgh1a3_WNYLbh1f3bWNUL`h1k3j1000000O100000010O0\OWTNRMik1m2[TNoLfk1Q3c0VOaSNVN^l1h1iSNTNWl1h1PTNUNok1j1VTNTNhk1i1`TNSN_k1m1gTNmMYk1R2[1O10O0100WOXRN[Ogm1f0\RNWOdm1i0^RNTOcm1l0_RNQObm1o0`RNjNem1V1c0N101O0O2O0O10000O1002O00000O10O1N1O2H7N3O0O2O1O001O1O01O0010O01O00O2N1O101N2M201O001O010O10O10O010O1O001O00001O00001O01000O2N1NP\eY3
20120107063134Lh_8,ae\h16ho18I3N1gPN@Qo1a0jPNCVo1d01O2M1O1O001N101N2O1O1O00100000000010O0O1000000O11N101N10000O010O01O3M3M2O4K100O01O00000O100O2O0N2O1N2O1O1O1O100O100O100000000O100000010O0O2O001O0010O001O1O000001O1O1NVYQR2
20120107063134Lh_9,ai`]36ho12N3M2O1O001O1O0O1O10100O1000000O101N2O2M2N3N1N2N2N2M2O1O2O001O1O1O101N101O2N1O1O0dRN]NZl1d1dSN]N\l1d1aSN^N_l1d1^SN]Nal1e1]SN\Nbl1e1\SN]Ncl1c1]SNbN^l1_1aSNhNYl1W1gSNmNUl1T1iSNoNVl1R1gSNPOYl1Q1dSNQO\l1R1_SNoNbl1X20101O0O00001O1N3N1N01O001M3N2N8I5K3M1O3XMjRN`2_m1K4M2L3N1M4N4RNXRN\1]n1H7H7H6K4M3M4KZTm<
20120107063134Lh_10,cnbb01ko18G?E2M2O1K5L5M2N2O2N1OmNeQNc0[n1ZOkQNc0Tn1[OSRN`0kn1L2K5J6LZQW\3
20120107063134Lh_11,hoVi15ko14L3M1N2O2M1O2N2N2O2M3N1N2O1N2N2LZOYQN:cn1GaQN8Tn11nQN0om10SRN5gm1J[RN8bm1G`RN9^m1GeRN8Zm1GnRN2Qm1LUSN2jl1KZSN5el1J]SN6cl1FaSN;_l1AdSNa0[l1ZOiSNo0_m111O1N101N2N3M5K2N2M2N2M3MgnPT2
20120107063134Lh_12,bZck13ko13N2N3M5L3M2N1O1O00001O010O2N1VQNXOZn1j0cQNXO\n1h0cQNZO\n1g0bQN[O]n1g0`QN\O^n1U1N2N2N1O000O01O1O1O2N1O1O1O2O0O1N2O1O1O001O001J6N2N2O000011N2N1O2N2K4O1O2O00000O010O1O0000M20I7O11O2N101O1O1O1N2M3M3N2O1N2O1O2N1O1O1N2N3M2O1O1O2O0O1O010O010O010O1O1O1O2Mefjm1
20120107063134Lh_13,a\ki18fo14N2M4M2N1SRNAXl1`0cSND\l1?`SNBal1>]SNCcl1>[SNBgl1?VSNBkl1>SSNBol1?oRN@Um1?iRN@Zm1`0cRN@_m1b0^RN^Ocm1g0VRNYOnm1i0lQNXOUn1X11O2O0HdQNkN]n1T19N2O1O3nNSQNk0Uo1K9G4K7IUbVT2
20120111191454Bh_1,^\d^13lo12O001O000O2O001O1N3N1N101O0O100000010O0001O0O2O0O100O1O1O1O010O100O2O0O10O100000O1000O1000O10O10O1001O000001O0O100O2O01N2O1O001N101N100O1N1O2O1N2O100O1O1O10001N2^QNZOhm1h0SRNEbm1=[RNGbm1<[RNFcm1=ZRNDem1`0VRNCim1Z1O10000000O11N1O1O1OO1M3O10001O1O101O0O2O1O1O010O1O1O001O0010O01O1O1O01O010O01O01O010O1O2N7I1O0010O1O3N000001O1O1N100O01O1O10O01O00001O00001O1O010O01000O1O001O0O2N1O2N101N2N1O2N2N1O2N2O1N2N2O1N3N1N4M2N4L1O10O000000000O1000001O001O00001O000000001O01N101O1O1O001O000100O1O1O2N001O1O2N1N>C3M2M3N3M2N7I0100N3M2A?L4N1G:E;N1O2N100O01000O000O2M4MYbYQ2
20120111191454Bh_2,b\Pf25jo12N2O1O010000O001O1N10ZPNO^o10bPN1^o1NaPN3`o1M^PN4do1400`PNFYo1a000O010O1O1O1O1001O13MO1N1000O010O10O0100001O000O010O01O2N2N100O1O3N5NM2N1N4M2M3M2O0O001O0O2O1O1O0010O2O1N2N101O2N3NO00000O001O1O6K0O1O1O1O010O01O10O010O10O010000O10O100O010000O10O010O100O010O1000000O2O1N100000O0010O01001N2N2OO010O100O2O000000O103L100O1O1O1O2O2M2N2O0006K1N2N10O0101N4M000000000O0010O1O1O000001000O2N6J2N1O1O1O0100O;E2N2M3M2N2N1N2O1N2Nm\mm0
20120111191454Bh_3,U_hk04io18F7K6M6J2O1O4L30N001O03L1O00003M2OdNkQNj0hn1OO0001O2N3M1O1O2N1O0O011O1O000000O10O010O001O0010O200OO100O00100O1001O001N2O1O0002M2O0004M01O03M2O1NO1O1N3M2N4K3M\]_o2
20120111191454Bh_4,PaR^22mo12O00000000O0101N101O001O00000010O010O000001O00001O01O01O10O10O0100O00010O01O10000O100O0010O100O100001O1N101O2N2M1000O01O010O08I001O00001N101N2N2Mf]Y]1
20120111191454Bh_5,ccZk24io15M2N2O1O001O0010O010O01O1O102N000000O1000002N010O000000000O10000002N3M1O1O10000O01O10O10O3N0O010O100O10O000100O100O1O1O001001N2O1N001O1O0010O0O2N2N3L6IbYko0
20120111191454Bh_6,bhjQ22lo14L3N1F:L4WO\OoQNk0Pn1VOnQNl0om1XOnQNi0cl1POaTN9iNi0dl1QOaTN`1_k1bN_TN_1A]NSk14[UN`1@_NSk13[UN`1@_NSk12SUNJYOf1`0`NSk11PUNl1KUNSk12mTNn1MRN_j1EcUNc0Bo1:kM^j1FdUNZ3MRM]j1FdUNZ3MQM^j1FcUN\3LPM`j1EbUN[4\j1gK^UN^4aj1`001O000100O10OiM]UNSOcj1j0bUNZMK_1cj1<aUN^N6_OKg1]j1;eUN\N>Z1ki1HgUNeN44=a1fi1DdWN=[h1[OnWNTOkMm0Vj1MSXNoNRNo0ji11oXNNPg11YYNIdf16`YNH`f1DkUNMj3>Zf1DZZN:ee1FjZNJXe15jZNIVe17lZNFVe19X5001O000000O101O0010O01O010O010O100O1O010O10O10O01O10O010O010O10001O0000001O001O00001O000010O000000000001O001NS\ig1
20120111191454Bh_7,Rd`]22no15K1O1O100000000O101N100O2O00000O1000002N001O01O00000O2O2M1O1O1O1O010O0001O0001O010N101O0O2N1OmZ__1
20120111191454Bh_8,heP`24jo13O0O200O01O0100O0010O000000001N1000000000000000O100000O100000000000000000000000001O0001O00000000000O01000O1000O10000000O10O10O1O010O10O0100O0010O010O101N2N3L^ZoZ1
20120111191454Bh_9,af`[34ko12O001O001O001O001O010O0001000O100000O10O2N10O01O01O01O01O01O010000100OO2O20O0O01O1O0O10O0101N1O^X]a0
20120111191454Bh_10,df`e01no14L2O2O0O2N101O2N1O1O2N003M3iPNYOon1n00O0N1O1O2M2N3M2CRYoX3
20120111191454Bh_11,lkdV24ko13N3M2O0O3M?lPNZOPn1h0kQN]OTn1d0hQN_OWn1W1N2N10O1O0O2M3M2L5M3L3N3B?M2O1O000010O1O10O10O01000000O1O101N1O1000O010O01O1O10O001O1N2N101O0001O4M0O1O001O1O1O2MmRWe1
20120111191454Bh_12,^fic17ho13M2N2O0O100001O0O101O010O2O000O0001O0O10000O100O2O0O1O2M2M4N2N1000001O00010O01O001O010O1O1O01O0010O001O3M1O00000O2O002M2N101N1O10O10O1O2O0O1O2O1MZYbW2
20120115063134Lh_1,YZdi14jo14M3K4L4L3M4N1N3M2O1O100O1O1O1000O0100O0001N101O0000010000001O0O2O1O00010O0000010O00001O0000001O0000001O00001O0010O0001O0O101O0010O0100O010O101N1O100O10O01O010O2N100O100O00001O00000001O001O01O10O010O10O010O010000000O10000O2O00O1000O0100O001O000O1001N1O2O0O2N1O2MTeSn1
20120115063134Lh_2,k\lh13mo12N1O001O010O001N100O2O000010O1O001O0000001O00010O0100O100O10000000000000001O1O1O1O0O2N102M2O10O102N3L2N01O01O03M1O00O1O002M4IgaSS2
20120115063134Lh_3,[_Xn16io12EMfPN5Uo1?I6DVO^QNn0_n1:0100O01001O0O2O0O1O10000002N3M1O1N2O1O001O0010O1O10O0O1O2N1O1O001000O1000O1000000O100O00100O2N1N3N9G2N100O10000000O01000O10000O100O001O1O01O0010O01O1O010O1000O100O101O0O2O0100O002N1N2O0O10000000001O010O2N2M2O1N1Oj]ej1
20120115063134Lh_4,PnTd06ho14M2N1O1O0@GZQN:`n1N\QN3^n1k0K4\OhN`RNY1Ym1k0M3M2C>N2NQOTSNnNjl1Q1[SNnNbl1R1bSNlN[l1U1oSNcNok1]1VTN`N\k1BRTNo1g0\NTk1n1RUNPNlj1n1ZUNoMPj1KUUNW2o0kMji13SUNS2V1gMei1<PUNm1cl1YNYSNg0:VO^l1c1gSNUN[l1k1k02L5gHgMi`NZ2X_1gMc`N\2]_1fM]`N^2d_1dMR`Nb2Q`1^Mk_NW2lIgMZf13g_NV2h`1nMR_NQ2Qa1QNl^Nm1Wa1UNf^Ni1]a1XN_^Nh1da1ZNT^Nj1oa1UNo]Nl1Sb1TNj]Nm1Xb1RNg]No1Zb1PNd]Nb0TK1Yg1\Ob]Nc0XK]OC0dg10^]Nc0`KVOD4`g12Z]Nd0VLYOaf13m\Nn0dLnN_f16c\NS1PMeN_f18^\NT1UMcN]f1:o[ND\La1X1`N_f1;k[Na1hMRN_f1=f[Nb1mMoM_f1`0a[Nb1Tf1aNQYN@fMS2[i1^NkXNCbMT2di1ZNgXNV2[g1jMgVN\OV1j2Uh1jMbVN_OV1h2Yh1kM^VN@V1f2^h1kMXVNAOGn0n2Qi1hMnUN0n0X2Xi1dNcVN^1bi1^N[VNe1fi1ZNQVNn1Rj1QNjUNQ2Xj1oM^UNY2ej1_12O1N2N2O0O2O0UKUUN`4Yk1L3M3M3L3L4N2M3M4D=I6L9H3K4M3N1M4J6L4aNYRNa0lm1WO\RNd0jm1UO[RNh0`n1N2N1O2M2M4L4L6IhZUU3
20120115063134Lh_5,VcjT13lo14L2O00000001OO1O1O1O1O10O100000O1000O010O001O1O1O100O10000000010O010O0100O0100001O1N10O10O01O10O010O0001O10O01O0000010O0001O001O0100O0001O01O01O00001O01O00010O1O01O0010O0101N1000001O1O01O010N100O10O10O01000000O1000O0010O01O10O10O01O100O000000000000000000000001O00001N100O101O01O1O100O0100O0000000000001O001O0010000O100O100MV[o`2
20120115063134Lh_6,oc`f15jo13M3M;F3M1O1O2N2O1O002OUOQQNd0[o1J1O0O010O01O00010O1OCfPN5Zo1IjPN5Vo1IlPN6_o1100O10O01O01O00010O0100O102M100O0100O100O0010O01O10O0001O01O01O010O00010O01O01O2O000O0010O00010O001O001O00O2N4KSZ[T2
20120115063134Lh_7,\fXY34jo13N2L3N3N2N2N1O1O1O001N110O1O01O01O001N1001O1N3N2N3N2M3MVZmd0
20120115063134Lh_8,jiZZ36ho13N1O2N1O1N2N100O20O001O1O2O00000000O1N3N101N1000O02O1O2M2O2M>A3N2N1O2O0XSN^NRk1b1mTN`NQk1b1mTN_NSk1c1iTN_NVk1i1bTNXN]k1j1`TNYN[k1l1cTNTN\k1o1aTNSN^k1o1`TNRN_k1R2gSNeNYl1a2O10O0]MmSN[1Sl1dNPTNZ1ok1fNSTNY1mk1gNTTNX1kk1hNVTNX1jk1gNXTNX1hk1gNZTNX1fk1hN\TNV1dk1VNnSN2`0e1dk1XNnSN1?b1ik1ZNjSN3?`1jk1[NhSN3b0_1hk1[NhSN5d0]1Sl1bNQTNZ1Pl1eNSTNX1nk1gNUTNX1jk1eN\TNX1Xm1O00000001N100O10SO_QN;`n1BfQN;[n1AiQN?Xn1[OlQNe0hn12N010O00O1O1A_T[`0
20120115063134Lh_9,hn\^31no12N2O0O100O100O01000O2N100O1O100O100O0100O010000O010O100O1O1O1O1O1O10001N10000O2O000000000000O2O000O10001O001O0001O01O011N1O2M2O1O2M2O2M3M]QW=
20120115063134Lh_10,WX]`05jo12M2O1F9O2N2O2N2M4M3L3J6_Oa0M3N2N2N2O1N2N1N2N1O01O00H531@hMYSNY2el1jMYSNV2gl1c0N100OYN\SN5bl1EhSNEEAal1d0UTNF^OD\l1d0\TNDZOGVl1g0fTN]OVOKQl1j0oTNTOSO0nk1l0jUNPOVj1P1]2OOF<L3O1O1O2O1N2O2N3M3NdkX\3
20120115063134Lh_11,XXaR12mo14N1N2O0O100O101N10O010O010O100O1O0001O010O100O01000O01000O010O01O010O1O010O001O000000000O10O10O10O10O01O10O1O010O010O10O001O001000O0100000O1000000O2N101M^gbh2
20120218152654Bh_1,gYlT23lo13M2O1O1N10001O01O01O0000100O01000O010O100O1O1O1O1O1O1O10O0100000000O2O00000O10001OO1O1O2N1O1O010O1O001O100O001O010O1O0O3M2N[eUg1
20120218152654Bh_2,Y[bf12lo13O1O1O1O0001O01O01O010O0100O00100O2O001O0O102N001O000O2O000O2O1O001N2O1O0002N1O010O001O001N1000000O1000001N10000O100001O001O2M2N2O2N1O001O0001N4M0N2O1N101O1O2O1M4L]bWT2
20120218152654Bh_3,i^hn21mo14M2N1O1O2O0O2O1O1O001O1O1O001O001O1N101O001O0O10000000000000O101N100O10000O2O0O100000000001O0001O01O01O00010O00010O010O10O010O10O100O0100O010O010O010O01O1O1O1O5Ii`Sl0
20120218152654Bh_4,o_RX12no11O0000000000000O101O0O2O100O001O1O1O0010O010O0000100O001O1O010O00BKQQN5nn1MQQN3nn1OQQN2mn10QQN1on10oPN1Po1`0O1O2O0O1O2O000O100O010O100O1000O01O01N1O2N101O1O1O001O1O10O10O100O000N2O1O1000O20O0100000O101O01O01O0000001O001O001N1O2N1O2O0O2N101O2M2Ni`Ua2
20120218152654Bh_5,Radn01mo13O1N100O2O0O10000O100O2O0O100O1O100O2O0000010O0000001O000O1O1O1N101O001000O0100O1O010O01O001N101000O10000O1000O100O1O1O1O1000O010O2O000O101N101N1000O010O1O1O001O100O1O10O0100O10O10000000000000001O00000O2N100O1O2O0O10O0100O010O01O001O1O100O1O010O100O100O1O1O1O001N2O001O100O101N1O3M[`_h2
20120218152654Bh_6,^`Za11no1110O1O010O2OO10O101N10100O0O2O001O001N2O1N100O100O010O001O010O001nPNHHIP1`0bk1OcSN6>6ok1D]SNS2al1g0O01N1C^SN[Mdl1a2eSNWM^l1f2`0N2N2N2PNeRNX1]m1dNgRNZ1[m1cNiRNZ1Zm1cNhRNS1CkN^n1j0c0M4L2N2N2M6Jd]U[2
20120218152654Bh_7,Zenn14jo14N1N3N1O1N1000000001O0O10001N10000O10000010O0001O000000001O00000010O001O00001O0010O000001O01O00001O01O01O01O0010O010O010O01O10O0100O010O100O010O1O100O001O1O1N1000001O00000000O11O01O1O101N1O2O0O2O0O100O2N1N4LeY_j1
20120218152654Bh_8,fYkb22no1001O1O1O0010O01O01O010O001O010O01O001O001O100O010O01000O00100O010O10O010O0010O00010O01O0001O000O0010000O10000010O00000O10000000000O01000O10000O01000000O10000O01000O100O100000000O100000000000000O100O001O0100O10O0100000O1O1O001O000000O100O1O1001O0001O001O100O100O100000000O0100000O010O2N101N100O1O100OiffS1
20120218152654Bh_9,l[mT24ko13N001O1O001O2N1O5K3L4M4K4M3L2O1O0O2O01O001O2N2O1N1O1O1O1N2O1O001N2N2N101N101O0O101O0010O000001O0000001O000001OO101O0O1O2N2N3M^cRg1
20120218152654Bh_10,cfe_28go16_PNHon1f0N2O0O2N1O2O0O2M2L5M3M2O2O1O0100`NoQNP1bn1N8I000O1O1000O001N101O001N100O100O2N100O10000O10000000000O01000O1O1O1O1N2N200001O001O1O00001O0O1010N10000O100O101O00001O0000O2O00000000000000000O100000000000000O1000000O100O2F:N2N2N2N2O2M3N1O1O001O1O1O1O1O000O2O0O2NiX\X1
20120218152654Bh_11,]fUS24ko12O001O1O1O1N2O001O0O100000001O01O00001O00001O010O1O010O000010O01O010O0001O0010O00000000010O00000O1000000O10000000O1000001O0O10001O00000000O10O01O100O0010O0100000000010O010O01O010O010O00100O1O1O2MVYdf1
20120402105814Th_1,XcTi08eo15I7F:L4^Oa0M6K3N1N2OXNPRNa1Pn1ZNhRNT1Sn1O1O2N7J1M5L2N000O2N2N3M100O0100O001O1O000001O000O2O1O00001O01O1O1O1O2O0O1O01O001N101O0O1000O100O100O1O10000000000000000000O10O10O100O1O1O1O100000001O01O010O101O0O2O3L3N1O2N3M10O002N1N2O1O2N4K101N1000O10001OO010O2O001N100O1O1O01OO2OYZkn2
20120402105814Th_2,\c\X13lo12O001O0010O01O1O010O10O10O0010O00010O01O0100O0001O001O001O000000000O10O00100O010O10O0100O0100O10O100O010O1000000000O1000O01O1O1O100000000O10000000000100O00100O1O10000O0100O010O000010O010O0100O2O0000O2O1O3L1O0000001O010O001O001O1Nm[[`2
20120402105814Th_3,PTYR26ho14M1O1O000O0O2N2O11O2O0O2N1O100O0100O10000000000O01000000000001O0000000000O1000O010000O10000O11O0010O010O1O1O1O1O00001N11O00001000000000O0100O100O100O2N2N1O00000010dPNLjn15SQN5en1LWQN9hn1`000000001NE\QN[Odn1c0^QN]Obn1a0^QNAbn12YQNO51an1M]QN043ln1JWQN5[o101N1O001O1NcjZg1
20120402105814Th_4,aVeo03lo12N1O1O2N1O1O2N3M3L3N1O2M2O1O1OGTQN_Omn1><N2O001O00000000000001O01000O0100O100O100O1O2O0O2N1O100O2NYj\m2
20120402105814Th_5,kUWY23lo12O1O001O1O001O000000000000103L2N00100O000010O0010000O1O10O001O010004K2N1O1O1MdiXd1
20120402105814Th_6,R[iV33\o1d0J6K5J5K3O2L3M4N2N2NPOoQN5nm1HYRN8cm1EcRN;Zm1EiRN:Um1DoRN>ll1AXSNb0cl1]O_SNg0]l1XOdSNi0\l1TOfSNQ1bm12N1O1OiNmQNb0Rn1]ORRNa0nm1]OURNb0fn1N1O103L4M0O100O1O4M2L\clf0
20120402105814Th_7,ZZSR35ko11O1O100O010O001O001O1O001O1O010O0010O001N100O100O10000001O001O0O1O010O010O0100O1O100O10001O0O100000O0100O00100O1O2NfeVj0
20120402105814Th_8,X_km27fo13O1N1^KE`YN;_f1K\YN5df1MZYN3gf1MWYN3kf1NRYN3Pg1LcXNK`L:mj1LaXNa0`g1^O_XNc0ag1^O^XNb0cg1^O[XNc0fg1]OXXNd0hg1\OUXNh0kg1XOPXNl0Qh1SOkWNR1Uh1nNfWNW1Zh1hNdWN[1\h1eNaWN_1]h1bNaWN`1_h1_N_WNc1bh1]N[WNd1fh1^NUWNc1nh1]NPWNb1Ri1`N_VNKWNe1]k1`N[VNj1fi1WNXVNi1ji1WNUVNh1mi1XNRVNg1Pj1YNoUNe1Tj1ZNlUN>ZN;mk1WOgUN>`N6lk1\OaUN?gNNmk1CZUN?lN]OZl14hTN?nk1APTN>Sl1BUSNF0;Zm11aRNG36`m16VRNH81dm1:nQNJ:Lkm1^12L4F:L4N4L4L3M3K7@ddln0
20120402105814Th_9,P^ae29eo1;E6H:D8M2N2N3M2NhNZRN:dm1_OiRN<Um1DnRN=ol1BTSN>Wn11O01O2M101N3L4L2Nh`RY1
20120402164214Mh_1,\cbk05io14]Ob0N3N2N1010O101N2N4L5K2N1N100O1O100O1O010O10O01O01O01O0000010O001O00010O01O00010O01O0010O01O01O001O001O001O000O2O00000O2O0000O01000O0100000O100O100O1O100O1O100O100000010O01O100O100O100O2O2N4L1O1O001O000001O001O0O2N2O2N2M2N100000O100O010O100000O010O1O10O10O10O10000O010000000000O100000O10000O0100O1000000O1O001O2NmYaj2
20120402164214Mh_2,gSiU25io13N1O1O1O001N2O00100010O00100O0010O001O000000O100O100O100O101O000001O01O0000000010O00000001O01O0010O01O00100O010O10O010O010O100O0100O01000O01000O1_PNGZo1b0M10000O10O1O100O1O3M3M1O2M3L^kdd1
20120402164214Mh_3,ZVk\24go17M2M3L3O2O0O2O00001N100O100OK6L3O2O1O100O100O100O1O1O1O1O1000O0100000000O101N2NWjb`1
20120402164214Mh_4,jYmm23lo13N2M200O2O1O0O02O010O000O100O100O100O010O010O010O010O01O010O100O101N2O000O10O1000001N10O010000O1000O10000O10O10O1000001O000000010O101N2N010O00O2O1N101N4K5KocTm0
20120402164214Mh_5,nZY\18ho14L2N1O1O1O1N1000000O10000001O001O1O001O0000001O00000010O0000000000000O101O000000O10O100000O1O1O100O0100O00100O00001O0001O0O10001O010O00000010O0100O10O0100O001O010O010O10000000O100000000000O1000O01000O10000O10000O0100O001O100O100O100O1O001O010O100O2Nlej[2
20120402164214Mh_6,S\SX33mo11N2O1PO1lQN0nm18oQNJom19nQNIQn18kQNKVn15bQN3^n1M`QN5an1e01O3M3M001O001O1O5K3L=D2M3M2N2L_cXf0
20120402164214Mh_7,`][h22ko15M3M4L2N2N2N2M200O10000O01000O010O1000000001O00100O1O1O1N2N4BPcdU1
20120405130014Th_1,[_Vg14io17F:J5ZO[OhQNl0Pn1f0K6L2L?B5L;E3N1N_N`SNF]l15nSNGPl19UTNDik1:_TNC]k1NYUNOej1BaSNKV2`0Vj1EfSNHX2b0Qj1GgSND]2d0ji1H]VN:_i1EcVN=Zi1@iVNa0\l1O0O10000O2O10O0001001O0000O01OO10O11N100O1000O10O1O100O2N100000000O10000000000O10000O010O1O0100O1O2OO10001O01O00001O001O001O01O1O2N01O0O100O0100O3M2O000O010O001O010O001O01O000000000O1010O00000000000000O10000000O10O010000O10O100000O100000O10000O10O100O01000O10O10O1000O0100O01O100O100000O10000000000000000000000000000000O2O010O001O010O101O1OO1000001N10001O01O0001O000000O1000000000O1000O100O0010O10O1000000O101O2N001O00100O001000O00000O100O101O000O1000O1000O10000000O10O010O1O010O101O0O100001O0000011N1O1O4L2N1O3M104K2N00001O00001O01O001N2O0O1O1N1N3N2O102N00001O2N10O0010O1O001O1O00000000000O2O000O10O10O10O1O10O000010OO2O00100O01O1O1O1N2O1O2N1N10000O01O0G8101O001O1O0100O1N3M2O10O01O101N1O2MTXea1
20120405130014Th_2,a_To05jo12O1O001O1O1O100O00100O000001O0000001O00000010O001O100O0001O00000000O1O10001N10001O001O1N3N2N1O100O1N2J5N200O10O100O100O2O1N101N2O1N2O0O2O1O1O2N1O00000000O1O1N2O1O1O1000O1O1O1O1000000000000000O01O100O01O1O1O1O2N1000000010O1O1O010O0000001O0O1010O00001O001N1O2O0O10000000O010O00100O1001O2N1O1O01O00001O001O1O0O2O0O2O0O1O10001O000O10001N2O001O001O000001O0000010O01O010O100O1O100O1O10O10O01O10O1O100N4Lj_[d2
20120405130014Th_3,dToW35jo12N2O1O1O4L2M3O3L3M1O2O0O1O2N1O1O2N001O10O00001O1N2O1N1O2N2O1N3M2GhPNGZo179N3M3Lnjde0
20120405130014Th_4,X[gY24jo13N100O2O00001O0010O010O10O010O000000000001O00000000O10000000000000001O01O000001O001O0O2O00001O0001N1000O100O101O000001OO1O1O1O1O100O100O1O1O1N2N2000O0100000O101N102N5J2O1O0O1O1O2N2N2Mkd^`1
20120405130014Th_5,[^aP35jo12O2N101N4L2N1O10O0000001O000O10000O0100O00001O0O1O1O10000O100O0101O1N2N3K5L4MUbnl0
20120405130014Th_6,R`Yf12mo12N2O0O1000O01O1O1O1O1O10O01000O01000000000O1O1O1O0010O10000001O001OO2O0O100O10O10O01N1L3101O1N2O1N3N1O1O1O100O1O1O1O010O100O101N1O1N2O1N200O100O0010O000O2H7M4N2I7N2O100O2N2M^aVT2
20120405130014Th_7,S`gc13lo1101O1O1O1O1`PNHWo18ePNMYo1?O0O100O101O0O10O1O001O1O0O101N100O1N3M3M3Nb_\Z2
20120405130014Th_8,Wf[[11oo11N10O10O10O1O01O101N1O2N3N2M101O00000001O0001O01O01O0000O1000001O01O0O1000000000O010O10O010O00010O0001000O1O1N2M3N2O0001N1M4N101O0010000O10O10O1000O01O001O1O1O2N2NeZ^_2
20120512063234Lh_1,cgPm22jo16K?B<E6I7J2N1N2O1OhNQRN`0om1^OeRNO]m1O[ZUR1
20120512063234Lh_2,oh`S39eo13O0O2O1N4M1O2M3J5D<O1O1O100002N4L5K`0@0001O1O0000O10000O1000000100O0000001O00001N10O101O100O1O0000000102N000O2N3M4L1O3MROUQNn0mn1O1O5J7H6IRT[h0
20120512063234Lh_3,ekP_24lo12N1O1O1O10000000001O1N10000000O1O10O01O10O010O010O10O1000O00100O10001N3N7H1O1O1000O102L8H4JWSQ^1
20120512063234Lh_4,jXWR15Zo12mPN7kn1a0M2O1N2M20OK4N4M200K4JM541M2002O010O1ON2^OiQN[OZn1b0c0L4L4N2O10O110O0000000O1O1O100O2O0O2M2O2N1O10000100O4M3L2O1O1O1N101O1O001O1O00O2O0O100O101O0000001N010O00010O001O001O10O000000O2K4O10O1N2K5M210000O11O0O10001N101N2O1O2N1000000O100O1O1N2O2Nek\f2
20120512063234Lh_5,X[ii06ho15L3L4G7N2O0O2K4M21J15L40O101O1O1O001N2I6N2010O00001OO2O1O1O1N2L6H[fRT3
20120512063234Lh_6,gZYc03lo14M5K3M4M002O2N05J1O01kQNDdl1;XSNKgl14WSN0gl10WSN8cl1H[SN=cl1B\SNa0bl1_O]SNe0`l1\O^SNf0bl1_OWSNb0jl1@QSNb0ol1@fRNi0Zm1o01WOaRNPO^m1l0iRNQOWm1l0oRNQOQm1l0RSN[Okl1>WSNBll19VSN^O[OH`m1g0WSN_O]OF_m1i0USN@Vm1=lRNCUm1;kRNEWm18jRNIVm16jRNKXm11hRN1`m1EaRN<bn11O00O2O2N2M2NaanY3
20120512063234Lh_7,i^]j14ko13N1N4L7J4K3N1N1O1O1O000O2O010O100001O1O001N2O1O01O001O0000O100O1O1O1O1O10000000O101O000001O3L2O1OO1O001O10O100O01000O01O1N1O2O0L5L5M2O1O1O001N2M2I8F901O11N7J2N>A2M3M2O1O0O2N2O1O00000000O101O0000I7N2O00O2N2O100O2O000O101O1O1O0CZOaQNg0^n1\O]QNf0dn192N3M2N2N3M2O1O1O101N1N3L5Jdc^m1
20120512063234Lh_8,l]el25jo12N3N1N2O1N2N6J3I6L4J6M2O2E;L4M3M6J5L2O1O12N6eNWRNYO48jm18WRNZO3>Vo1O1N100O101O000O10O01O1O1O1O1O010O10O0001O002M2Oi`XP1
20120512063234Lh_9,`^WY25io13N2O00001O01O010O10O1O001O01O000000000000O1000O100000001O0O100O10O100O1O1M2O2N2O0000O101M200001O001OO2N10100O1001N001O1O1O1O100O01O1M3M201O1O01O1O0N2N201O00000L4O1100O1O1O2O1O1O1O1O00O010O1O0010O010O0001O001O01O10O010000001O0000O100O1O1N2O1O1001O001O1O01O000O1O1000O1001O0001O00001O101N1O2N001O0001O1O2M2O0O101N101N2Mnbh\1
20120512063234Lh_10,b_cc24jo14M5L2M2O1O01O1000000O010O001O0O100O10O01O01O00001O01O001N100O10O2O100O0100O1N2O2Lk`hY1
20120512063234Lh_11,n`Q_25jo11O1O1O101O1N3N100O1O1O1O1O1000O001O00000O101O3L2O000O10000O100O101N101Nm^d^1
20120512063234Lh_12,^fQS27go13aPNIRo1:kPNGTo1;jPNFWo1`02O3M1O1O10O0000010O00000O2O00001O0001O001O10O100O2N2O0O10O001N3N1O1O1000O1O100O001O8H1000O001O1N2M2N2N2N2O100O100000001O01O001O100O1000O010O01O001N2gPNAon1?PQNCnn1?oPNCQo1f0O101O0000O101N010O100000002O0N2O1O001N8I2N1O2N1O1O01O00001O00010O01O001N10000O2N2NQXXe1
20120528063154Uh_1,[aPX22no11O1O100O00000O100O101O00001O001O2N101N1O1O1O1O1N2O0O2O1N2O1O001O1O001O1O00010O10O10005J10000O001O101N1O2N101N2N10O010O01O0010O01O010O00010O01O1O00010O000001O0001O000000001O001O1O100O11N101O2N0O100O2O0O100O1O1O2NQ]Ya1
20120528063154Uh_2,]dho1;ao16N1N2O2O0O2O000O10001O001O000101O0O2O3M1N11N2OO1]OkPN7ao1O000O1O1O2NTZWn1
20120528063154Uh_3,bi`U38ho12O00001O000O1000O10O100O1O1O2O0O2N2O1OO101N101N1O1O1O1O100O10O100O2O1O01O000O1O1O1O1N2O1NYUcg0
20120528063154Uh_4,lTUf03lo12O1N2O001O000O101N100O1H9N100O10000O10O1000O2O0O010000O010O1N3N1O1O1O2M2O1O2N101O000100O010O1O1000000000000000O100O010O100O10O01000001O01O0010O000O101N1O100O2N_jhT3
20120528063154Uh_5,V\mV25fo15M2O001K5J7M2O1L4G7N300O0011M3O1M3N2O1O1N2L3O20O1O1N2N1O0M3O3N2N2O1O100O0O002000WORRN_OPn1`0h001O00001O00000001O00001N1001O0001O0000000010O0000000000010O01O01O1N1O2O00000010O00010O0001O000010O01O00010O01O01O010O10O10O100O010O10O10O10O10O01O10O10O01O10O001O1O001O1O00010O01O001O10O0010O01O100O00100O01O0O100000010O2N3Ldi\_1
20120528063154Uh_6,W[Y`24jo13M2N3N1N2O0O2N00O101OO2O1N100001O0001O0001O10O00100000O010O1O01O00000010001O01N101N2O001O100O1O010O010O100O01000O100O00100O10O100O010000000O01000000O100000000O1000O100000O10000000000O10000O1O2NUgbY1
20120528063154Uh_7,a^W^14ko12O2M2O1O1O10001N2N2O0O0001O00000001O01O001O001O010O1O10O01O1O001O1O001O010O0000000000000001O0O101N101O0O2O000OO2M2010O00010000O01O1O2N1N1O101N0001O10O01O010O01N2N2O2N1O2O0000O1L5N2N1O2O001N2N2O0001O0001O000100O010O10O1O100O100O1000000000000000000001O001O1O001O001O1O00100O04M2M1O100O1O1O2M[bdX2
20120606063154Uh_1,Xkj^1d0Yo16J6I7J6K3K6J5M3M2NROVRNKgm13`RNK]m15gRNJVm17mRNGRm18TSNEjl1;]SN@al1`0bSN^O^l1a0eSN^OZl1`0iSN@Ul1=PTNBPl1=RTNCmk1<UTNDik1<XTNDgk1<[TNDbk1>_TNA^k1a0cTN_OZk1d0gTN\OUk1f0lTNZOQk1h0QUNWOkj1m0UUNSOjj1m0WUNSOgj1n0[UNPOej1P1\UNPOcj1P1_UNoN`j1P1cUNnN]j1R1Y2N1N1O3M2N2N3N2N2O1O1O1O1O101N1OVNCSTN=lk1MkSN2Wl1NhSN2Xl1OfSN2[l1NdSN2\l1NdSN3\l1MbSN4_l1L`SN4`l1M_SN4al1L^SN5bl1K]SN6bl1K]SN5dl1L[SN4el1LZSN5fl1LXSN4il1MVSN3kl1LTSN5ll1KSSN5nl1KQSN5Qm1JoRN5Rm1JnRN6Sm1JlRN6Um1IlRN6Um1JjRN6Wm1IjRN6Wm1IiRN7Wm1IiRN7Xm1IgRN6Zm1JfRN6[m1JdRN6]m1JbRN6_m1J`RN6am1J^RN6bm1K\RN6fm1JXRN6im1KTRN6mm1JRRN6om1JoQN7Rn1IlQN8Un1IhQN8Yn1IdQN7_n1J\QN7fn1=6I6M3M4J:B`WmZ2
20120606063154Uh_2,om`g02mo12N2O0O10000O10000O10001N1000000001O0000000000O10O10O10O01O0010O01000O10O0100O001O01O010O10O100O001N2O2N1NcRSU3
20120606063154Uh_3,RXmn27bo18K6M2N2O1N3N1N2O0O100O2O0O010O1O01N2O00100O1O100O1O001N2N2O10000O10010O0001O1000O101N2N3M2N1O0O3M2LVhlm0
20120606063154Uh_4,R^]P12lo14M2N2O1N3N1O1O1O001O0O1000000O10O01O001_OEYQN>gn1=O2L301O010O10O1O1O2O0O1O2N101M2N3L4L3N3N2N2N7I5Kbbdl2
20120622063154Uh_1,d]hd24ho16M3N1N2O2N1N2N2O001N1000O1O1O1J7N101O0O2O000O101N100001O0O100O2O0000001O010O0100O01000O01O00001N1O100O100EBSQN?ln1DRQN=mn1EPQN<Po1;O0010O000010O00010O0010O010O001O001O001O001N10001O001O00001O000O100000000000001O01O01O00000O10O10O0100000000O0100O10O1000O01000O10O10000O100O1000001O010O010O3N1N2N1000O001O1O0O1000O1O1O100O1000000O2OO1O1O1N2O1O1O1O2N100O101O001O00001000O010000O010O01N1O2M2O101N2O000000EnPNHRo17PQNHQo17QQNGon1:RQNCon1=:01O000000010O01000000O10O1O1N2O1O1N2O1NUbem0
20120622063154Uh_2,]^bR33ko15^OMnPN<jn1a0M2N1O1O1O1O00000000O1O1N2L4O2M2O1O1O1O0O2O100O10O101N100O1O2N10000000O2N2M2O2O2O0O100O010O0010O0000O2O0O1O2N101O010O100O1O010O1O2MgaSi0
20120622063154Uh_3,mchb0;co13N200O01O100O1000O1000000O10010O100bPNAYo1d0O1O00O101O1O2N3M2N01O00000O10O100O10O01000O010O100O010O010O001O1O001O1O1O1O1O1O001O000000O1O2N1O2O1N2O1O1O001O1O0010O0010O01O01O001O01O0001N2MYZaW3
20120622063154Uh_4,genk12lo13K5K4L4O1O1O1O0010O001K4O2O01O001N1@B^QN`0an1DUQNc0kn19O1001O001N11O00000001O1O100O1000O1O10O01O00010O001O001O10O01O0000O1O1M3M3N2O1O100O100000001O1O1O1O1O2N10O010O010O001O001O00100O010O0100O01000O010O010O01O10O00100O1000O0100O101N1000O10O10O101O0O10O10000O1O100O0001O001O001O001O010O010O10O10O00100O1O1O1O2N100O1O001O001O001O100O010O101N1O001O10O01O1O1O1O2N1O001O0001N1L5M3N1O2N101N101O1O0010O0100O010O1O1O001O100O001O10O01O001O1O2N2N3M2M3MiXcf1
20120622063154Uh_5,mhne19go14L4M4L2N101N1012M1:D2O00O3N0O20O1OO10:F2N0O01000O100O0100O1O1O001O2N1O2O00O3M2O0O000010O1O2N5K2N1OO10001N2O2M4L4I6JbS[V2
20120622063154Uh_6,amZj13mo12N2N1O2N10O01O0000000O100O100O1O100O010000O1000000O100O2N1N2O101O00001N2O1N_RWS2
20120622063154Uh_7,PYeV34ko13M2N2O001O0O2O1O1O2N5K2N1O10O100O1O10N100O10O01O1O0N3O1O000dNTOeSNl0[l1WOlRN6Ja0]m1[OfRN7H`0bm1\OcRNX1^m1jN_RNV1am1lN]RNU1cm1mNZRNS1fm1d0O001N1M20O[NgMhUNX2Xj1nMcUNR2]j1QN`UNn1bj1TN[UNl1ej1VNXUNk1ij1VNRUNm1nj1VNlTNl1Uk1WNhTNh1Xk1[NeTNd1]k1^NaTNb1^k1bN_TN]1bk1hNXTNS1mk1ROmSNo0Tl1^1OFjSNlLVl1Q3>O0O20O01N2O2O0N3N1O2O100O000OO10001O1O1OGVSN_Mil1_2<L4O11M3N2O1N_OnRNYNnl1j1VSNSNjl1m1XSNPNjl1o1ZSNjMil1V2a0O1N101O0L5K401O00G:N2O1O01G8000O1M12O2M2N3O2O0O1N3L3O001O1O001O1O1N3N100O100O001O1O010O1O10O01O1O1N1K40N1OCoPN0Ro10SQNHYn1OVRN8Tn1LiQN4Xn1NfQN1Zn11dQNN^n13ZQN3fn1c01O0[OVQN2nn1LVQN0kn10XQNMin12[QNIfn18a0O01O001N200O11B`PN:fo1M1O2N[od>
20120622063154Uh_8,Z\if12mo12O1O1N2O1O1O1O1O1O001O001O1O00100O001O1O10O0100O10O01001O2M5L0000O2N102M3M2O1N4L2O2M7J1N9G1O1O00POdQN<]n1ZOPRNb0Pn1]OWRN>im1A[RN;fm1C]RN;em1A^RN?dn1M2N1O1O2N1O100O10O01O1O1O^anT2
20120707070914Th_1,nbhV16io12N2O2N0010O101O00O1O100O1O10000000O100000O0100O100O1001N1aPNITo1b0O01O0O2N2O0O101O001N2O1O1N101O0O100O1O10O01000O10O010O1O101M[\]e2
20120707070914Th_2,Qib\15io14M2O1N2HEhPN=Uo1901O1O1O3M0O2O4L1O0000003NO4MO0101N2O0O2N2N2N1N101N2N2N2N1O1O100O2M2N1O2N2MdUe`2
20120707070914Th_3,aVia03lo12N2O000O010000000O10O01000O010O010O01000O10O10000000000O1000000000000000001O010O1O100001N100O1N2O1N`iP[3
20120707070914Th_4,nZYc13lo12N2O0O101N100O0100000O0100O1000O10O1000O100O10000O10010O01O0O0100O100O010000O100O010O10O010O10O10O100O002N101N101O1O1O2N0000000001O0001O0000000O10HhPNHXo17kPNFVo198010O10O100000O10000O1O1O1O01O100O10000000O00100O00100O1O10O1O100O1O10000O1O001O1000O100O001O10O010O001O10O10O01O10001N1000O1O001O010O001O001O00010O01O001O1O1O100O1O1O1M2O100O2N110O1O010O01O2O0O1O100O10000000O11O000O10000O100O1O100O1000O101O001N100O100O10O010O10O02O000O10000O10000O10001O00000001N110O0100O1O00000O1O1000000O20OO01000O010N2O0010000O0100O010O10O0100O1O2O000O100O100O1O1O1O010O01O1GfPNK\o139O2N2MggXk1
20120707070914Th_5,oXae03lo12N3N1O2O2N01001O0O1O00100O01O0O2O00000O100O010O1O1O00001O000000001O00000000O100000000O100O010O00001O000O2O00000000O011N2O3Lgf`V3
20120707070914Th_6,Zdgd16go1=E8H2O1O01O001O1O01O01O001O1N2N1O2N100000O100O100O1O1O1N2I601O1O01O0N4N1O3M2YOlPN?\o1N10O1LAfPN`0Zo130O100O1O10O110O000000000000O1000O1O010O010O1N3N1N3N2N1O1O01N1010O10O0100O001O1O10000O1000001N100O1O010O001O1M4N1O1O100O10001O00000O1O00100O100O1001O00000O2N1O1O1O1O2O0O01O0001O100O2N2O0O1O0001OO1O101O010O010O010O010000O010O1O1O2O1N2O1O001N10000O1000O2O000000000001O1O1O1O00000O1O001N3O1O1O2O0O1O1N101N100O1O0010N1@`0O2N1000K6O1O10000O0WObNRSN^1ml1eNQSN[1ol1fNPSNZ1Pm1hNnRNX1Sm1hNkRNY1Vm1gNiRNY1Wm1hNgRNX1Zm1jNbRNV1`m1lNZRNV1gm1a01O1O1000000000O01O000000O20O100O2N01O0M4O001O1O100O101O0010O001O0O10O10N1M3O2N100O10O1K5O101O000AmMRSNS2kl1UNnRNm1Rm1`00000O1B[MaSNg2^l1=010O100O2N1N2M3M2N3O001O000O2M2O101O001O00O1O1O0101O010O001O1O1N101O1N2_OhRNWN\m1g1?O2M2N2M3N1O002O010O101O1O1N2jN[QNn0mn1_OVQNIjn16YQNGin17ZQNGgn16\QNJdn15]QNKdn13^QNLdn11]QNO[o1O1Nl`Rf1
20120707070914Th_7,Uagh05io13M2O1L4L5M101O000O01K5L40001O10O0O1O100_NNUSN2il14SSNMnl14nRNMTm15hRNKZm1=RRNMRn1n04L4K5L4K4L6I6Ke`TU3
20120707070914Th_8,YgkQ25jo12M4J7L3M3N010O1000001O1N100O10O01O1O1O1O100O10O100O2O0O1000O10O010O0010O02N3M2M2O1O1O1O01O0O10000O010001O001O1N4M2N1O01O001O001O000000000001O000O100000O1O2N100O101O000O2O001N100O1000000000O1000000O10001N100001O00001O0000000O1O1N2O1O010O1000O101O1O100O1O1O1O000000000000000001O000000000O100O101N1001N10001N1001O0O100O100000O10001O0O2O001O000001O001O000O10O0101N1O10000O1L4O1N2K5O1O100O1J60000010O1N3N1O0O10000O101O1N2O1O1O001O2N1N2O0O2O0O10000000001O1O1O01O001N2O1N101O0O2N1M3O1O100O2N100O10000O2O0O100O1O100001O1O102M2O1N4L<D2AePN5do1N1O1OcW\]1
20120710063134Lh_1,RdhW11mo14M2O00000O100O0O2O1O1O1000000O101O000O2O0O2O0O101N1O101O0O2O000001O0000001O0O2N10001N10001O001O001O0000001N100000001O01O01O0100O101N2N0100O1O1N2O2N1O1O2M3Lh[Yc2
20120710063134Lh_2,fhng04go18I7K=D3L3M3M3J5M3N3N1OTOmQNMnm14YRNHfm18^RNF`m1;cRNB]m1;mRN^ORm1`0V12I701O010O1O0001K400O10001O0001O01O1N2O1N101N2O1O1O1N1010O010O1O10O01O100O010O1000O01000O1O1O1O1O10000O11O00001O1O0O2O1O00000010O00001O0001O000000O101O0O2O1N1O2O0O2O0010O100O010O10000O01000000000O10O0000001O001N2O1N3LPYSP3
20120710063134Lh_3,hffd23lo12O1O001O000001O00000001O001O001O010O1N2O1N2O1O1O000O10O1O100O1000000O100O2O0O100O0100000O1000001N2O2LXYQX1
20120710063134Lh_4,`gfo04ko12N2M20100O1000000000001O1N100O1O010O01O001O000010O0100O100000000000000000O2N100O001O0001O00100O1001O000000001O001O2N1O000O10O1000O0100O1O10O0001O001O10O01O0010O000001O01O1O101N2O2M3N01N1O1N101N1L4O1010O1O100O3M2O1N1O100O01001O2N00O3N1O1O0003NO1O3M4L1N101N101N2N1O2O0O001O000O2OWUag2
20120710063134Lh_5,mk^j1d0Yo16J7J5K7G>_Od0B2N3M6J5LhMWSN[1gl1cN]SNf1Wl1ZNlSNf1Rl1YNUTNb1ik1^NYTNb1fk1^N[TNOEb0ok1^O]TNINg0ck1@aTNE1j0]k1AbTND3k0Zk1@eTNB5k0Wk1WOgSN4`29ii1CjSN0`29ii1FcVN8^i1HcVN5_i1KbVN2`i1NbVNMai13V300000000001O000001O010O01O01N10mTiR2
20120710063134Lh_6,k`mc12lo14M2O3L3M2N001O1O000O10O0N21I7M2K6O1O100O1N2O010O01C=M3O101M2O100000O1O1OO1O2O100O1O2N101O0O1O2O0000000000001O001O001O10O10O101NhaPX2
20120710063134Lh_7,Sc_`12mo1101O1O010O000010O01O001O000O2O00000O101O00000O10O100000000000O10000000000O10O01N2O0O101O1O001O2N100O1000000000O010N2N2N2N10100O101N1K6M`]V[2
20120710063134Lh_8,Yeko16io1:G1O0O2O1O010O000010O0000001O0001O010O0100O0010O01O100O2O0O001O001O1O0000000000O101O000001O0001O01O01O001O2N1O1O1O00O1O1O1O1O100O10O2O001N2O0O1000000O1000O0100O010001O1N2O0FcPN0_o1MdPN1fo101N2NPZ\j1
20120730072014Th_1,jbbj23lo12N2POMPRN4nm10nQN2Qn10\QNI;8nm1JhQN`06GPn1Z1O10O01O0100O100N2N2N2N2O1]OaQND`n1;cQNC]n1<fQNAZn1=jQNAVn1?lQN@Rn1b0oQN\OQn1e0d00100000000O1EjPNLVo13lPNLUo13kPNMUo13lPNKUo15kPNJVo15;O1N3N2Mo^gR1
20120730072014Th_2,We`Y2`0]o14M2N2L4N1000J6K3101O1N2O1M4O01L4H9M8Fg[We1
20120730072014Th_3,Ri^o04lo10O10O1000O1000001O00001O0000000O100O1O10O100O010O010O0001O01O0010O00100O1O00100O10O10O0100O100001O000000O01000O10O10000001O001O000000000000000000000000000001O000010O01000O00100O010O000010O01O10O01O0010O001O010O00100O1000O0101O1O1O1bPNHPo1n0G:G0OO2M2N3K9@hVgh2
20120730072014Th_4,Slle12no11N2O0O2O001O001O001O001O001O00000O01000O01O100O1001O001O000O010O01000O10000O100O001O10O1O1O1O100O100O010O100O10O1000O10000O10O10001O00O010O10O10O10000O01O0100O01000O100O10000O100O10O10O10001NaTQT2
20120730072014Th_5,QRo[23lo11O2O0O100O2O0^OKXQN6hn1KUQN7jn1KTQN6ln1NoPN4Po1>01O0O2N1N2O1000000000000000001O1O0O2O2N10O0000000G\QNVOdn1i0^QNUOdn1i0^QNVOcn1h0;O1K5O010000O100001N1000000O10000001O00000001O000O100O100KdPNE\o1;50O101O0010O01O00000000O010O10O01000O10O010O01FDmPN`0Ro1701O00000001N100O2O0_OkPN6Wo1HkPN7Vo1GkPN9^o1O1O1N2N2O1O1O2Nlnh\1
20120730072014Th_6,RUgh12mo12N2O001N2O00001O010N2O1N2M4N1N2N1O2N101O0O10001N1O2O1N2N2N2N3ZQNhN`n1_1M2N1O1O1O1jQN[NPn1j1000O2O00001O0000O2O1O1N2O1N2OWOZRN[Odm1a0bRN^O\m1>jRN@Vm1?mRN@Rm1`0QSN]Ool1d0SSNYOnl1f0TSNXOll1i0TSNVOll1m0RSNROol1n0QSNROol1n0QSNROol1m0RSNSOml1m0TSNSOll1l0USNSOkl1m0WSNROhl1n0YSNQOgl1P1T1100WRNmNdl1T1kRN]OTm1d0gRN@Ym1a0bRNC^m1?]RNCem1\1000O1O010O001O001O001O001N1O2L3O2N3O0000O0101O4K4aNbQNU1m4QO_d1o0U[N^Ojd1b0R[NAod1a0iZNEYe1:iVNkNX3P1Rf12eVNPOo2KlLW1_i1OcVNROm2Y1af1E_VNTOn2Y1hf1MVYN4mf1IQYND]MXOci1S1oXNBdMYO_i1T1fXNERNSOZi1W1bXNE`h18]WNIgh15VWNLmh13PWNKUi15iVNJZi16dVNJ_i1UO_TNf0Q25mi1IRVN6Sj1GkUN9Xj1FgUN9[j1GdUN7_j1J^UN4fj1MUUN3oj1MoTN3Rk1OkTNOXk12gTNK\k16bTNJ_k17^TNKck14\TNLfk14XTNKkk15QTNLSl13kSNKYl16dSNK^l16\SNKgl1<kRNIXm18]RNOfm1S12M3L3M3O1L5L4J6O1N101O2N1TO\QN:in1@\QN7GH_o13Vhbm1
20120730072014Th_7,dZ[`13mo17I7J3iRN_Oij1c0PUNAQk1a0iTNAXk1d0^TN@dk1m0dSNjNXO;Xm1m0jRNkN3`0Wm1j16I6K6J4K8H:E:G4L6C=Dfc\^2
20120730072014Th_8,Tagb22lo14M1H8O2N10001O5K10O001O2N1O1O001O00000000O1M3N101O2N1N3N1N2O1O0001O1O1O1O1O1O1O01O00010O1EXO]QNi0an1ZO^QNg0an1YO^QNi0`n1XO`QNi0^n1YO`QNi08QOhm1]1URNfNim1\1URNfNjm1h10ZNSRNY1mm1fNURNX1km1iNWRNU1im1jN\RNR1dm1nN]RNQ1bm1oN_RNQ1am1oN_RNQ1`m1QO`RNm0`m1UO^RNl0bm1UOXRNP1hm1c01O2N100O1O00100O010O10O01IPRN]NPn1c1RRN[Nom1e151O2O2M2NdNPRNk0om1ROURNn0im1ROXRNn0hm1QOZRNm0fm1SO[RNk0fm1VOZRNf0jm1ZOURNe0lm1\OSRNd0mm1^OQRNb0om1AlQNa0Tn1e000000O10010O101N3N8G3N1N1O1O00JnN_QNS1_n171O2N0O1M30O100001O1O2N01OOO110O1000O0100O100O0100O2O1O1O00100O000O0M4O1010O00O1K5001N01O1N0101O1O2N2O2MITQN^Oin1`0]QN^Obn1a0>LgPNB[o199N5KibdR1
20120730072014Th_9,P^_n14lo11O000O1000001O01O00000001O000000000O0100000O10O0100O0100O01000O0010O001O000000000010O01O010O001O0000010O01O002N2Mgblm1
20120813063134Lh_1,ga\X14ko12N10000O0100000O100O10000O10O10O1000000O1000000000000000000000O1000000001O0000001O00001O000O10000O10001N101O0O2O1O1O001O1O0010O001O1O1O100O1O011O000O2N100O10O10O0100O010000O101O1O00010000O001O001N10O0100O101N3N2N00O1O1O1O00000O100O10O11N101N:DQ]m_2
20120813063134Lh_2,cddR33lo11N3N100O1O100O100O1000O010O01O010O100000O1000001O000000O2O00001O000000100O1O101N1O1O1O101N2N010O01N10001N1O2N101N10001O001O001N2N2M3N3MZ[Qi0
20120813063134Lh_3,gdla13lo13M2O1O1O1O1O010N2O1N1O1N2O1O1O10O100000001O010O0000010O0000010O001O001O0O2O1O10O01O010O0010O01O0010O0010000O010000001N10000O1O100000O100O1O2O0O100O1000O01000O0100O010O100O01O10O0100O100O10O0100O0100O101O0000001O001O00O1001O0O101O0O1000O01000O100O100O001O000001O1O2N1NSYeU2
20120813063134Lh_4,cV[f23lo12N2N2B`0M2M5M3L2O0010O001O0O2N;ROhPN>bo1J4Llh^X1
20120813063134Lh_5,nYke25jo12fPNJhn18TQNNhn16RQNNln1d0O0000O1DRQNEon1:TQNCmn1=;O100O1OUNGTSNM1<il1KSSNL19ll1NoRNL37nl1NkRNOJE0?\m1O_RN717`m1^10O2O0N2O2M2N2N1N2O101kNmQN<Vn1AmQN<\n1[OgQNJ2;Yn1HURN6mm1IURN4mm1JVRN4lm1HYRN4[ejW1
20120813063134Lh_6,Z][R23Wo10ZQN2bn1h0M1K5N3N1010O1M3M3G9L5N1O2O1L3N3O10O0100O01O1O001O0001O010O10O0YOJfQN5[n1LcQN5]n1LbQN3_n1N_QN2bn1O\QN2dn1OZQN1hn1OVQN2kn1NSQN2on1MPQN3Qo1NmPN2Uo1NiPN2Xo1:1O100O2N1O1O2O0M3L4N3NUeRj1
20120813063134Lh_7,T\a_1<_o16N2N2N2N100O01O1O1N2O001O00O1O1O2O1O1O100O1O0O2O0O01L5N2L3N4L3O1O1O2O0O10001N100O101Ngdf]2
20120813063134Lh_8,P^WW22lo14N3YPNH`o1>N1O2O0001O0000O100O0100O1O4M1N1O10O01O000O10O10000000001N2O001O0O101N1O2O0O2O001O001O0001O1O6I2O1N1O2N100O2NZaTe1
20120813063134Lh_9,P_iQ25jo12O1O1O1O2O0fPNGkn1=PQNFon1e010001O2N1N1O100O2O000O2O00O11O1O3N0O010001O0O2N1O0O02N1Gm_lk1
20120813063134Lh_10,db_]24io14N100O10O1000O010O10O10O101O0O10000O01000O01000O1000O1000001O00000000O100000O10O01O1O010O1O2N1O2Lk]\_1
20120930063534Lh_1,b`Pc24ko13M101N100O0010O001O1O0010O010O1O010O00100O010O001O0O2N1N3N2N1N3O1O2O0O101O00O1DQQNGPo17TQNEmn1:=01N101O1N4KZ`mY1
20120930063534Lh_2,]d^j01mo14N1N1O2O1O001O001O1O1O2N2O0O1O2N10O10O100O0100O100O100O1O10O0100O1000O100O100O1O010O1O2O0O2O2M4L3M5L2M1O2N2O0O1O2O1O2N0O1000O1O1QOdQN9[n1APRN;Pn1AURN=lm1AWRN>im1_O\RN>dn1O1N2O1O001N100000000O2O001N2O001N2O1N]Yoo2
20120930063534Lh_3,nd`f29eo14N1N3N1N101N1O2F\OUQNe0jn1900O10O1O1O1O2N1O2N2O1O5K2N100O0101N10000O11O00O1000O001O1O1O1N3N2N3McZeV1
20120930063534Lh_4,^j`c11mo15M2N`0@4L3M2O2M4M1O000<D2N1O2N2N10O01O10OO100O2O0O2O001N100O101N100O2M4LkSUZ2
20120930063534Lh_5,QoZa22do1;K4O01N10O0O200O1001O0L5O001O010O1O01O010O01O000100O00100O0100O0000O1O2N101N10100O10O1O10O010O001O0N2O2O001O0010O010O0100000000000O11OO2O1O0O2N101O001O001N2O00001O010O0100O101N101N101N1000000O1000O100000002M2O0O2O0O0100001O000000O10000000O100O100000O010O101O001O1O0010O00001O000000O2O001O001O1O00001O10O01O010O01O3M3M001N1O2M3MooZT1
20120930063534Lh_6,^QU]26io15K7I:F4L3M3N2M2N3L7J4K3M2N2N100O1O1O2NfN]RN<am1BfRN;Wm1EnRNd0dl1\O`SNg0Zl1YOhSNh0Tl1XOPTNh0kk1ZOXTNf0ck1[OcTNd0Xk1]OjTNd0Qk1]OTUNc0fj1]O^UNd0Zj1@jUNa0Qj1@QVNa0ki1@XVNa0di1^O`VNd0\i1[OUWN9gh1F^WN8_h1FlWN6Ph1FYXN7eg1FbXN7]g1HgXN6Xg1HmXN5Rg1ITYN5kf1H[YN6cf1I`YN6`f1IcYN6[f1KfYN4Zf1KgYN5Yf1KgYN6Wf1KhYN6Xf1IhYN8Xf1FiYN<Uf1DkYN=Uf1AlYN`0Tf1_OmYNa0Rf1_OoYNa0Qf1^OPZNc0oe1\ORZNd0ne1ZOTZNf0dj1O1_OmPN3Vo1GPQN7]o1O2N100O2O0O1OTk`^1
20120930063534Lh_7,kXgn11mo14N2N1O1O101OO10O10000000000O01001OO10000000O01010O0O10010O1O1hPNEhn1<SQNHmn1f00O1N2O2M3N1N3L4K5KRfbn1
20120930063534Lh_8,m_WQ14lo11N2O1O000O1O1N2M3L3O1N3UOGkQN<Tn1h0000O2N3L5L5H;]Oda\m2
20120930063534Lh_9,[aSi01no13N1O2N1N2O000O1K4O1010O01O100O10000O10O1O100O1000O100000O10001O001N101O1O0O100O1000000O1000O1O1O1N200O1000000O1N2L4N200O02O0O2N2O1N2O1N101OO10000O100O100O10O10O10O01O1O010O10O10O01O1O1O2M2L4O1N3N2Nb_dP3
20120930063534Lh_10,ifWe14jo14L3N2N2N2O1N2O1O100O1O1O001O010O00100O1O010O00010O1O1O2N3M2N1O2N3M2N100O2O1O02N1O1N2O1N2N2M3M3E<DjXdW2
20121024073354Uh_1,`cd[14jo13N1O2N101O9F2O10O01N1000O1O101N1000000010O1O2N2N100000O2O1O1O1O1O001O001000O1O1O0001O00O01000001O0000O1O102N1O100O1O1O1O:G8H1ObNbQNZ1cn11O0N4K2O:F00bNSRNh0mm1nNoQNM:T1gm1lNbRNS1Wn1O000000O2N1O7H2OQOaQN`0]n1\OhQNd0Xn1POSRNP1_n1O1O1N3N1N1O2N1O100O2M2N2N3M3LhXS^2
20121024073354Uh_2,je^i23lo13N3M1O10O001O000001O010O001O10O01O001O001O0O1J7L4N2N2O1N2O1O100O1O100O01000O100000005K2N1O1N4M1N00000000O1N2K6M3M3M3M4M2N3M3I6H:IiY]R1
20121024073354Uh_3,Rknk22mo1101N100000O10000000000000O100O101O0O010001O00O100O00100O0100O010O10O100O00001O00000K5LLePNL\o1O<00010O10O1000000001O0000000000000010O0100O010001N2NdUao0
20121024073354Uh_4,Yo`Z14jo13M3N1M3N1O2M3J5M4O0O1O2O000oNUOjRNo0ol1T1N2O1O1001N1O2L5I`0D7J4kN_QN7OISo13PQNKRo11RQNLQo11fRac2
20121024073354Uh_5,TSSh14ko12N1O2O001N11O0000100O00001O0010O00000000000000000000O0100000O0100O1O010O10O01O001O0O2N100H9L3O100O001J6E;M2LO42O1000XOgQNH[n14k0I7M3N3LTojS2
20121024073354Uh_6,Q\U]21mo14M101N1O1O1O2N1J601O00000000000001N100O2O0O2O1O000O10000000O100O10O100O1O100000000000001O001O00000001O0000000000000O10000O1O001O1O1O1O1O1O2O0000000O10001N2N1L4N3N1O10O100O1O2N1N2O10001O001N1O1O2O1N10001O001O1O010O1O000O10001O000O100O100O101N1O2McdR[1
20121024073354Uh_7,\`Sc27go13N2N101N1O1O00100O01O0000O100001O1O10AEXQN;gn1JUQN7in1`0M4O0O1K5I7O1TNaNXUN^1hj1fNUUNZ1jj1lNQUNn0Sk1WOkTNg0Tk1]OjTNc0Tk1BeTN?]k1F]TN4lk14XSNQOMI4S1il1l11O1N3N3M2M3`MoRNn1im1G5J7H;oNXQN:[o1L=CcahY1
20121024073354Uh_8,Q_cS34ko11K400CKoPN6Po1:20100M3M201O001O00O2OO11O0O10100O1O01N200O01O01O10O1000000O010001O0000010O0O2O010O00010O00001O1O1O010O100O0010O10O01000O0100001N1O2O1Ndcjg0
20121024073354Uh_9,`bam02no11N10000O101N100O10000000001O00100O0010O000001O0000001O000O2O0O1000O1O010O100O100O2O0O010O01O1O010O1O0O2J5O2O10O100O2N101N2N2N10000000O2O001N1O1N2O1O01000000000000O000000000000010O10O010000O1000000O100O0L5N10010O01O000010O01O010O0O200O01O00100O1O0010O10O010O010O01O1O1O0CJQQN7nn1=001O100O100O01N2N2O000001O1O101N10GYOYQNf0hn1[OVQNe0jn181O2O0O1O1O10O0100000001O001O1L3N2N101O001O0000000010O010O1O000O2F9H8N2O101N110O01O1SO[QN>fn1_OaQN<`n1CcQN:^n1EdQN9Ro100O1O010O010O1O010N10IHgPN9Xo170001O010O001O01N2M3N\aZd2
20121125063154Uh_1,WobW33ko14N3M2O1N101N2O1O10O1O001O2N1O01O0QIEX^N;fa1GZ^N9da1I\^N7ca1I]^N7ca1J]^N5ca1L\^N4da1M[^N3ea1NU^NF_I>[h1LS^N;ma1FR^N:na1FR^N:na1FR^N:oa1EQ^N;oa1FQ^N9Pb1FQ^N9oa1GQ^N9Pb1GQ^N7Pb1HQ^N7oa1JQ^N5Pb1KQ^N3oa1NQ^N1Pb1Oo]N1Qb10o]N0Qb10n]N0Sb10l]N1Tb1Ol]N0Ub10k]NOVb11i]N0Wb10i]NOXb11g]NNZb13^]NFkI8hh12U]N;kb1FS]N;nb1EP]N<Qc1Em\N;Tc1Gi\N9Xc1Jc\N7_c1I_\N7bc1I]\N7dc1JY\N7ic1IS\N9nc1Ho[N9Qd1Hm[N9Td1Gj[N9Xd1Gg[N9[d1Gc[N8_d11V[NOld12R[NNPe11nZN0Se1OlZN2Ue1NhZN5Xe1KeZN7\e1I`ZNNPL[Oai1g0PZNWO^Lk03UOai1i0lYN1_LXO7Jbi1n0dYN0eLVOWj1h0QYN3iLSO\j1g0hXN7cg1IZXN8gg1HWXN:jg1FSXN<og1DmWN9Zh1GbWN9`h1G^WN9eh1GYWN8jh1KPWN6Ri1KiVN7Yi1HdVN:_i1LiTNSOf0S1dj1`0TUNEPk1<jTNDYk1>bTNBck1>YTNBnk1:lSNJVl1o12N2N4L2N2oL[SNL2]2[m1N1O1N2O2H8J6K5L5I7oN]QN7mn1A]QN1eQea0
20121125063154Uh_2,XSc]27go14EIfPNd0nn1;K5\Ob0_O]NbRNd1^m1=2O2N2N3J6K>@<H=C3BfPN1ho1KglXa1
20121125063154Uh_3,jWce22no12N1O1O01O01O00010O00001O000000000O1000O01O010O10O10O00010O0000001O000O1O2OOO200DGQQN9nn1=0O1N2O2N7HZi\W1
20121125063154Uh_4,[[mo13io17J4M3N1O010000O1O100O100O10O10O01O1N1000O1O1O0100OO110O0101O0000O100O10001N2O010O0010O0O2N1000000001O010O001O100O1O1O1O1O010N2O1N2O010O1O0100O1O01000O1O001000O1O1Oaflj1
20121125063154Uh_5,X][k14lo13M2O0O1O10001O2M2O001N2O0110O1N00010O00001O001N100O100O1000000O10O10O1O001O010O000000010O001O010O010O0001O01O0000000001O00000O2O001O00001O00000000001O0000001O10O011N1O001O0O1010O000001O0000000000O2O0000001N1000000O00100O1O100000000000O1000O10000000O10001O1N1O100O1O100O010O0100O010O1O01O01O00010O01O0001O00000O20O00010O1000O10O010O01O1O001O01000O0100O100O10O010O1O100O10001N1000O101N1O1O10O100O00100O001O0000001O01O010O100O1000000O0010O001O0010O01O0N3M2N2OO02K5M300O1N1O101M3O10O1O2N1N200O2N1O1O2K400000O0N20O3M20001O00O1O1000O1000001O1O1N2O1O1O1O1O010O10O00100O00O1O10000000000000000000O00100000O1O1O1O1O10000001O0001O0010O10O0100O1O010O0100O010000001OO0100000O0100O100O010000000O100000O10O1000000000000000000010O000010O010000O1O10O001O01O01O0001O100O1O2O01N3N4L1O000O01O010O000010O000O10000001N100000001N01000000000000001O0000001O00O100000010O0000001O001N101MdedY1
20121125063154Uh_6,o[ml23lo11O2N101O000O1000000000000000000O10001N10001O1O00001O00000001O00001O001O0001N1O1O1O100O100001O001O1N100O2O0O1O1O100O100000000O100O01L30010000O0O2O1N10100O^dVn0
20121125063154Uh_7,o_c_24ko11O1O100O1O0O110O100O00100000000O01000O010O0010O010O0000000001O0O2N101O1O0010O0O2O1O1O100O00O2O0O2O1O1O01000O10000O001O010O01N2O1O0000O2O1O1O1O1O1O10O10O100000000O010O1000O0100O0100O00100O1O2O0O10000O1O1O1O1O1O1O0O2M3O2N1O2OkaZY1
20121125063154Uh_8,l`SV14ko13L3M3M2O2OO010OKBiPN=Wo1610O01000O01O010O01O10O01O01O00O0N3O1I8N1O2O00000000O10001O00100O00000001OO1000O0101O1O1O1O1O1O1N2O1O1O1N2O1O001O1O1O1O1O1O010O1O1O1O100O2N2NTajd2
20121125063154Uh_9,Qbof15jo13L4L4L3OO1O1O1O2M2O10O01O010O010O01O100O1O100O2O0O10O1O000001O1O0010O010O0010O10O0101N100O10000O1000O1000000O101O2N1O0000O1000001O0O2O00000000000001O000O1000001O01O2N1000O1O0000001O000O1O10O010O1000000001O7I1O2M2NZ^XR2
20121125063154Uh_10,dbic11lo15L3N1O1O10O0100O2N2N2O0O1N2O1000000001N2O1O1O0100O1O01O1O0O2G`PNOU]XZ2
20121203063334Lh_1,VdRR14ko12N1O2N1O2M2N3M3M3N2O2N110O000000O100O100O1O1O1N101N2O2M5L2M4L_[mk2
20121203063334Lh_2,ohTm0b0]o14L3M3N1O1N2N3N1N2O0O2N2O1N2OnNaQNc0`n1[ObQNe0^n1YOeQNe0_n1VOcQNi0kn1O0O2O1N2N4KbVYQ3
20121203063334Lh_3,SidY25ho17D9N2O0O1000O2O0O1N3N1O2N1000100O00001O01O000O1000O1001O001O001O010O01O2N2LQWmc1
20121203063334Lh_4,cWSh06ho16K3M1O1O100O1N2N2O1N2O0100O100O101N1O2O1N101N100O2O1N101N101O1N2O2LbhfU3
20121203063334Lh_5,oX_c01mo14M3N1O001O001O0O2O0O10001O00001O0001O0000001N10O0100O10000000O101O0O10000000000O10000O10000000000001O002N1O001N2O1O2MQghX3
20121203063334Lh_6,j[WU32lo12O1O0O2O1N2O1N1O2N100F:M3O1N1K5N30FYQNYOkn1e09O1O1N2O2M2N3N1O10000O10000O2O000O2O1O0O101N1ObeRh0
20121203063334Lh_7,f_UR34ko13M3N2M2O2kLAeVNa0Vi1EgVN<Wi1GgVN9Xi1JfVN6Xi1LhVN4Wi1NhVN1Wi11iVNOVi12iVNNWi14hVNKYi16eVNKZi17dVNJ\i17aVNK_i18mTNXO<c0gj1:gTNVO>a0mj1:bTNXO=`0Qk19`TN\O:<Vk18_TN@79[k17]TNC38`k16[TNF15ek14XTNOKOmk13STN[1nk1fNnSN[1Sl1Y10dMRTNe0ok1XO]TN>dk1YOhTNd0Xk1ZOlTNc0Uk1\OTUN;lj1C]UN5ej1I`UN2bj1MaUNDlj1:[UN\Oij1d0Z2M2O10O01N2N3E\dnj0
20121203063334Lh_8,b^Ye19fo12N1O100O1O100O100000000000O10000000000000000O01O001O1N10100O0100O1O100O01O01O01O00000010O01O0010O00001O100O1000O010001N100O2N1O2O001N1000000O100O2NUbPV2
20121203063334Lh_9,Pao\23io16L2O1O100O11O01O0100000O10O01N10000BCXQN>^n1g0O1N2M3M2N3O1O0O100O2O1N2M3O100O2O000010O01O1O010O1O001O00000000O001N1000O1O1001O0O2O1O2O1O1O001O1O1O1O0O101N100O1O100O100QOhQN@L?^n1OoQNNRn11QRNLPn13SRNHQn16m000O2M3N2Me`Z]1
20121203063334Lh_10,icao13ko14M3N2M2M4N1N2M3N1O2N2O1N101\QNROTn1n0iQNYORn1i0kQNZOSn1h0jQNZOUn1X101O1N101N2L3O2O1N20O10001N2O001O1O001O0O2O1N1O2N100O1O100O1O1O1O01O1O010000O10001O0O101O0O1000000O010O1O1O001O0001O0001O010O2N1O2N2N1O101N101O00000000001O0O100O1O100O10000O1000O0100O01000O1O010O2FgPNJZo159O2N1O001O1O1OT]dh1
20121203063334Lh_11,afg`11no13M2O1N2O1O1O1O1O1N2O1O001O001N100000001O0O2O0O1O10O100H8N2O101N100001O0000O100000O010O1O1O1O1O1O10001N100O100O0100000001N1000O010O10000O10000000O100O2N100O1O100000O100O10000000O10O00001O010O1O00100O001M2M4O001O1O1O1_OXOiQNh0Vn1\OgQNe0Wn1_OeQNc0Xn1d0N200O2OO10001O001O001O010O1O1O1O1O1O1N2O1O1O1N2O0O100O2O0O2N2L4M3N2N2N2N101N2O001O1O1O1O1N2O1N2NcZVU2
20121206063154Uh_1,dZnd22co1>cPNDon1k0K4L6J7J1O1N100O00BfQNPO2MYn1Q1>G:0001O1H8O1O1O10000O10O1N101O0001O1O1O100O10001O0O100O3N2MUf[X1
20121206063154Uh_2,af^d04ko12N2N2N1O1O2OO01N2O001O0100O010O10O100O1000O010O010O010O10O01O10O0100O100O010O010O10O01000O01000000000001O000001O0000000001O01O00001O001O1N2O0O2O001N1000O100O2O0O2N2O1N10000O10000000O1000O100000O10O1O10O01O10O010O10O10O0100O010O100O2K^ZUT3
20121206063154Uh_3,^hRS24ko13M3M2O1N2N2O2M2O2M3N1N2N3M4M4K2O001O000001O1O3N1O101OO00O2O0O1O1O1O1N2N2N1O1N3N1N2N2O1O1O1O001O1O1O010O001O010O1O001N\WUi1
20121206063154Uh_4,ajZ\3:co15M1N200O1000001O1O102M2O0O10O1O1O1O01oPN_Obn1R1M1000003NO2N2N1O2M3TOWQN<Wo1001kPN_Ogn1o0O0001O1O1O0001O0101N3M4J3N2M3L4K^Sa`0
20121206063154Uh_5,SWgi05jo12N1O001N100000001O000O101O10O01N200O1O1O001O0010O00100O00M30001O00100O10000001O001O0O1000000O1000001O00000000O0100000O10000001O01O0O2O1O001O0O1O1O2N1O100O2N100O101N101O1O010O0010O0100O10O010O0100O1O1O1O1O1O2N1O1O1O00000O01O1jNcQN304`n1FeQNO25\o1M3N2NRiln2
20121206063154Uh_6,`Wm^13no11N1O4M2M00001O0001O011O1N10O101O6J1OO10O10O1O001O000000001O010O1O10O10O100O10O00010O01O01O01O00O10000000001O000010O1O1O1O010O01O01O0000000001O000010O01O0001O00001O01O001O00001O000000000000000000000000001O01O0000001O0000O1001O000001O0001O00000000000000000O010000O100O10000O01000O01O1O001O10O10O01O01000O00000001O00100O1O1O101N2NgghV2
20121206063154Uh_7,i^Wg03lo11O2N10000O10O010O0010O0010000O0100000000000O10000O100O010O100O10O010O01O1000O01O1O010O00010O0010O010O01O00001O000O100N10010O0100O1O1O2M3M4M4McbXT3
20121206063154Uh_8,V^Yf24ko12N1O2O0O1O1O10000O10O10000001OO1000O10000000O10O0100O010O1O1O001O1O1O1NWb\W1
20121206063154Uh_9,icaS1261\o14aPNM\o1=N2O1O10000O100001O0001O0100O01000O10000000O10000000O00010O0000001O1N2O1O1O1O1O001O1O000000001O01O0O100O10O0100O10O1O001O01O001O1O1O1O1O100O0101O001O10O01O001O00001O01O000O1N2O1O100O2M2N101O000O01O1O10010O01O10000O010O1O10O011O0O2O0O101O0O1000O1O1M2010O01O010O001000O100O2O0O2O0O1O100O0000O2O00010O010O001O1O001N1M3M3O001O100O10000001O01O001O00100O1000O101O0O1O2O1N2N101N101O000O2O001O0O100O2O000O10O01O0O2O00001N10000001N101N2N101O1N1O2F910O100000O2O00001N10001O1O6J3M2N1O001O000000000O101O0000000O1000O100000001O0O2O001O0O20O000O2O000O2O0O10O10O100000000000O1000O10O01O1O001O10000O0100O10000000000O001O1O0000100O10O02O00000010O0001O000000001O00001O1O1O1O1N101O0O2O0000000010O00100O100O10O10000000O100O1O2N3M1O100O1O1O1O2N2N1O00001O00001N101Nm]RU2
20121216154954Bh_1,R_PZ14ko13M1O2N1O2N1O2N1O1O1O1O101N1000000000001O0000001O1O001O001O1O10O0000001N1N2L4J7M2O1O1O2N100O3MVaob2
20121216154954Bh_2,S_`T14ko12N2O1O1O001O0O2O0000000000000O1000000O1000000000000000O0100O1O010O100O10O10000O100O1O10000O10001O001N10001O0000001O0000001O0000000001O0001O00010O0O2O1No`ef2
20121216154954Bh_3,R`fU23ko15L2O0O2O0O2N100O101N1O1N2M4N1N2N2N2O2O0O1O2N101N2O1N2N2O1N2O1O001O001O001O001O001O001N101N101O0O10000O10O0010O00O2O1O001O2N1O100O101N10001O0000000000O2O00001N100O2O00000O010000O1000000000000000000001O00001O001O0010O01O001O010O010O0001O0001O000000001O00000010O010O0010O0000010O0001O001O001N2O010O001O10kQNaNgm1P2M0O100O1O1O000010O01O010O001O1O1O010O1OYOdRNkN[m1P1kRNoNUm1P1mRNPORm1P1oRNoNQm1P1PSNQOol1o0QSNQOol1o0QSNQOol1o0QSNQOol1o0QSNROol1l0RSNTOnl1l0SSNTOml1k0SSNUOml1l0RSNUOnl1j0QSNXOnl1i0jRN_OVm1a0gRNBXm1d100O10000O10hMjRNC2k1Sm1]NZSNa1fl1\N_SNb1jm1HOO1O1N2O0O1O1O1O001O0O2N2M2O2O0O2CRQNEPo19<O2O1O000010O01O010O01O01O1O0000001O00001O001O000O101N2MP^Q[1
20121216154954Bh_4,dfZU15jo12N2N1O2O001O0O101O0001O0000000O10000O10001O0001O00001O001O00100O01000O100O101O0000010O0O10000O2O000O101N101O0O100O100O10000O10O01O10000O10000O0100O010O1O001O001O1O0O2M2O2O1N110O100014K2N1O00000O101O1O1N1000O10001N102N6I3N0O100O100000O10O1000O10O10O010000O10000O10O010000O010O100O1O00100O1O010O1O1O1OYVWa2
20121216154954Bh_5,kkf`37go15L3M3O1O4K;F2N2N1O001O00001O002N8I9F2N13L3M1O001O001N104L2N1O101N10000O10O2O1O5K3M1N2N110N2O000O0101N3M2N6J6J2N5K4K4L2O2M2N2N2N3M2N5KjoP;
20121216154954Bh_6,nmbc26go16E:_O^O^QNe0an1=01O01O001O001N2O1N102L3G9M9E`RW[1
20121216154954Bh_7,d[ig01lo18J4M2N1O101N01000O01O000000001O01O000001O00001O00000O2O001O0000001N10000001O000000000000000O10O1000O10O100000O010O01000O1000000O100000001O010O00000010O000000001O00000010O01O001O1O1N2O0O2O1N2NQdTR3
20121216154954Bh_8,c]mc05jo12N1O2O0O1O0010O01O10000O0100000O01001O0O10O10O100O100O1O1O1N2O1O0O2N101O010O0100O001O0O2N2N2O1O001O1O100O1O1O1O1O1M^c\X3
20121216154954Bh_9,]e]P24jo13O1N1O2O001N101N2O0O2M2L5M2O1O2N2N1O2O0O2O1O1O001N2O1O1N2O1O1O01001O0001O1dNlQNi0in1M1O1O00O010O0010O01O000010O01O001O001O01O010O1O1O2N2O1N2N1O00100O000010O01O0010O010O10O01O1O010O1O2O0O1O100O1O0001O010N2O1O1O1O001O001O001O001O1O001N2O1N4KnXXh1
20121220110614Th_1,b_Tk28do18H7J4N1N2M2001FTQN_Omn1?:01N1O101N2O1O1O1O1O10000O10O100000000O1000000001O001N3IVa_R1
20121220110614Th_2,cfVd23mo11N100O1O1O1O1O1O010O010O010O010O1000O10000O10000O10000000000000000001O0000001O000010O0001O001O1O10000O100O01O002N1N2MaYQX1
20121220110614Th_3,hTc^23lo12O1O001N10000O2O0000000000001O0O1000001N100O2O0O10000010O01N2O1O0nPN\Ohn1e0TQN@jn1b0SQN_Omn1j01N102M3N3M1O010O1O2N1N2O1N1O100O1O100O010O2N1O1O3Loj`]1
20121220110614Th_4,lZ[U1>ao13M4L:F2O2[QNQOTn1`1L3M2OjNnQNC0d0Pn1I\RN8Vm1ZO_RN?>7ol14ZSNFbl1;aSND[l1>gSNBUl1a0lSN@Pl1b0QTN_Olk1b0TTN_Okk1`0VTNBgk1?XTNCgk1=YTNDfk1;[TNFdk19]TNHck17^TNIak17_TNJ`k16aTNJ^k15eTNI[k17oTN@Pk1?SUN_Onj1?TUNAkj1=XUNBhj1K`SNOm16aj1KeSNLS21Xj11iSNJR25Sj11^VNO`i11bVNO\i11eVNO[i1OhVN0Wi10kVNNVi11kVNNVi11mVNKTi14\3O2O0000afhg2
20121220110614Th_5,^`ah02mo11O1O1O1O1O100O1O100O100O10O0100O01000O100000010O00000O100O10O01000000O10000001O001O001O1O000010O0000001OO010000O100O10000O010O1000O0100O1O1O2O0O1O1O1O01000001N2O1N2O1N101N10000O2O01O0001O000000000000O1000000000000000001O0000000O1000000000O11O1N2N2N2N2O0010O1O1O1N3N1O1O1O000000O2O00000001O0O2O001N2O00000000000000O10000O101O0000000O100000000O1O101N2O1N2O1O1O00100O101kPN[Okn1o0O001O000002N3M2N002M5L2M1O00O1000O101O1O1DdPN1]o1NfPNOZo12910O10O10O2O000O01O2N2O1O1O01O1O000000O10000O101O00O1000000100O1O000000O10000O010001N10000O10000O1O101N100000O2O2N1O2N1N2O000000O01000O1000O10O1000O0100O1O0100000000000O10O100000O01O01O10O0100000O01001O00001O0000000000000O010O0100O1O1O010O010O0010O100000000O1000O1J6O001O01O001N1O10K5N2O1O10001O10O01O0O0100N2L4L4O2O00001N10001O0001O000O2O1O001000000001O00000O001O01O0010O0001O00O01N200001O1O001O1O001O001N10000000000000000010O01O010O01J5O2O1O0O10000001N2O00ICmPN;To1GkPN8Uo1IjPN6Wo1LgPN4Zo1801O01O1O010O10O0100000001O00001O00000000000000000000000000001O0000100O00001O1O0000000000O1000O010000O100000O1000001O00000000000O1000000O10000O01O10O10O010O00010O1O0100O10O00100O001O0001O0O2O01O0010O0100O10O0100000O01000O100O100O010000O10O01O1O010O0100O00100O00100O0100O10000O100O1O01O1O1O00100O1O1O1O0010O0010O0000010O0000O1O1O2O10O1000001N1O100O2N101NadhP2
20121220110614Th_6,k\_Z15io12O1O1O1N2N2O1O10O010O100O2O00001O000000000000000O01000O1O1O100O1000O100000O0100O0101O0O101N2Nac`b2
20121229085414Th_1,iXki23lo12O2N5L10O1O01O0aPNJSo1c0OO001N2O0O2M3M2O1O1O01N3N1M201O1O100O01O01O00100O1001N1N101O0M300001N2O1O001O001O00O10dNAXSN?il1BSSN?Pm1BYRNN1b0im17nQNHUn1P12N1O2M3L4N101N1O2L3ITQNVOQo1f06O1N3L3N2N2M3N3N2MihXQ1
20121229085414Th_2,c\ga22lo14M2O000010O000001N2O9G0O100O0000001O001O100O1O1O000000O10002O010O1O1O00001O001O1O00000O0100O01N2N2O01O1O1M3O0001O0O100O1000O1O1N2O100O2O1O1O10O1O001N1O2N10001O00M4M200O11O2N1O4L9G3Mid`X1
20121229085414Th_3,b^mo05io13N1M3N2O0O10000001N101O1O0001O1O000O1O1M4N1L4O1O0O02O101M3N2N101O1O10O010000O1O1O100O001O01O01O1O1O01O1N2N10010O010O100O0O2OO00CFUQN<jn1=0100001N101N3M3M2N2O01O100000O1O2M3N4L3LZcdj2
20121229085414Th_4,mak^23ko13N2O1N2N6J4K<E2O1O0010N101N1O1O101N101N2N2N2N2N2N1O2N10000O01O0O10O1N201N2M\^f^1
20121229085414Th_5,_dgV22no10O1O2LOYPNOfo11\PNNco13]PNMbo13_PNN`o12`PNN_o13aPNL_o1470O1O2O1N2]PNG]o1?N1100O01N2N2O0O1M3N2O2O0O10O1O2N5K6K2M2O1O1O1O1O0O2N4Kd[`f1
20130104104234Ch_1,fdbP16ho14^Ob0G:G;I4L5K3N2M4LgNfRN5Rm1C\SN;bl1BeSN<Yl1DjSN:Ul1EoSN8Rl1FRTN7Pl1FTTN7nk1GTTN8km1O1O001N2N2MgZmm2
20130104104234Ch_2,]d`Z24jo13N1O1O1O001O001O1O10O01000O010O10O100O010O10O100O101N100000000001O001N101O000O010000O100000O100O1O0O2M3O1O1O1O100O1000O101O104K1N2O1O00001O00100O00001O00001O1N2O1O1O002Mm[S`1
20130104104234Ch_3,heTZ28bo18L?A4N1N2O1O1O03N1O1O0O1O2N4M1N3N1001N00000000O100O100O1001N11O3M5K01O002N2O01O000O1O101M6JZXmb1
20130104104234Ch_4,Rg\o26io12O1O1O001O100O1O10000O02O00O2N1O2M7J1N2N1O02O1O4L4M10004M0O00O0000100O2OO0000O10;D1O0001N2O1O0O2N1O1N3N102N3N1O2N000001O00O10bPNLPo13jPN4Vo1<1O1N001N3M5K2N1O1O1O2MYVik0
20130104104234Ch_5,oQ[[1;co14M5L5kPN_O`n1R1O100O010001113OK2N3L1O1O002M>A=AglZc2
20130104104234Ch_6,PW]m14ko12N2O001N10001O00000000000000000000000O101N10001O0O2N2O1O1O16K0O000000O1000000O010O1N101O1O1O001O10000002N2N00001O001N101O00O01O10O1000O010O1O001O0100O100O2N1O1O0O2O1O1O1O100O0001O000000O101O0000000O1000001O10O1[OPQN9\o100O1O10O01000O1O2O0O100O10O001O002N6J2N1O1O2Mgf^j1
20130104104234Ch_7,Z[]l24ho17L3M4L3N1O0000O1O1M3O2N1O1O01O00000O1010O001O00100O10O0010O01O1O1O1O1O000001O00001N2O1O001O1O10O01O010O01O1O1O1O2O1N1010O00000O01O001O01O1N1N3M3N2O1M3MQfhn0
20130104104234Ch_8,]]cj24jo15K7I5M2M4M3M5L1N001O1O2N1N101N2MTOfQN7Vn1KnQN2Sn1\OdQN=?3Qn1JSRN3nm1JURN6km1HWRN7jn1O10O10001N10O0010O10000O100O2O2N01N7I3LRafR1
20130104104234Ch_9,]`kk14jo13M3N1M3N2N2D=M3N2N2N2N2N2O1O10O001O2L4M3M3N1N1010O010O00001N100001O1O3L2N2N1000O100O1O1O100O100000O10O10O1O1O101N1O101O001O000000000000000001O0O10000O10O000O1O1010O101N010O1O10O10O1001N101N2M3M2O2O0O101O1O1N1O2NU`^m1
20130104104234Ch_10,_cUY12ko15K3N2O1O10001O2N2N2OO010O01O0100O1O0010O0000001O001O0000O10O10O10O001L3M3M300O2O000001O1O1O1O1O1O0O2M3N3N1O2N2OO001O1O001N2M3L4N1N2OO101000010O100N3N2M2M2N20O1O00101O00O2O100001O00000000O10O010O01O01O0O1N3N1010O1O0O1N2O01O2O1O001O10000O10O10000O100O0010O2O1N2N2N2N1101N100O01N1O2O1O4M0O2OO001O0O1O2N2M2O1O1O101O000010O0001O000001O01O001O001O01N10000O1001O000001O001O01O01OO2O00001N100O10001O001O2N1O001O00001O0O2O1O1O00000O2O00000O2O001N101O0O2O1OY^hX2
20130110085614Th_1,gXZV27n0Jkm1=jQNIUn1;aQNL]n1l00000000L4L3O100001O0O101M20001O010O0100O1O2N1O1O1O010O01O1000O101N3L;F2M3L5L4L\gof1
20130110085614Th_2,\`fT22ko15oPNOlm18[QNJ73Wm1HQSN5GW1Vm1U1M2K6M3M4K6K6J4fSNfLhk1l3LgM_TN^N;m0Sk13dTNmN3O;P1jj1KgVN4Vi1MoVN1mh11WWNLgh16YWNJeh17\WNIbh1EoTNK_2a0`h1CSUNK]2e0\h1@YUNK\2DaMN0d0ij1N[UNLk26gg1KdUNLi28ag1HkUNOf2>Xg1ATVN1g2=Sg1AXVN1g2=Pg1AZVN2h2<mf1A]VN2h2<jf1A_VN4g2;if1_ObVN6f2;jg1EVXN;jg1DVXN<kg1DTXN=lg1BTXN?kg1AVXN?jg1@VXN`0lg1^OUXNb0kg1[OYXNc0dk1O000000O10000O0100O2O0O1O1O1O1N2O0010O01000000O10000000O10O10O010O00O100O2M3MT\[f1
20130110085614Th_3,fcRR39`o1:L3M3M3M3M3M7J2M2L4K4L4N3N2NXOTRN@jm1<\RNCcm11SRNC=;_m1OZRNC8?]m1L^RNC7`0[m1LVSN2jl1NXSN1fl1N_SN1_l1JhSN5Wl1JlSN6Rl1JoSN6Pl1JRTN5mk1KUTN5ik1KZTN4ck1M^TN3ak1MaTN3]k1LfTN3Xk1NiTN2Vk1NlTN0Tk11mTNMSk13oTNISk17\20O10O01O0001O000000000O10000010O01O10O010O00100O0001O10O00010O1N10100O100O10O1000O100O2O1N10O00100O00100001O00O10002O1OO000000O100O1O1O10000000O0100000O1000O1000O01O1O0100O100O010O01O002N_[ge0
20130110085614Th_4,ecPa24ko13M2N2N3N1O1O2OO2O2N2N10O01O0000O1000000000001O5J2O1O1O1O1O02N1O0001N2O4L2OO1O10O01O6KO1O00O010O1O002N2N1O1O001O10O010O11O03M00000000011N3N1N2O2M10O1011OO1N3M2OO2N1O2O1O0O12M100O3L5L2N001O001O0O101N2O1O0000000O1OhWYX1
20130110085614Th_5,Yjnm04io15nN6fQNOVn17eQNMUn1S1I8F:K4M3M2N2N3L[NiRNI11Tm1MXSNMH5nl1J`SNFM`0bl1HeSNBMg0]l1EbTN;]k1DeTN;\k1CgTN<Xk1DiTN=Vk1AmTN?Qk1ASUN<mj1CUUN;kj1EVUN;jj1DXUN;gj1E[UN:ej1E]UN:bj1F_UN:`j1G`UN9_j1GcUN8\j1HfUN8Xj1GjUN>Pj1BQVN?ni1_OUVN`0fl10001O0000001O0000000000O010O01000O1O1O1O010O1O010O01O100O1AfPN6[o1HgPN7Zo1HfPN8ao101O010O010O1O0010O000000001N100O10O100O1N101O01O00100O010O0101O00001O00000000O1O00001N100O2O0O02O010O00O2N1O2O1O100000O10000O101N1O1O1000000O010O1O00010O001O1O100O100O00100O100O2NaTYh2
20130110085614Th_6,[PQc13ko12O1O010O10O01O10O01O1O00010O1O010000000000000O1O1O2M2O1O1O10O01O1O0000O100O010O1O1N2O0100O1O00001O1M21000FBRQN?nn181O2O2N1O2N1O2NQNBiRN0Z1=mk10QTN1Pl1OnSN1Ul1OhSN2Zl12[SN3fl1NWSN4jl1MQSN5Qm1LjRN6]m1R15K3B=M8H4L3N2N3I8ChRmW2
20130110085614Th_7,QRWW13lo12O1N1001O0001O001O001O001O000010O001O010O10O01O010O1O10O0001O01O0010O01O001O01O100O01O2N1O1O0010O001O1000O1O01O000O2O0000000001O01O00010O0010O01O01O102M0001O001O001O00000000000001O01O100O10O01O000001O01O001O000000O10000000000001N1O2O1NmlZa2
20130110085614Th_8,b\]d23lo13M2O1N2O1O1O2M2O1N2O2N1O1O2O2M3M=C2N1O0O1OiNgQNj0Xn1TOlQNj0Sn1UOQRNj0mm1VOURNi0im1YOXRNg0fm1YO\RNf0cm1ZO_RNf0_m1[ObRNd0[m1^OgRNa0Xm1@iRN?Wm1@lRN>Tm1BnRN=Rm1AQSN>Rm1\OQSNc0Wn1O101N2N1O2N1O3L5KSbhX1
20130110085614Th_9,XcSV21no12O1O1O0O2O0O1O1O1O2M2N2O2N2M3N2N2N1O1N2N2O1N2O1O2O01O1O3M2N1O1O1O001N101_OmPN3bo1N1O001O00000001O000001O01O1O0O1O11O1N2O1O00000000000000001O0001O0O10O101OO01000000O101O0O2N1001N1000000001Nb\Td1
20130110085614Th_10,Sdei25jo11O1O000000001N2\OLZQN6cn1OUQN7hn1b0K5O00O3N2N3M5L1O1O0000O10001O1O2O01O1O1O000O0100O0102M5L3L3M1O7I1O1O1Oi[\S1
20130110085614Th_11,Rdcm14jo13N1O2N6A<N0O2O000010O002N1O1N2O001O000O2O001O0010O0010O000000000O1O101N1O1O100O100O1001O00O0100O01O001O1O100O1000O001O1M4J5N200O1000O001O1O001O10O0100O2N10O01O0N111O01O10O10O11N101N1N2O1000O1O2M3N1O2N2N1O1O100O1000000000O1O1K5O1O2N1N3KW]nj1
20130206063154Uh_1,_aRQ14lo11N2O1O6J2N4M1N1O01N2O001O0000000000000000000010O101N2O1N11O4L10000O10O0000010O10O101N2OO01O10O1O001O009G000O102N0O100001N6K0O1000O11O2N1O0O2O4K1O10O0001O001O10O0000100O101N1000000kPNK_n14_QN0`n10\QN8_n1H_QN`0[n1@cQNc0[n1^OcQNOO8]n16eQNKYn14iQNLWn11kQN0Un1NmQN2Sn1LPRN2Rn1HTRN7ln1N2O0O100O10O01O01O01O001O1O010O0100O0100O010O10O10O0100O0010O010O001O10O00O10O10001O000010O010O00100O1O1O0010O01O10O10O10000O2NWYad2
20130206063154Uh_2,ca^n15jo1101O1N3O1N4L3M2N100O001O01O0000000O2O000010O10O010O01O0001O01O01O01O01O0000000001O001O010O10O010O1O1O100O1O1O001O100O010O10O1000001N2O3M1O0O101O0UQNXO^n1i0]QNZOcn1h0XQN[Oin1n00001`QNnNom1S1lQNTOQn1d1K2O8F002\RNiM18hl1i2O0001O1O2M5K2O2bMmRNINg1Wm1]NWSNa1ll1ZNXSNd1dm1N4Ka0A1N8H2N101N101O2OO001N2O2M3mPNYOhn1S1L;F1O0fQNaNSn1g11O3M1N101O001N5L1N1mN\QNh0dn1ROeQNj0kn1O1N6J1O1O1N1000aQNFWm1:eRNLYm13eRN6N_OXl1<gSN9@_OJ2nl16eSN=_OLkl1GdSN]1\l1cNaSNb1]l1^N`SNj1[l1VNbSNn1]l1RN`SNQ2`l1oM\SNU2cl1mMYSNU2hl1b00O001O1SNZSNPOOQ1hl1KnSNSO_O<dl1>QTNQOH6Yl1d0RUNTOPk1i0V2N1O1O2N1N3M2O2N2N3MnVUg1
20130206063154Uh_3,^cRa15ko12N10000O010O01O010O000000O1000O010000O010O10O01O01O01O001O001O00000000000O100001N10000001O000O100O11N1O3M2N_]_[2
20130206063154Uh_4,Ufng23lo12O1O1O1O01000O010O010O00001O010O100O010O01O10O010O00100O001N3N7I3M3N0O3N2O000;E2N0O101N1001OO1011N1N011O1O00010O2M3N01001N3M002O02M1O001O1O4K3N001O000O0010O101OO1N100O3L7HaUcR1
20130206063154Uh_5,fhnn06ho15L3N2N6K3ON5L0O20N1O1O002N2N1O1O1O01O2M3N1N3M5K1O0001O00000001O001O0010O010O100O100000O100000O0010O0100O100O10001N10O10O1O0010O01O001N1O2N1O1O2O1O1N2O1O0010O011TOnPNg0Wo1N10O00001O000010O0_OkPN8To1FoPN9Ro1EPQN:\o1O1O10O0010O01O0000O10O1000O100O101N2N2OhTmi2
20130206063154Uh_6,kX[^25ko11N10001O0O101O0O10O010O001O001O001O001O000O01O10001O00001O1O001O0000O100001O1HFhPN<Vo18O0100O1O1N2O1O1O1N2O1O001O010O10O10000000001O000000O100O2N`hV]1
20130206063154Uh_7,i]_b2142co17N2O00000O1O2N1O1O1O1O100O10O10OO2O0N3O1O1O001O01O010O001O01O01O000O2O001N101M1L41O10000000O1N1N2M300100O100O01J5O20O01K6N100O1]OnNTRNT1km13SRNjNmm1T1[RNgNfm1V1b0O2N2O1O1O010O0O110O1I6010001O001O1O0O2O000O2O0O1O1O101O00100O2N1O2N2FbPNNUfRW1
20130206063154Uh_8,`^kT14ko11O2N1O1O1N2O0001O00001O1O0010O100O010O1000O01000O100O1000000O0101O0000001O00000O10001N1000O0100000000001N1000000O10000O10O10O1O010O00010O0001O001O01N3M]bZf2
20130208063134Lh_1,``hc14ko1101O0O100000001O0000001O00000O10001N1O1O100O00100000000001O0001O010O10000O1O01O01O000010O000010OO2O0O2O01O01O10O0010O01O100O103M2M3N1O0O101OO10O1000O10O10000001N1O2O1O0O1O10000O100100000O1O1O00001N2O000O10000O1000000O010O10O10O00100O01000O010O1O0010O0001OO2O2N4L2N1O2N101N2O2N001O02OO00000O10YOoPN>Po1AUQN<Zo1N10O1O00O10000O10O0100O10O10001N3N001N100O101O001O2N3M2N1O1O01O2N1O000000002O3L4L0O1000O100O1000001N100O100O010O000010O010O001N101N2N2N2N1O2O10O010000O010O0100O010O000010O000010O000010O000010O0100O1O0100O01O0010O01O00000010O100O10O01O10O10O10O01001O0O2N_Yoj1
20130208063134Lh_2,TbXe25jo12O2N10O010O0000001O01O1O1O001O0O1010O004L1O00000010O00000000001N10001N2O1O2O0O7I1O10O010O001O010O001O001O001O010O000001O0010O01O1O1O001O001O00001O000001O001O1O001O010O100O2O1O0000O100RQNIRn17lQN3mm1LQRN;mm1CoQNb0Pn1h0O2M4MO1N2O010O0oNRRN1nm1MTRN3lm1KWRN3nm1GURN8km1FYRN9N\OTm18QSN=H^OVm12USNb0@_OZm1NWSNV1il1gNYSNZ1gl1dNZSN\1em1100O11bNdQNU1dn10001O_QNQOQn1`10O000O10000001O0001O10O0010O01O1N4mQNUNjm1R2O1OO103L1O1O1O2N\TNWNUi1e1gVNaNZi1\1eVNgNZi1Y1dVNiNPNGoj1^1PWNnNmMHTk1X1mVN@Wi1<fVNHZi16cVNN]i12`VN1`i1O]VN3di1MoUNkNhNZ1Yk1LlUN`0Vj1AeUNa0aj1]OWUNg0kj1ZOnTNk0Rk1XOhTNj0Yk1ZO^TNk0ck1j1OPOXTNjMfk1S2\TNnMek1m1]TNUNik1`1ZTNaNhk1V1^TNkNck1R1^TNPObk1l0aTNTOak1a0hTN_O\k16lTNI^k1GiTN8Zk1BjTN=bk1UOaTNj0ak1ROcTNm0Xm100100O1O04M1O001N9G6K0O100O00010O10O10O000010O0200O1N1O1O000O01000O101N1O1O2N1NURSm0
20130208063134Lh_3,chPo04ko12N10000O10001O01O0000010O0010O00010O001O010O1O10O10O01000O1O01000O010O1O0100O0100O010O2O1N101O2N3L4M2N1O0O100O10017NK7MNM:D5GgUol2
20130208063134Lh_4,SiV^3:eo14M3M2N2N4M11OO8J02M1N1O2N110N12N312I2N4K4M10O102O3OMoNWQNi0To1M3L1O1O1N101O00002N1O001O0000000O100O001O0001O0000000010O0O010O1O100O2N3LjSg=
20130208063134Lh_5,ai\k14ko12O1O10O01O0010O001O000100O1O=C2N2N1O1O1O1O1O1O1N101O0000O100\OWQN1jn1G^QN8bn1G_QN9Uo1O000O101O000000001O001O000000000000000000000000000001O000000001O0O2O0O2O0O10001O00000000000001O101N2O0O10O0000000000O10O010O001O100O010O11O00001N101O00000O101O000O101O0O2O`USm1
20130208063134Lh_6,dZcP34ko13L3N2N100O1O0010O00O1O1O10000O1000O01O010O11N10100O00001O00O1O1001O010O00100O1O1O1O0001O1O1O1O101N1O1O1O1O1O00J6N2000000O10O1O01001O001O1O0O2O1O1O1N10100O01O0K5O2O00001O00010O010O01O00O100O1O2O00010O10O10O100000O01O001O100O010O1O010O0010O01O01O0O2O1O01O1O100O1000000000001O010O1N3N`h`f0
20130208063134Lh_7,U^md12mo110000O101O0O10O010000O10000O10000O1O100O100O100O100O2O0000000000000001O000000000000000000000000001O000O10000000000O10001O000000000000000000O10000O100O10O0100O10000O100O10000O10O10O100O1O10O0100O100O10O10O01O10OO2N2O1O100O100O0100O1O010O1000O10O0100O01O1O001O00000O2O00001O0O1O2N1O2M1000000N2010O10OO10O2XMXOWVNi0ji1YOSVNh0ni1YOPVNf0Rj1ZOmUNf0Tj1[OjUNd0Xj1]OeUNc0^j1]O`UNa0cj1@[UN>hj1CVUN<mj1EPUN:Rk1IVTNHVO?gl1JdSNE^OV1Pm1WO\SNR1il1POoRNR1Um1j03N2L5L3N3M4L3M3H7N3_OgQNUO^n1;Pglo1
20130208063134Lh_8,_[oR13ko13N2N1O100O2OO0100O10O01O010O01O0001O1N1N3L3O2O0001O010O100O1000001N102N2@cPN9go1Jodbj2
20130208063134Lh_9,Q^iT34jo13N100O01O010O00O2N2N1N2J6CBVQN`0jn1;00000O1LN50100001N2N2N1N3M2N2O1O01N2O2N2N2M4N1N2O10O00O1L30O11N2O0100O100O2N10N2N10I9N1M4M3K5N2O1N2O1O1O2M2O101M4LWedf0
20130208063134Lh_10,aamk06ho13N2N2FDkPN`0Ro19N3N3L7J2N1O00O1O0O2O000000O001M3N1O11OO0011001N2HeNhQN^1Vn17ODmQNmNSn1o0RRNPOmm1o0VRNQOhm1o0YRNQOfm1o0\RNoNcm1Q1`RNnN`m1o0cRNQO\m1o0fRNoNZm1P1iRNnNWm1R1k000GZQNYOfn1g0:O0O1N3O0O2N1O1O101O00001N2O1O1O1O1N3N2Mk`PP3
20130208063134Lh_11,]c]X22lo14M1N3N100000000010O00001O2N1O01O0000000O100000000000000O100000000O10000O101O000O10010O010O01O10O01O000001O001O1O01000O1000O10O10O10O0010O000O2O0000000O101O000001O001O000O2O0O100O100O100O10O100O1O100O100O100000001N1O100O1O100O100O1O10O00010O1O010O010000000000000000O10000000001O000O2O0000000Ob\\^1
20130213063454Uh_1,R^d^17ho13N4L6I2O1O1O0O2O01000O2O000O010O1O2O1N2O6J0O1000O100O1O100O0O101O001O0O2O1O1O1N2O1O1O1O100O001O100O100O1O2N1N2N2N2O1N3M3Ne`_]2
20130213063454Uh_2,gZYT21mo13N2N2O0O10000O011O0O01000O100O00100O1O00100O0010O010O01O010O010O10O01O010O10O0100O001O1O001N1O10001O001O001O001O0O2N100O2M201O0010O000010O01N101O100O1O1O1O1O1O1O2N1O100O2N100O1O2N1O2N1O2N101N3Lnfbe1
20130310063154Uh_1,VXlP21no12N1O1O1I7O2N3M6J2O1N2O1N2O;E1O1O1O0O10O1N2M3N3_OZQNDhn1;ZQNBhn1=[QN_Ohn1?>O0O2O000O100O1O10001N101O1O001O00001O0O1O2NShok1
20130310063154Uh_2,]``U14jo14L1N2N2K50O10000O101O0N1010000001O0000O100O2O0O101O010O01O001O10O10O10O1000000O100O10O1O001O0010000O1000O010O1001O0O100O100O101N100001O1O2M2O0O2O001O010000O10000O0100000O010O101N100O10000hPNDln1;RQNGnn19oPNIRo1b01O1O1O00001O001N2O1O0O2O00010O0010O10001SSNDSj1=jUNEVj1>eUND\j1=`UNDaj1?STN]O56hk1>fSNXOH7h05kk1\1STNfNmk1Z1mSNoNQl1R1YSN[N:j0Yl1S1dSNQOZl1o0dSNUOZl1Y21OgSNgLjk1Z3QTNjLok1d31N`0VNgSNlN]l1n0iSNWNB`0kl1n0RTNlNUl1n0oSNlN[l12fRN:U1AXl13jRNLGOTo1OV_ga2
20130310063154Uh_3,]bne0:[o1>K3N3L3N3M2J6L4O100O3N4KnNlQN:Sn1CPRN<Qn1BQRN>nm1@URN?lm1]OXRNb0jm1YOYRNh0`n1O1O1000VQNWO[n1j0cQNXO\n1k0_QNWOan1T11O000O1000000O1O100O1N2O2M2CSQNASo1<:N2O1O1O1000001N101N2N3LT]gV3
20130310063154Uh_4,kfdm22mo13WPNM`o1;N3N001O1O1O1O001O1O1O3N2OO08J101M0O1O3M5L3M02O0O4L001N6K2M1O4M6KO2ON2010NO0O2O1O000O2O1O2N1O2OO0000O1O10O01O1O00100000O10O000010O0001O001O1O100O000010O0000001O0010O00001O1011N000O2N;E1001M6E\UWl0
20130310063154Uh_5,eP[Z16ho12O2N1O001O0O1001O0001O010O2O0O2O0000O010O01O001O1O01O001N100O1O10O11O0O1O1000\OK\QN7dn1LWQN6gn1b0O1JQO[QNQ1dn150F`QNTObn1i0;E;N2I8O01O1O1O001000O1O2NgQka2
20130310063154Uh_6,fS[S13lo11O2O0O2O0O10O100O1000000O0100O10000O10O1000O10O010000O01000O100O1O1O1O1O1O1O100O11O1O3M3N01N001O0O10O100M3N2O2NelRi2
20130310063154Uh_7,T\So02jo16L2O2N2N1N2L5N1O1O1H80000000000000O1I7O101N101N1GePNM[o12hPNKYo15hPNIYo17800001N1O1O1O010O01O100O1O1O100O100001O001N101N100O1O010O00001000O1O1O2M2O1O0001O10000004L1O1N10ldRl2
20130310063154Uh_8,j[Wd14ko12O0O2O0000O010000O101N2O1O2N1O1O1O1O0001O01O010O1O1O1O100O1O1O1O2N1O2N3M2N1O1O1O1O100O01O4M0O010oNXQNi0hn1TO\QNk0mn10O1001N101O0O10O10001O000000O10O10O010[OPQN9on1FSQN9nn1DVQN:Yo100O100O1000O10O010O001O0100O01O10O0001O01O00000000000000001O00001O000O1000000O100O100O10000001O0001O00000000000000O100000O1000000O1O1O1N2N2O1O101O00000001O000O10O1O100O1O2N100O10O1O001O1O1O1O010O100O10F_OTQNa0kn1;O0O01N3L3O1O101O00N0O0200N0O3M4M4M4M3L5LPd`o1
20130315063154Uh_1,VY`j1<co13M2N101N101O00001O00O1000000O100001O000001O002O0O1O0100O01000O100O10O100002N0O10000000000000O100O1O1O1N101N2N2N2M4LPfiQ2
20130315063154Uh_2,bZPn11e04_n1O]QN3cn1M\QN5cn1L[QN5en1LXQN6in1JPQN<Po1:10O100O1O100O1O00100O1N101O1O001O1O1O1O1O1O001O001O01O00000O010O100O101O00000000O2O0010O01O1O0010O00010O0000001O000000001O3N1O0O1O010O1O1O001O00010O01O10O0100O10001O000O100O1O100O100O2N6K2M2N2O10OURNbNUm1\1iRNoNol1P1nRNSORm1n0kRNTOUm1k11N101N1N2O2M2O2O1N2N102L4M3L3J6M3N2O1O001O01000O10O0101N1O2O0O1O10`QNkNTn1U1hQNQOVn1]100O100O100O2N3M3QRNUNcm1T200011N2N1N3N1N3L5L5K5L3L2N3N1N2O2M2O2M2N2N2O00010O011O00000O10O10O1000dQN^OXm1b0gRNCVm1=hRNGVm18jRNLRm14nRNMRm12nRNOQm11nRN1Qm10mRN1Sm10kRN2Tm10iRN2Um19`RNI_m1:]RNHam1]1O5J3M2O1O001O01O001O1N2N2M2L5N1O2N2N2N3N2M3N2N1O1003M2N1N100O101O1O1N3N1O0O2O00QNZRNc1fm1[N\RNf1cm1XN_RNh1bm1TNbRNk1lm1ObSNYNbj1e1\UN]Nej1b1YUN`Nij1d1nTN^NUk1b1fTN`N]k1^1`TNeN`k1<`SN0m0Fek17`SN4f0Hkk13`SN7a0GPl11`SN;;EVl1O`SN>6C[l1O_SNa02A`l1M_SNf0K^Ogl1L]SNb1el1^NYSNc1gl1^NVSNd1kl1g02PNTSNj0nl1SOVSNj0kl1TOWSNLF7Um1KWSNHK:ol1MYSNDK=ml1O]SN]OHd0kl1OoSN0Sl1OnSN0Sl10lSNN[l1MeSN1_l1McSNO`l10cSNL_l13eSNH]l17h1Kj^i`1
20130315063154Uh_3,T_hl22jo16M1O2N2N2O1N2O1O1O0000001O000001O010O010O010O01O010O0010O0001O01O001O010O1O001O1O0010O001O1O001O100O1O010O1O101N1N2O2N101N1O2O0O10O1001O2N4L1O0O01O1O1O1O1O00010O010O0100O101N3N1N2O000001dNaQNT1gn1O02N000001N100O100O10000O101O000002O003M1O00O003N00O0010O0019^QNgNhm1j10O001N1O1O1O1O1O2N1`NkQNT1cn1N2N3N4L3L1O2N2N2M3M3M5K4LQ\ki0
20130315063154Uh_4,c``k22no11O2O2N3M1O0010O0O2O00000O010O00010O01O1O010O0010O10000O100000001O000001O00001O00001O001O1O0001O01O0000010O00101N1000O10O01O010O2OO105K2N00110OL7I7G`\io0
20130315063154Uh_5,cdTa01ho19M2N2O0O2O1O1O0001O0000000001O0000O10O01O1O10000O10000O1000000000000O10000O00M4O1O1O101O000O1000000O1O1O1N2O10O1M4M2O1O1O01O1O1O1O101N2O1O1O010O010O101N2N3M1O1OO1O1L4O2N101N2O1N101O001N100O1O1O0O2M2O2O1O2MU\[X3
20130315063154Uh_6,Ugbe12mo13N3M1O3M4M2N2N3N1O21NO00O1O1000O2O9GO0O101N2O1O011N102N0O101O000O2N2O0O0010O2O1N1O1O1O01O00001N102N4L1O0000000000O100O10000O1O1O001O2N10O010O3N1N10010O000010O00010O10N1O1O2N3L3LlTiT2
20130315063154Uh_7,\g^l11oo10O2O1O1N10000010O01O001O1O010O001O1O100O2N2N0010N101O0O101N10010O0010O01O0010O0010O010O00010O00100O001O1O1O001O1NSXmo1
20130315063154Uh_8,RkPm13mo12N1O1O1O10000O010000O0100O1000O10O010O01O010O0010O000010O000001O00001O001O0O10001O000000000O01O10O0100O10O010O01O01N10001O1N100O2I7J5N2XO_OnQNe0Rn1d000000O1O1O1O2M201M2N2O1OO1000N2K5O20000O2I6J7L4N1N3N1O2K5O1O10UWcl1
20130315063154Uh_9,Q]oT33ko14M2N3M2N3N1jPNHbn1l0N2O1N2O1N3N4K4L3N2M4M4K2OWO[RNYOcm1f0aRNXO]m1h0kRNROUm1m0lRNSOTm1k0oRNUOdm16^RNIdm13`RNKcm10_RNOhm1H[RN7hn1O1N2MUaPi0
20130328063154Uh_1,S\jn01mo14M2N1O2N100O101N1O2O1N101N101O000O2O00001O1O001O00001O00000O2OO10O10O0000010O00001O010000O010O10O01O1O001O1O1000O001O10O1000000000001O0O101O0000001O01O01O01O000010O00001O000000O10000O100O100O10001N10000O101O000O2O00001O001N101N101N2O1O1O1O001O001O00001O00001O01O10O0100O010O10000O100O2N101N1O2O0O100O010O00O2N1O1N3N1O2O0O2O1N1O2O1Mkcgf2
20130328063154Uh_2,`eTe04jo18H8I4L5K4M1N2N2N2N2M3M2N3N2M3M2O1N2O1N2N10]O]RNhNem1U1d0M3N2O1O1O100O0O2N01O1O2O01O1O1001N1000O1N2O1000000010O00010O0O1O1M4N10000001HWQNWOjn1i07O1O0100O001O001O0O10001O010O00000000N3M2O101O0O1O001N20000O101O0O10O10000010O001O1O0100O1O010O1O1000O10O010000001N101O0O10000O100O1O01N2N1O1N10010O1001O01001N101O0O1O2N1O1N1010O0O101O000000001O001O0O2O1O1O001O1O100O10000O1000000000000000000000001O0O100O1O1O1O100001N10001N1O1O10001N1000100O1O001O01O01O01O010O0001O00100O1O010O000001O010O1O1O00100O1O001O1O100O00010O10O10O010O01O00100O10000O10O1O100O100O101N5K4KX^oi2
20130328063154Uh_3,VYWe13g06Tn1OgQN5Un14\QN6an1f0WOjNdRNX1[m1nN\RNW1cm1d0N100010O0000001O1O001gNaRNO_m10dRNM^m11eRN^OHLdm1e0Y1O2N1N2N2K6K4N2O2NbglX2
20130521063134Lh_1,mel\23lo12O0O1O1O1O1N200O0100O010O1000O10001O0O10000O10000O1O10O01O100O100O1O1O1O0010O100O100O100O1O1I7O100O1O1O1O2NiZe_1
20130521063134Lh_2,hjhg23lo12O1N101O1N2O1O2N2M2O1N10O000N10100100000000011N101O00000O100000000O1000000000O2O2M1O2N1O1O1O010O103M3M0001N7J4K3M2N2MWT_T1
20130521063134Lh_3,ejhk23lo12N101N2O;D3N1O1O100004L1O00001N101O1O10O1O0gPN@Po1i00000WRNYOXl1g0fSN\OYl1c0TSNZOF5Wm1`0QSN^OE4Zm1>oRN@E3]m1=lRNCD1bm1;hRN8_m1NRRN4om1m02O1N2O1O1N2O0O2N1N2M4M2O2M3M2N3M2O2N1O2O1N2N101N100O2O0010O01O2BcPN5eo1O000000000O1000O10000000O010O100O101N\Smn0
20130521063134Lh_4,eYa]23lo12O1O1N101O0001O00O1000000000000O100O0100O00100O0100O00010O10O01O001O100O010O10O1O10000O10000000O010000001O0000000000000000001N10001O00O10000O10O10O10000O010O1000000O10000O101O0O100O2N2Mmfb\1
20130521063134Lh_5,[ZQm23jo16L2N2N2N2M2O2M3L4M2L5M2OGXQN[Ohn1b0_QNZOan1d0>01O001O0O1N2L4O2N101O1O1O1O100O1O10O01O00ifdP1
20130521063134Lh_6,fYcf13ko14L3K5N1O2O10O001O1O10O01O000000O10001OO10O1000000000O100O100O010O00100O0010O010000O1O1O2N3Kef^V2
20130521063134Lh_7,l^kV15jo12N3M3N1O1O1O8I1O000000O100O2O00001O1O0O2O0O01O010O0001O001O001O001O001O1O01O1O10O01O010O001O001O0O100O2N1O1O1O2O0O1O1O1O2N101O00ZORQN:\o1O0O1O10O01O00000O10000O10O10001O1O101N1O2M2O1O0O2O0001O01O010O001OGoPNCQo1<QQNCon1<SQNCmn1<TQNCmn1=SQNCmn1=:1O1O1O100O2O001O1O00000000O100O10000O1O0100O0100O101O001O1O001O1O1O0O2O0O101O0O1O101O0O2O0O2NQ`d_2
20130526063134Lh_1,`aRb0350^o1=K4L5L3M2O1O1O1O2N2O14LO0001O0O2N3M1O1O1O100000O101N1O001YQNXOTn1i0iQNZOVn1h0eQN[O[n1U1001O1O3M1N3N1N2O0O3M2N101O1O10000O1O1O01O0000001O00010O2001N1N100O001O1O002N2O0002N0O104M0O00000O010O010001N3N0O010O01O2N100O0010O01O100O1O10O010O01O010O1O010O0001O01O010O1O00102M1O1O00000000O2O0O1O1O10001O1O001O00010O1O002N2N4L2M2O1O00001O000010O1O1O100O001O1O00001O0000001O00000100O010O01O001O001O1O1O0000O1O100O1O100000O101O1N2O1O2mPN[Ogn1P1N2O0O10000000O1000O1000000O010000O10O10000O1000000O100000000000O1O1O001N2O1N2J6O1O00100O001N2N2N2O100O1O10000000000000000000000000000O1000000O10000O2O00001O0000001O00000100O00001O01O0000000001O0001O01O00001O1O1O1N3M2O1O0O2O0O2N10001O1O01000000O100O100O100O1O100O001O001O000O1001O010O1O100O001O0000001O00000000O100O100O1O2N1O1O1O1O2O000O10000O100O10000O10000O10O01O1N2O1N3NP[ge2
20130526063134Lh_2,^dja13lo14M4L1O0O10001O000001O01O001O10O001O00000000001O0001O00001O01O01N10000000000001O0000001O001O0000000O10O010O010O0100O001O010O010O10O10O10O010000000O01000O10O1O10000000010O01O01O00000O1000000O1O1Of[QX2
20130526063134Lh_3,iidW14ko1101O0O10001N10000O2O00001O1O1N2O00100O1O010O0100O2O2N0O1O10O0001O001O001O01O0001O01O0001O0001O000000000000O10O1000O100000O10000000O10O10000O1000000000000O101O1O1O100O1O100O01O100O0100O100O101O0000000000O10O01O1N8HYUca2
20130526063134Lh_4,]kT]12mo13N1O2N001N2O1O01O01O00100O1O10O010O000001O01N101O1O1O00010O0001O0001O00000000000O1000O0100000000O0100O10O10O10000O0100O0100O010O10O010O10O010O0010O010O010O01O010O010O01O01O0010O0010O01O010O0010O01O01O01O01O01O01O001N10000010O000O2O0001O00001O01O000O2O0O2O002MnUeZ2
20130526063134Lh_5,aj`Q2185Wo11cPN2[o1<M8I6PRNPOel1S1SSNSOll1n0gRNkNH<f0Hik1V2QTNoMPl1U2_SNVNel1c2O11M5L17IN2N>]MjRN_1Xm1\NoRN_1Sm1]NRSN`1Pm1\NUSN1^OV1fn1I>UO`0K[RQm1
20130526063134Lh_6,cPSR14ko12N1N2N2O1N2N2M2O2O000010O01N1O101O00010O00000O10J6O010O100O101OFDQQN<nn1HoPN8Qo1;010O01O010O010O01O000O1N2O1N2M3N11O1O10001O000010O01O0O2O1O001O10000O100000000O1000O0100O2N10000000O10001N101O1N2O0O100O10O10O1O010O1000000O1000001N5L1O0O10000000000O100O10O01O100O010O001O100O1O2NRRae2
20130526063134Lh_7,fWci14jo12N3N1N101JFdPN;[o1501O001O010O001O001O0000HiPNHXo178000001N101O0010O010O0100O100O100O2N\inS2
20130526063134Lh_8,hWQS15ho15L3N2dPNE6O[n1i0_QN]O5Jlm1Z1oQNkNnm1e1N7I5L3L2N2O0O1O100O2OO0^OmRNYNSm1d1RSNZNnl1d1USNZNll1e1VSNYNjl1g1h0N2N2O1aNiQNT1Xn1iNPRNR1Qn1lNQRNR1_n10O10O1000O01[O_QNK`n14eQNI[n15iQNHXn17i0M4L^h\j2
20130526063134Lh_9,SZST16io12N9H001N1010O002N2O1N1O01O100O010O101O01N100O100O0100O10000000000O1O1O5L0O1002M1000000O1O001O001O0O2O001N1O2O000001O01O100O0100O01O01N1000000000O2O000010O0000001O1O001O0O1000O01000000O10000O2O001O001O0000000O10001N1O101N101N2O00\OmPN<So1@RQN>Yo1O001O010O1O0O2O00000O10000O10000O010000O1O100O100O10O010000O10O10O01O0010O01O010O000001O000100O010O01O010O01O10O0000O10O100O1000010OO1000001O01000O100O100O1000O100000O10000001O000001O002N1O1O1N2OZe^^2
20130526063134Lh_10,l^YP3391Vo12fPN1Yo11dPN1Zo1;0000O100O2N6J1O1N110O0101N2N3N1N2O0O101O000O2O000O100O100O100O0O2O00100O010O01O001O0O1I8M2O200O10000001O002N3M4L5K1O001N101N1O2N1O[a\k0
20130526063134Lh_11,h_mh21no13N1O0O2O001iPNL`n15\QNNdn13ZQNNfn14XQNLhn16UQNKln15RQNLnn1c0001O001O1O001O001O010O1O100O4M1O0O010O00001O0000000O100O2N2M3M3Me_XT1
20130530133654Bh_1,PZTb17ho12N2O1O010O0100O1000O0001O0000O1000000O2O1O00000O10O010O10O0100O100O10000001O01O0000000000000000000001O010O010O00001O01OO010O100O1001O00010O00001O00010000O10O10O100O0001O000001O01O0001O0000000001O00001N10001O00000000000000000001O10O01O01O0010O0000000000001O00000000O01001N10001O1O10O01O001N3NYeeT2
20130530133654Bh_2,j]b_14ko12N2O010O01O010O01N2O1N2O1N1O2N2N2N8G5K3N3K5K8I4L3M4M1000O1O2L5M2N2O1O1O0O101N2N101O10O1O010O010O1000O100O1O1O100O2N100O1O01O010O010O1O00100O101N2O0010O001O0001O0100O3M002N1O0O1O2N1O1001O2OO0O1O1O1O1N2O0O3N2N2M3N1O1O00000O100000010O1O0100O1O1O02N1O5J3M2N1000010O0010O0001Om_kW2
20130530133654Bh_3,m_`h15jo12O1N1001N1N2O0101N2N101OO01O1iPNHen18ZQNKcn16^QNK`n16`QNL\n17cQNJ[n17fQNIYn17hQNHXn18iQNHWn17hQNJYn15eQNM[n12eQNO[n12cQN0\n11bQN3[n10bQN1]n11aQN0^n11`QN0`n1h001O001O101N01010O4L0001N2M2O1O000001N101N2I9L4L2O2O0O1O001O00001O01N101N1O3M2O2N100O010O100O1O01O010O001O001O00000000O2M2M201O10O01O1O1000000O10002M2N2N1N2O10000000010O00001O1O1O001O001O0O2O00100O0100O1O2N100O001N11\OZQNKgn14[QNJfn15\QNIen16\QNHgn14]QNGgn15e0M4M[_Yn1
20130530133654Bh_4,jcTW25jo13M2O2M3N1O1O1O1O1N3F^OQQNi0fn1:N3N1000O1000000000001O0000O010000O1O1O1O1O2O0O1O1N2O2N1010OO1O2N2O2M200O0010O01O010000001O00000003M2N0002N4K2N2N3Lc[_d1
20130530133654Bh_5,SdTQ35jo12N2O1O00000001O0000000000000001O0O10001O1O100O0001O100O0010O100O2N100O000100O010O10O01O10001O000000O1O1O0001N3N7FU[Wk0
20130530133654Bh_6,Ted`27ho12N2O0O2N10O01N10001O010O001E;O1O10O010000O101N101N1O2N1O2O1OA\QNBdn1<aQNB_n1<cQNC^n1;cQNE]n1:fQND[n1;fQND[n1;gQNBZn1>d001O000O2O1O0O10001O00001O001O100O1O010O1O1N3M[[_[1
20130530133654Bh_7,]dVR1`0_o15L5K3N2O0O02N2N1O1O4L6I2O01O001O10O000001O000000O2O000000O1O0O2aPNGTo1d0O0O2O010O01O1O10O001O001N1000O1000O1O10000O0101ZO]QNKen14^QNIdn14lZQj2
20130530133654Bh_8,bfnU12mo13N2M2O1O1O001O10O01O100O100O010O1O0101O000O10O1O2O1N1001O1N2N1O1O1O2N1N4KgXeg2
20130530133654Bh_9,]jjY11mo15L3N3L3N1O001O2M3N?B1N001O001O1^QNkNXn1_10iNdQNi0\n1TOjQNj0Vn1QOnQNo0bn10N3M2O1O1O10O000O1O1N2O2N2N2N4M3L2O1N10O1000000010001O1O1O1N101N1O2O1UQNRO`n1Z1M2O0O10jNeQNf0Zn1XOiQNh0Wn1TOoQNj0fn1O0O0010O10O101N11O0000O0O10O00O2OO1O1O1O1O100O2O00O101O001O0O3N2N1O1O0001O1O0O2O1O010O01O001N101O001O10O01O01O10O01O10O1O0O1O1O2N1O10001O0001O1O1O010O1O01O0O101N100010O001O10O0100O1O0000000001O00001O00100O0010O2N100O2O0O1O2O3L2O0O2O0O1O1O001O001O00000001O010O01O010O0100O0010O00100O1O1O1N2O001O000100O1N2^OTQNMnn1Od0N2M5JfQ]X2
20130530133654Bh_10,doRi26io13N1O1O1O1O001O00000O001OO101O01O001N2N101N2N1O101O0O10000001O0010O0000001O001O100O0O2N100001O1O1O1O2N101N2O1N2N2N1O1O10O010O1O10O10001O0000O1000000O010000O010O10O010O001000O00100O10O1O010O1O1O1O2N1O1O100O1000001O0O100O1000O1O1O001O1O001O0O2O0O2O0O101N1O101N2O0O2O1O1N_R_n0
20130530133654Bh_11,[Ymh24do1;L2O1N2N2N1N2O1O001N3N1O2M2J6N3O1N2O3L4L5K3M2L4J5M200iLjMdXNW2]g1kMhUN3W2f1hMWN[j1f0lUNXOU1m1`i1mNTUN]OT1f1ni1]OoUNc0Vj1\OfUNd0]j1\O`UNc0cj1_ObTNcN:S2Vk1T22H8YL\TNY20iMgk1L^TNS21nM^l1h1iSNVN\l1b1lSNXNbl1Z1V1K5J7WOTjVT1
20130530133654Bh_12,cV[\13lo13N2O0O010O01O01O010O1O100O101N2O0O10000O01001O0O10010O1O1O10O0000001O0000000001O01N5L1N1O2N2N3Logb`2
20130530133654Bh_13,bWiY33lo12N3N1O1O0O2O0O010O01O00100O100O0100010O01O001O001O001O1O1O1N2O1O100003M4L01O1O0O1000O2N3M3KogXc0
20130530133654Bh_14,lWiR1;do15mPN4jm1NRRN6lm1Q1N4N2N0010O100O7JN2NoNnQN3Rn1KRRN3mm1MVRN1jm1NXRN1gm1O[RN1dm1O^RNOam11bRNM^m13eRNKZm15hRNIXm15jRNKZm10hRNOZm1LiRN4Zm1ClRN<]n1000000O0100O0100000000O100000O100O1000O1O0010O0100O010O0010O0100O0100O1O100O1O0010O1O00000O11O010O1O01O001O001O10O010000O01000O0010O010O0001N10001N2N2OUdjf2
20130530133654Bh_15,i\Sh19fo13M5L7I7fQN]Ohl1h0_RNN^m1[1O0N200O1UNgMPVNW2Rj1mMUUNFIY2Wk1SNjTNKJP2ak1j0P1C<L5L4I7K5K6hNmQN:an1WOWRNOeb`V2
20130530133654Bh_16,i_gP16io13N2N1N4N1N1O1O1O000000001O11^OgPN:ao1O00O100000000O0100O001O1O10O100000000O0100O10O0001O001O1O1O1N101O001OU_Rl2
20130530133654Bh_17,[boY13ko14N0O1O2N2N2O1N2M4K3N2O101O00001O1O001O2RQNROfn1V1O0O10O1O2N1O2N1O000O10O01O101N101O1O0000000000000000000000O1N2N2N20001N10O101O0O101N102N1O1O00O001O1N1K6L3M301O001N1N3M3O001H701O100001O2N6I2O0O2N1O2N1N2O010O010O1O1O1N2N2O1O00100O1N10000010O0O10000000010O0010O10O0000O1O2O1O1O101O001N10O10O01O100O11O000O100O100000000O100O1O100O0O2N2O1O1O2O001N2O1O1N2O0O2NX_R[2
20130530133654Bh_18,[eci14ko12N2N101O001O0100O010O1O010O00000000O100O1O1O2O0O2O0O2O001O000001O1O2N1O10O0001O001O010O000001O001O00010O0000010O01O00001O01O01O01O001O010O001O1O1O5K2N00O1O1M3J6K5O1O10001O0000O10000000000000O100000O10O2O0O[Zlo1
20130603063154Uh_1,^^VP14ko12N2N2O0O2O001O00100O010O3N1N2O2N1O0O101O4K2O1O10N3N01O0O100O1O1O00010O001O01O0O1N2K5N2N3N1O2N2O1O2M3N1N3Mh`]l2
20130603063154Uh_2,icnX34ko15L2M2N101O0O1000001N100O10000O1001O0O100000000000000000000001O001O1O00101N1O1O2N1O10O01O001O0O10001O001O010O0000000000O100O1O1O1O1O1O10000000000000000001O010O1O1O2O0O1000O100O1O0O2O0O1O100O10000O2O01O000000100O001O10O00001O010O001O01O0000000O10O1O1N2O1O1000O10000001N101N2GbPNMbo1MS\[>
20130603063154Uh_3,oeh^23lo12O1N2O1O00001O000010O10O1O100O1O100O0100O010O001O00000000000000000000000000001O00001O01O00001O01O0001O01O00001O1O001O1N3LcY[]1
20130603063154Uh_4,Y^YP25jo12O1N2O2N1N3N2M8I5J4M3M2N1N2O2N2N2M2O1O1OgNkQNi0Tn1UOPRNi0om1VOVRNh0hm1WO_RNd0`m1\OcRNc0\m1[OgRNe0Wm1ZOlRNf0Sm1XOoRNi0Tn10O100O106I1O01O101N3N1O32LO0O10000O101O001O000O010O00000000000O100O1O1N2O1N2J501O1O1O2N1O1O1O1Oi_lj1
20130606133454Bh_1,]_lf07eo17J5M3J5_Ob0M3M@cQN@\n17oQNHTn1BcQN;=2Yn1EmQN:mn12N100O01O001O01000002N1NO101N3M1N2N2N]_WW3
20130606133454Bh_2,UcXg07fo15K5L4M3N2N1O4L5K4K4J5LlNlQNa0Rn1_OQRNa0lm1_OWRN`0gm1@[RNa0bm1@`RN`0]m1@eRNb0Wm1]OlRNd0Qm1[OSSNd0ll1YOYSNe0gl1YO_SNd0al1YOcSNe0om1L4K5J4Mi[QW3
20130606133454Bh_3,md\m21io17N1O10O10000000001O0O0100000O100000000001O001O010O0010O000001O0001O00001O0100O1O01O00001O000000000001O0001O00001O1N2MR[kn0
20130606133454Bh_4,nd``27go12O2N100O10O10000O010000001O001O001O010O000100O0010O010O01O010O00000000000001O01O0100O01O010O1000O10O10O001O01O000010O0010O10O10O01001O0O101O001O1O00010O3N00O2N9F100N2OcYUZ1
20130606133454Bh_5,j]id04jo13N2M3N2N2^NIXSN8[l18WSN]O[O<[m1<TSN2il13lRN6Sm1MhRN7Um1[1N1N3K4N2F9N3OWNaSN4Yl1GhSNfN8]1nk1M_TN1`k1OcTNO\k11gTNLZk13iTNmNVOIM3NNVl1Y1kTNkNIH[k1]1PUNhNmk1P1^TNnNak1o0eTNnN[k1k0o101M30O1O2N1O2N1ON2L5N3O2O0O2O0O10000O101O001O001N2O0O10O010O100O000010O100O1000001OO100O1O1O1L4O000001N2O0O1001O01O00000000000O1010O0O1O10000O2M1N31M201O100O2O0O100000001O1O0001O1O0010O0O2O2Khg\S3
20130606133454Bh_6,U\YZ18go12N101O000000O100O10000000000000O100O1O100O2O000O100000000000000001O0001O01O003M1O1O1O0000O10000000O10000O010000O0O2M2O2O0000O10000O10000O2O00O1O101O01O010O100O001O00100O01000O000000N3N1O100M3M30O001N2O100O2N10O00M4M3O2N2O1Nked^2
20130606133454Bh_7,`_aV11mo13N3VPNJfo1<K3N1O1O1O1O0100O00100O00010O0000001O01O01O01O000000001O1O2N1O10O1O1O2O0O0010O01O000O1O100000O001N101O01000O10O01O00O101O100O100N2L4O0001G9N200000O2N2O0O100000001O00100O0000dPNCUo1>iPNEUo1<iPNEWo1c0O1O0000O010O0101O0O2N1O1O1O100O2O1O100O10001O01O1N102M4K2O0N2O1O100001O01O1O1O1N1O2N2M2O1O10O000L41O1O1O1O010O01O00010O000O110O10O010O1O1O100O10000O10001O001O1Nh`d^2
20130606133454Bh_8,f`eo26io14L3B?D:N3eQNkNfm1W1XRNjNhm1W1VRNkNhm1W1VRNjNjm1W1TRNjNkm1g1O0OSOTRNIim13^RNM]m16eRNJXm18iRNHTm19nRNGPm1:PSNGnl19TSNHil19WSNMbl14_SNLUl1SO[SNS1`0KSl16\SNnNa0l0Rl13cSNoN:o0Rl10iSNQO2o0Ul1LnSNVOMm0Tl1JSTNYOJk0Tl1HUTN^OKd0Ql1MUTN_OLb0Pl1LWTNBJ`0Ql1_O\SNOl03M8]m1GhRN3Zm1M]1O1O2O0O1OS_nm0
20130609133454Bh_1,]_fm21mo13M3M3M3O1N101O001O001O000O1O1O1O1O10000001O001N2O1O1O1O0O101O001O1O001O0O2O1N2N3Ld`eo0
20130609133454Bh_2,W_\[15io13N2O1N1000000O101O001O010O0010O101N2O00000O10O0100O10O0100O10O010O01O010O10O100O101OO10O0100O1O100O01000000O10O10O010O0100O100O00100O001O2Mb_U`2
20130609133454Bh_3,dabf24ko12M2N3N2N2O001O001O000100O10O0100000O10000O10O010O01O01O001O1O1O1O1O10O01000O010O10O010O01O100O1O3N2N2N000O10O010002M3M10000000O1O001O00001O1N10001O001O001O1O100O1O100O2N100O1O100O1O1O001N2O001Ni\YS1
20130609133454Bh_4,QdVX32`o15ePNNZo1<O1010O0010O10O01000O010O10O0100O1O001O001O100O0010O01O10O010O00010O01O10O001O010O1O1O1O1O1O1O1O1O100O10000003M0O10O0001O00001O001N10100O1O1O010O01O00001O1O1O1O1O1O2O1N1O2N100O1O1O000010O001O2O0O10001O010O2O1O0O001O0000O10000O1O1O2N10O010O01001N100O01O001O0O20O00100O1O1O3M3KjYQ?
20130609133454Bh_5,dfXd06io16K5K9G3M2O0122NOO3L2N0O2O0000001O00011O01N1O101N2N0110000O6J5K4M8MLN1O01SOaQN4_n1CmQN:Po1O00O0O01O2M4K3MeUiX3
20130609133454Bh_6,ajnR17go14fQNKbl19XSNMel16WSNMhl15TSNOil14TSNNkl13SSNNll15QSNMkl19aRNUO6d0Vm1f1N2O1O1O1O0100OO1O10010001N101O1N3lMcRN]1dm1_NbRN\1bm1`NeRNl0EVO`n1f0n0^O5K`UQk2
20130609133454Bh_7,Vj`^15jo1200O102N1O1O4L1O0001O0000000010O1O110O00O102M1000O1O100O1O000001O0O2N3M2M3MUTQ_2
20130609133454Bh_8,_njQ12ko17_OKlPN;fn1f0L3M2O1O10O1O2N1N4H8J6F;JhRUm2
20130609133454Bh_9,[P[b05jo13M2N2O1O001O1O1O1O1O1N2N1O2O0O1O100O1O101N101N101O100O1001N2O2M1O0000001O000O1000O001O00000001O10001O1O101N2O0O1O100O1O1O8G4LUodY3
20130609133454Bh_10,g^_Z13lo12I7M3N2N2N2O1O1O1O1O1O0000O100O10001O001O00001O001O00000000O010O100O001N100100O00101O00001O001O1O001N101O000O10O10000O101N100O2N101N10001O01N100O100O1O1O1O1O1O10O010O0O2ADXQN>fn1>010O1O1N2O2M2N1000O1C>N2N3D;MK7M3N2N10100N2O1[O^QNMbn11iQNFWn19nQNBSn1=h0O10000O01000O100000000000O10O1000O100000000001O001O01O00001O0000010O0000010O010O00001M200O1000O1O00010O0O2O1O01O2L3O2O100O10000000000001O00001N101N101O001O001O00000000000O0100000O100000O10O100O10001N10O10O10000O01O1O010O1O00001O0100O100O01000O10O10O0010O010O010O001O01O01O010O1O001O10O010O010000000O010O10O001O0O2O1N2O010O10000000O1O2O001O1O2N2N10O00000O1000O001O0010O01O10O010O00010O10O01O1O001O000100O010O100O010O0100O1O10O0100O0100O1O010O10O0100O01O1O100O1O101O0O1000O100O2O0O1000O01O10O010O100O001O1O001O1O00001O01O0O2N101O00O100O010O100000000001O00010O1O10O010O0N3N2O0O2O1N1L5N1000O1N1O2O2O0O010O1O100001O01N2I7L4N3Mjinj1
20130609133454Bh_11,mVeV1>ao16K6K1000O1O00000000O10O01O10]OoPN5Qo1JRQN4nn1KVQN2jn1NYQNNin10ZiRh2
20130609133454Bh_12,U\W^23lo12O0O2O1O00000000000O10001N10O10O1O010O0O2O1O1O1O001O1N2N10100O10001O001O1N110O00000000000000O100O1000001N10000O100O1O100O1000000000O010O01O10O01O001O1L4O1O1O2M3Nbdd\1
20130609133454Bh_13,j^ci02mo13M2N2O00001N100000000000000001O0000000O100000O10001O00001N10001O000000O100O01O001O1O10000001O010O10O01O001O1O1O0O1000O001O1O1O001000O010O100O10O001O01O010O0001O000100O001O1O01O000001N1L5O1O2NnaZP3
20130609133454Bh_14,^`iW24ko12N1N3K4O10000001O001O00001O0001O00000000000000000O10000O2O0O101O000001O001O1O001O001O001O00001O000000000000010O00000001N101O1N101O000001O00001O001O010N101O0O100O100O100O10001N1O3M^_`b1
20130627063134Lh_1,^dnQ22lo14N0O2O001N100O1000000001O00000000O10000000001O1O001O0O100000O00100O1O010O10O100O100O1O100O10000O10O001O00001N1O2O1O001O10O1O010O01O1O1O100O100O100O2O1MX\Wi1
20130627063134Lh_2,RefR11no12O0O101O00000O2O00000O10000O10O01O1O0010000000010O10001O0O1O0100O00010O001O001O001O00000001O2N1O01O00001O1O100O01O001O001O1O100O11O003M_PNE]o1`0O00O10000O10O100O1000O10001O1N100001O1O0O20O1N3N01O0O4M0O100O01O001O000O2O0O100O2O000O101O001O0000001O000000010O0000001O00001O001O0OUYid2
20130627063134Lh_3,felV32mo12O0O2N101O001O00001O01O0001O0010O01O0000010O01O00010O01O010O100O010O100O010O1O00100O001O1O00100O010O100001O1O1O1O1N2O00O101N100O1O2N1O0O2O2N2N1O1027H1N2O0O0O1000101N01O0O1O2N1O2N2O00O100O1O1^OiPN9do1IRXob0
20130627063134Lh_4,`W_P32mo13M2N2O1O1O01O010000000004L0O1O10O010O1O00000O10000O1000000001O00001O001O1O1O3M5K1O000O0000O1O1N2N3M2O2L4N3N2M`hPl0
20130627063134Lh_5,nYkW24jo1>B4M3lPN^Odn1S1L3M3M6J7I3M3MbNWRN^O2S1cm1_OmRN;nl1GUSN8hl1I[SN6cl1J`SN5^l1JfSN5Xl1IlSN7Rl1^OiRNOY1b0lk1_OPSNG[1h0ck1AgTN>Xk1BiTN>Uk1BoTN;Pk1FSUN8lj1GWUN8hj1GZUN8ej1I[UN7ej1H]UN7bj1I`UN7^j1JbUN6]j1JeUN5[j1KfUN4Yj1MgUN3Yj1LiUN4Uj1LlUN4Tj1LmUN3Rj1MoUN3Qj1LPVN5ni1KSVN5mi1JTVN6li1JSVN7li1ITVN8li1HSVN:li1FTVN:li1ETVN=ki1CTVN>li1ATVN`0ki1ATVNa0ki1^OUVNc0ki1]OTVNd0ki1\OUVNe0ki1[OUVNe0ki1ZOUVNg0ki1YOUVNg0ji1YOVVN5_M8[l1CVVN4aM8Zl1BVVN6`M8Zl1AWVN7_M8Zl1AWVN7_M8Po1InPN7So1;00O100000O010000O1000O010O10000000O010O1O010O001O000100O100O1O100O1000O01O0001O00001N10001O001O10O010O1O1O1N2O1O100000O001O0O100O10000001O001M4M3M5Gjef_1
20130627063134Lh_6,j[[V12mo12O00001O00000O10O10O100O00100O10000O010O1O1O001O00100O001O0001O0010O001O1O001O01O01O0O101O00000000000O01O1OO1O2O1O1O1O1L3001O2N2N3K7HTf\e2
20130627063134Lh_7,`eYf14lo10O2O001N2O100O2O000O10O010O000010O01O001O001O00000000O100O0100000000000000000000000001O0000001O00001O001O001N1000O1O1O1O1O10000000001O0001O001O1O1N2OVZnT2
20130627063134Lh_8,jeSQ25jo12O1N101O1N1000001O00010O1O2O1O1O00007JO00000O010O00010000O1O000O2O0000000001O000010O01O1O001O001O001O001O000010O001N2O0O101N100O101N1000CPQNJPo15RQNJon15RQNJPo14PQNLSo11nPNNSo10nPN0So1OmPN1To1NmPN0Uo1NlPN2bo1O0OQYli1
20130702070714Th_1,XbZk05jo12M3N2K4N2001O001O1O1N2O0000000000000O100O100001O1N101O1O1O1O0O101O0000001O1O1N2O001O1O1O001O0000O101N101O000000000O100O100O2N1O1O100O2O0O100O2O001O1O10O010O00010O010O10O001O2Mb]So2
20130702070714Th_2,jelb14ko13N001N20OO2O00000O10010O01O01O001O1O000O101OO10O10O1O100001O1O1O000O2N1O1O01000000000O1000000001N2M3M3N101O000O100000000O20O0000001O001N10O2O000O110O0001O00010O00000001O000000000000000001O00000000O1000O1000O100001N1000000000O01000000000O10000O100000000000000000000010N1000000010N1000001N10010O01O001O0000010O0000000001O01O00001O001O10O000000000O1O00100O10O100000000000000000010O000100O00000O10O0010O0101O00101O000O01O002N1N102N1O1O0000iY]o1
20130702070714Th_3,WfXQ25jo12N2M20001O000001O001O10O0100O00010O0010\PNH_o1>0O000O01O0001O001O1O2N1O01O00001O00001O00000000O10000000000000001O00001O0100O100O001000O01000O10O010O100O1O1O001O1O001O0001N101N3M2N4KjXUi1
20130702070714Th_4,giff22mo12N2O0O200O0010O10O01O01O010O001000O01O010O1O10O010O010O10O10O001O01O01O01O1O1O00100O1O10O0000001O001O001O000O1000000000O2O000000000O101N100000O1O0001M2M4N1000O1N3N2N2L6I\VmS1
20130702070714Th_5,fUkd24jo14M5K3M2N1O1O1G^OSQNc0ln1@QQN`0on181O1M3O1H9N10O0M301O0001O00O1J7G8001O001O1O10001O1N3J5L5K4N2N1O2O1Lak\X1
20130702070714Th_6,oYYT35ho13N2M3M3O000000O0100O0eNAVSN`0jl1CSSN=nl1DPSN=Pm1ElRN=Sm1DjRN?nl1JoRN7Rm1JmRN5Tm1MhRN3Zm11aRNMbm15[RNJgm1KPRNJ7;im1HURNM0:km1JVRNMM8nm1KWRNNG8Rn1JXRNc0gm1^O[RN?em1A^RN<bm1E`RN7am1JaRN4_m1KdRN3[m1NgRN0Ym10hRN0Vm11lRNMTm13mRNLRm14PSNJQm16PSNHQm18QSNFol1:[1O1O100O0010O100O11O010O1N1001O01O001N2O0O1000OO11O1O110O0100O1N2O2M]jRg0
20130702070714Th_7,oXWf0356To1`0L4L4M4I6M3WOeNgRN^1Vm1fNeRN_1Xm1dN`RNd1]m1c0L4L4M7H4L2O2M10XN[SN6cl1_OkSN?Ul1@oSNTOEh0Zl15eTNI[k1_O`SN6W1;Xk1^OdSN4X1BdNe0_l1EgSN2^19hj1DoSNN\1?bj1BVTNL[1`0^j1DXTNJ]1a0[j1C^VN=bi1B_VN>`i1AbVN?^i1_OdVNa0\i1]OeVNd0\l10O1O100O27KNO2M1O1O100O1O100O2O0O0010O1O01O0O1O1O2M2ObdPV3
20130702070714Th_8,WZmg12lo14M10001N10000000001O000001O000001O01O01O000O10O10O1000000O100O010O10O10O01O010O001000O01000O10O0010O01O00000001O00001O000M30000000000O0100N2O1O2N2LSg\S2
20130702070714Th_9,f^SQ26\o1MnPN6mn10oPN3nn1c0L3SQNVO9Jhm1^1TRNgNhm1]1SRNgNjm1i1M3N2O3[RNgM\m1b2M[NjRNa0Um1nNhRNO5T1Rm1kNmRNL4[1ml1gNcSN^1Xl1aNiSN`1Wl1^NjSNc1Wl1VNmSN;[Oj0hm1TO\RNl0bm1SOaRNLFd0gm1_OSSNa0kl1]OYSNc0fl1ZO^SNe0Pn1O10O001O11N10O1N1O1O10O011N2O3M5K2N0100O0000O100O01000003MO10000N2N2L4M4Mn]Rk1
20130702070714Th_10,aa[m24ko11N2O1O1O1O1O0O200O100O001O0_ONSQN5ln1?010OmNSOUSNl0jl1XOTSNg0ll1[ORSNe0nl1]OPSNb0Qm1BkRN>Vm1FbRN<`m1G[RN9gm1h09K8I5M3N5J5K3M3M<C3M4Lh_XP1
20130702070714Th_11,icgT25io14L3N2N2M3N3M2N2N1N3M2O2N2N101N1O1O1OOOM4O2O2N1L5J6N1O2N2L4N2O1O2N1O3LU]Pi1
20130811121434Ch_1,hd\T21oo1001N2O0O1O2O000000001O00000O10000O101O01O0010O10O10000O010O10O00001O001O1O1O1O01000000000000000000000O10O101O01O1N1O010O01O10O001000000000O00100O001N2O0001O001O00100O0100O10O0001O0000000000000O101O0O2N1O101O001NPZmd1
20130811121434Ch_2,\gT\23mo11O1N2O2N1O2O0O0100001O010O2N1O1O000002N10O2N3M1O1OO1O1O2N2M3N1N2O00O2O100O1O1O1O2O1N100O100000O0101O00000000O00100O3M3M1O0100O0010001N101O1OO100O1O1O1O1O1N101O0010O010O100000O100O10O10O01O00O101O0O2O1N2NVV]]1
20130811121434Ch_3,blRW39fo14L4J4L4N2O1O2N10O101N10001O2N0001O00001N10001O0O010000O1O001O100O01002O0[OhPN`0]o1O00000O1001O01O1O000O1O1O2M2M3N20O1O1O1O100O1O2N6J1O100O101O00000000O00010O001^OjPN8ao1M3M3LVQkc0
20130811121434Ch_4,fTij11lo14N2N100000001O0010O00010O00000001O00001O01O01O010O000010O0001O010O00001O0010O01O0010O01O0001O001O0010O01O001O10O010O0010O01O0000000000000000O101O01O01O0000000001O001O1O00001N1001O000001O000001O0010O01O1O1O001O0010O00010O001O1O010O10O1000O01O010O001O1O1O2N2N2NVjPm1
20130811121434Ch_5,VZgb2<>2Wn1Q1C;L3K5H9M2N2NYOlRN]NIL\m1l0PSNVOmm18mQNGmn17?O2N3MefZ\1
20130811121434Ch_6,hb]_12mo12N2N101O001O00001N101O001N101O1N101O00001O00010O000001O00000010O0001O000O1000000O10001O000001O0O101O0O101O0000001N101O0000O0O2M3O10000O1000000000000O100000O100O1N2O2M201N11O002N2N1O1O1O01O001N101O0O10000O10000O01000O0100000O1001O001O001O0001O010O000O10000O100O1000001O01O0000000O10O10000O1000O010O01O1O010O1O00100O1O100O1O101N10100O010000O1O1N2N2M2M3O1O02O0O010000O1O2O0O10O1O1N1BBZQN`0en1=100O2O00101N1O1O1O1O1N1N100001O2N1O1O1N2N2N1O2O01O1N2O1O101O001O1O1O1O1O01O00000O00010O01O1O1O10000000O00000L401O001N2N2O0O2O1N2O0000001N1O1O2O10000O100001O00O0M4O1N2N2N2M3N2N2O1N20O103M3\NSRNP1Pn1hNURNW1[n1O0000000O1O100O100O10001N1O100O010O01O1O1O0O1O2O0100O001O00010O01O001N101M20000001O010O0001N2F:N101O1O1O100O1O100001O1O1N2N2N2O1N101N1O0001O1N2O1O2O0O20O000L4N2O000010O010O1O0O2K4N3O1O000OON3O2M3N1011O001O001O2N1O2N2N2N2N1O2N101N1000O100001O000O2O0O1O2N1N2O2N1O1O1O100O100O010O01O100O001O0O10N110001M200000O1N2OO2N1100000^OlNXRNU1gm1SORRNm0om1a0002N1N3N1O2OO_OiQNZOVn1e0QRNVOnm1i0f0O1N3[OmPNM33^bdc1
20130811121434Ch_7,`^Wn0>R1Nnl1;ZRNd0Xm1W1K4J6K4M3N1O`MZSNh1el1nMjSNm1Ym1nMWRNh03HRn13RRNKPn12URNJlm14WRNKim12[RNKim1O[RN0ln1N2Mf^dP3
20130811121434Ch_8,ZaYR12ko16L2M2O2N00100000001O001O1O00000001N1O1O000100O0010O010O100000O001N2N101O010O10000000O2O0O100O1O0100O100O1O001O0010O00100000000O2N2N100O100O101O000O10000O01O0010000O001O0010O1O1O1O001O01O002N1000000001O1O0O2O1N3Lh_Pg2
20130825141154Bh_1,[aRh25jo13N2M3O1N101O1O00000000010O010O2N1O1N100O10O0001O010O010O101O101N3N1UQNYOYn1g0bQN_O]n1S12M2M3N2N001O1O1O2N5L1N11O01O0000O0002N1O0N4J5HV\UT1
20130825141154Bh_2,Pi^i01io1:I4M3K5M3N1O1O1O10O01001N1O101O000001O1N2N2N3L3N3N]OZQNMPo1DVQN;Xo110O0000000002N1O1N0100O10O1000002N1O0O10O010O001N101N2N1O2O1O001N1O2M3N2MVV_R3
20130825141154Bh_3,Vkjo12mo12O1O001O001N101O0010O01O0010O10O1000O010000O100000001O0O1100O01O00100O000010N1000000O100O101N1O10000O10O010O00010O001O01O000000000000000000000000000000000O2O00001O1N2N^Skj1
20130825141154Bh_4,gWei22mo110000O1O1O100O001000O010O10O1000O0100O1O100O1O1O1O100O001O1N1O2N10001B_O\QNa0an1E\QN;`n1c0O2O10O10000O2O0N2OXOPOcRNP1]m1TO_RNk0cm1ZOURNg0mm1c03O1N2N2M4M2N2N2N2N1O2L4M3O1N2O1K5M3N2N3M3MPkhQ1
20130825141154Bh_5,e\Um23lo11O10O10O100O1O10001N010O1O1O010O1N10001N1O1O100O1O1O2N1N2PO^OaRNd0]m1CZRNa0fm1BRRNc0lm1h000ON201O101O100O0ROTRNImm16o0O1N1M3100O100O010000O1001OO100O011O00010O00001N10000O2O1O001O001O01O10O01000O100O10000000000000O2O000O1000000010O001O00000010O1102M01O0O10O10O01O010O0100O001O000000O100O2N2Nifdj0
20130825141154Bh_6,e]cl05jo13M3M2N2M2YOGeQN:Yn1MaQN4]n1i0N1O20O3M4L6I7J3M4L6IkbVR3
20130825141154Bh_7,R_[h03lo1101N1000001O010O001O10O0010O01O01O010O2O0O2O00O0101O1N1O1O001O010O0001O001O1O001N001O10O001N2O1N2O0O2D;O1O2O0010O00100O2N100N10000O10O1O1001O5K2N1N3L4N1O2M3M`adR3
20130825141154Bh_8,bfkQ18fo13M2M3N1O2O1O1O1O100O2N1O1O1O1N1O1O1N1XOTO\RNn0dm1UOURNo0lm1SOQRNn0om1UOmQNl0Sn1`01O1O1O1M3N3N1N2O0000O0O1001M4N1O2O0O2N1O2O1O000O1O1O100OO2L30O110O10O101O010O10O10O2N100O1O1O001O000N2O10O1N2000100O010O1O001O0010O01O1M3O1N2O100O1O1O1O1O01O0O101O0010O0010O01O0000O101O0O2N1O2N2O00000010O010O01O000O1O1001N3N1O1O2N2O1N2O0O100O1O1O100O00001O000001O00001O000O2O0O2M3N101O00001O00010O00001O0N201OO2O0O2O1N2O1O1O1O1O2N2N1O2N1O2O1N2O1O1N2O1N100O2O1Nl^Za2
20131027185354Bh_1,ca`Z23lo12O1O0O10000000O0100010O0001O010O0010O000100O00001O001O010O100000O010O0001O01O01O010O000O2O0000100O10O010O0010O02O1O1O0OO101O010O0010O01N101O0100O1O1O000O1000000O10001O000O1000O100O1000O101O010O01OO2O0000001O000001N101O001O1O0O2O0O2O0001O4L100O01O00001O1O1O100O1O01O1N1O100O101O0001O1O10O10O01O0104K1O2N100O1O1O1O1O1O2N10O000O1N3I6M3O10100104KO1O100021NO000O001O1N3Ig\oY1
20131027185354Bh_2,kcXf21lo15H7N0100O1O1O100O1O001105K1N01000O1001O4L02N1N3N0O10001N5K3N1N1O\OPQN8Po1FSQN:ln1EVQNa03\OSn10mQNR1bn1N1O00001O000O2N2M2N4J5M4M2O1001N100O100O010O2O4L000O010O10O1O1O1O1O1O001O0001N1O2O001O01000000000O101N3N3M00O1O001O1O1N2O0001O1O2N2PQNWOen1l0UQNZOhn1P101O1O1O00O010O1O1N2O1L3O1O1000011N1000O2O0O10O101N1O2N100O10001O10O00000O20O10OJ6L4N2O001N2N3LlXWP1
20131027185354Bh_3,Xdfb02mo12N2N2O1O1O001O1O105K00O01O1O0000O2O0O100O1010O02O0O2O00O10O1O1000O0100000O0001O0000cPNMnn13mPN4Po1`0N2O1O00001O1N100O01SOUQNd0jn1YOZQNf0gn1XOZQNh0gn1XOWQNh0in180000O11O1O1O2N1O000001N100001O00000O2O001O000O100O101O1O10O0010O0000001O000O1O010O01O100O1OKiPNBXo1;8O1O2M3N2N3LeZYV3
20131027185354Bh_4,SeVY34ko12O1N101N2N2N2N100O1000O1000O101O1O2O1N5M0O00O100O010O010O1O1O100O100001O1N100O0001O01O01O104MO010O1O1O5K3M1OO2N1M4M3O01NCjPN1Vo1MlPN3To1KmPN5So1JmPN8^o1000002M3N0O010O00000O1NTYoa0
20131027185354Bh_5,Pf\i02no13M4M00000000O01O1O00010O1O1O1O1N1O2N4M2N6J3L2O1N100O1O001O01N2N3N102M2O1N2N100010N2O000O1O10O0O10001M2O2O001O10000000001O0001O00DfPN3Yo1LiPN3Xo1KiPN6`o1000O100O101O01O010O1O1O1O0000O1000O101O1O000001O000000O2O0N3MdY]P3
20131027185354Bh_6,Pg\^33lo12M3O0100110N2N1N101O023L1N0jPN_Oln1`0QQNGln19RQNKln1f0O0001O01N101N1O01O1O1O1N2N2O0O1010O001000O1O10O02N3L3M2O001O010O3N0001O1O010OO7J1MTWm=
20131027185354Bh_7,hgPP35jo13N2^PNJUo1a0I70O1N2O11nPNYOjn1g0SQN\Onn1k00O2M7J4L2N3M2N3LhWin0
20131027185354Bh_8,]QS^31no13N1O2N100O1O1O0O2O0O0100O01N20O01O0010O01O1O2N1O1O1N2O1N2N2N2N2N1000ZOUQN8kn1FYQN3ln1MWQNKnn14;41H]PN2\o\?
20131027185354Bh_9,gP[W22lo13O1N2O1`PNJUo15iPN3Qo1NmPN4Ro1LnPN4Qo1MoPN3Qo1LPQN4on1MQQN2nn1OSQN1kn11UQNNkn13TQNNkn14SQNMln1d00000001N2O001O1N101N100O10000000001O010O1000O1O10^OjPN8Vo1GlPN9To1EmPN;\o100O1O100O001O1N2O1O100O10000O10O0100O100001O000010O0O2NQoVd1
20131027185354Bh_10,UUSP32mo13M3oPNNom15mQNLSn16jQNLVn15gQNLYn15eQNL[n15bQNM]n15_QNN`n15\QNMdn1f0001N101OO101O0M3OFaQNTOcn1j0:K6K6Lok\n0
20131027185354Bh_11,\Uc\32mo12O0O2O1O0010O01O001O000O1010O01O01O1O000000000O0100O1O010O10O10O0O2O001O1O1O1O010O11N100O2O010000O100O01N101O1N101O0O3Lhjb?
20131027185354Bh_12,h[cl25jo11N1O20O0001O1O1N2O1O1N1000001N1K5OO2N1100O01O1O2N1O2N100O00O101O1^OGYQN>fn1=1000M2M4O1O00O1M3N3B[QN]O^n11aQN?mn182O1O00001N2O1N1K6O1O2N2L6Logbo0
20131027185354Bh_13,RaQh2522^o1`0H3M3K3M4XQNPORn10nQNT1MoNRn1f1L3L5M3M3N2M3N1ONC=02O1O1O2O0010O1N1O1O2O1O001O1O2M3N2M3N2O1N2O01O010O0001O001O0O2O00O1000000001O001O01N1N2O2N2O1O1N1O1N2N01IjRNdMWm1\253L4M4N0O1O1N2QNVMSUN0Z1k2`i1ZMQUNO]1h2ai1bM]VN`2ci1_MXVNh2gi1WMZVNi2ei1UMUVNFSOV3ej1VMXVNS3fi1PMXVNQ3ei1RMVVNS3ii1oLSVNT3mi1lLSVNT3mi1mLRVNR3oi1PMoUNP3Pj1SMoUNm2Pj1YMkUNe2Vj1hLbUN05T3]j1jLbUN1OS3aj1kLcUN2Jm1OaNgj1^OcUNX2AhMa07\j1HdUNV2CgM`08[j1JdUNU2CfMa09Yj1JfUNU2>PNnj1n1SUNoMQk1n1PUNQNTk1k1nTNSNWk1i1jTNUNXk1i1a1N2N2M3F:M3M3M2N2M3N2N2N3ElPNFVo18;N2Mhb\P1
20131027185354Bh_14,lbYd1:Ro1IRQN03;in1OTQN3kn1a0O2O0O100O2N2M6I4MZOjQNFUn17\RN\Ocm1c0l000O102N1M3M300O10O1000O10O0100000000000O1O1O11O000NKGhPN8Yo170O1G;N1O1O3L`_dX2
20131027185354Bh_15,abif25jo12O1O001O4L1dPNDSo1f0O00O1O1O0O1000O10010O1O1018G000O001O00O10O10O1000001O00000O01000000000O1O1O2O001O000001AdPN8co1O0O010O1O1O2O2Lk\^U1
20131027185354Bh_16,`cYk23mo11O1N1O2N2N1O2N1O1O2N2L4L7G9I4N2O001O001O11lNcQNc0on1N1N1N2O0O1000O11O0_OjPN8Xo1ClPN<\o1O1000001O001N2O1N3Mo[nQ1
20131027223034Lh_1,cdnc03jo17K3M3N0O2O00000001O0O100000001O010O100000001O001O001N100O10O00100O1O2N1O0100E_PN4ho1N1OiZ]Y3
20131027223034Lh_2,dd`i25jo12O1O1O0`PNHXo19dPNOWo1`0M1O2N1O01O01OO2O000O2GlPNCVo1;9O01O01000O10000000O1000O010O00100O10O010000O010O0010O00010O01O010O10O0101O000O10O10000O01000O10O01O10O01000O3N2N2N;E000O100O010O01O0O101O0O101N2O002M2O1O101N100O1O100O2N2N1O1O1O2O0O1O2O0O2N1O2MoXWo0
20131027223034Lh_3,ie^f02mo13M100O2O001O1O001O1O001O00001N2O2N1O1O1N2O0O1O100O100O10O010000O1000O101N100O101N100000001O0000O10000000O1O1N2L4O1O1O1000000O100O1O2O0O2N_ZUU3
20131027223034Lh_4,[fPl03lo12O1O00101N7I2bPNFRo1f0N1O1O0000000O10O10O10O01M3O00000100O1N2N2N2N2M2N3O1O2O0O2O002O1N2O0O1O100O10O001O001O001O1O0O101O00001O000O100000O1O1O2M3KfYco2
20131027223034Lh_5,\gPX23lo12O001O010O001O1O00001O0O1000001O00001O01O00001O1O000O101O01N101O010O1O010O010O01O1O001O10O01O1O100O1O2NTXed1
20131027223034Lh_6,hmba24lo11O1O1N101O000O100O100O1O01O0010O010000O1000O1000000O1O1O0010N10100O1O1O100O1O1OfRk[1
20131027223034Lh_7,bPcV23lo1101N101O00001O00000000001O0001O01O000010O001O0000001O000000000000000000000O10000000000000ePNOgn11XQN1gn1OWQN4hn1LVQN6^n1GaQN3O8_n1H`QN0O:an1I\QNN2:bn13\QNNdn1g0001O001N2O1O1O0O2O2N1O1O1O1O2N1O1O2N1O1O1O0O2O00000000000000000000O10O100O1O100O2N1000000O2O0000O2O00000O1O10O10O1000O100O100O100O2O0O1O101NUoda1
20131027223034Lh_8,g\k]146NZo1?K5K4N2O000000N2O10000O1N2M20O1I7010O1000010N10100DPQNFRo18<N2O2M3LgdT`2
20131027223034Lh_9,Vaei22ko15I6M3L4M3ROBRRNd0lm1i0H\NQRNh1jm1:O1N101O0001N1O2M2OJSNZRNn1dm19M2O1N3N1O2O1O5K1O0100O1O1O1O1O0O2O1O00001O000000O2O001O1O1O2N1O4kRNWMkl1Q3N1N2O4LK]SNnLbl1P3bSNmL_l1g2_SN^Mil1a2\SNZMfl1e2;O0O100000O10000O1O2N101O1O001O00O0K60O2ZN[MWUN1L`1DWOYk1YOoTN:1T10QOQk1ClTN;OP1:iNQk1LeTN=Ok0`l1jN_SN=Oi0cl1kN\SN>Og0fl1lNYSN`0Nd0jl1a12K4\OUSNQNnl1l1VSNPNll1o1c0O2N1O2N2O4K5K3M3N1N2N2N2N2N2N3L3M2O2M2O2M3M3L4M4Kabln0
20131027223034Lh_10,e_Wl02mo13N2N2N2aPNIPo1g0M3M100O010000O2N1O1O2N4L2N1O1O2N1O1O1O1O001O001O01O010O000010O1O001O010N2O001N2N\_lP3
20131027223034Lh_11,hbee15jo12M3M3M3M3L8H>D2M3L3O1O1O1N101O00M3ZOjQNWO3MUn1j0f001N2N1N3N2M3M3N2N3N2N3LW^ZX2
20131027223034Lh_12,bbQh23lo13N1N<E1O2N2O0O02O0O101N100O2O0O2O000O1O0010O01O00000000000000O010O0100O10O10O10000001O0001O0010O000010O0000001O001O100O0010O010O010O0001O0001O102M1O2N1O001N2N2M3\O[OfQNl0Wn1YObQNl0\n1=O100O10O101N2N2N2N1O2lN]QNg0Po1N1O2N6K0O1O1O001O000O10000O100O10O1000O10O10O100O101N1O100O2O0OU\no0
20131110185354Bh_1,maRT21mo14_PNMPo15nPNNon14nPNOQo12mPN0Ro11kPN2To1=00000O1O1O1O1O1O10000O010O01O100O1O1O100O10O0J7O00010O010O1O001O1O01O001O100O2O00001N101N2N2N1O2N1O1O10O1O001O1O2N1O1O1O1O10O0100O10O100O001000O100O1O01O00000010O0010O0O10100O10000000O1O2N1O10000O1000O10O100O0010O100O101N10000O2O1O001O2N1O1N2O1O1N2N2O1N2O00O100O1E;N2O010O100O100O1N2O100O1000000000000000000001O0000000010O001O1O1O001O000010O001O0010O010O00001O00000O20O0001O1O001O001O001O10O0100000000000O100O1000O0100O100O3M2O0O010O01000O1000000001O1O00000O2O100O02N4L2M3O0O1O01O000000001O001O1O0001O001O10O000O100O00100O1000000O10O01O01O1O010000O0100O01O0O2N2N1O1O1000000010O01O010O001O10O10O010O010O010O1O100O100O010O0100O10O10O1000O100O10000O0010O01O1O2Mn[mV1
20131110185354Bh_2,VibV35jo12N2N1O1O100O10O10O000001O00FHnPN8Qo1JmPN6To1KkPN4Vo1MhPN3Yo19hNBPSN>ol1GlRN9Um1JhRN6Wm1OdRN2\m18YRNIgm19WRNGim1:URNGkm1;QRNFPn1U10O10000O1N2L4M3N1N3N1000000O1OJ6ZOdNkRN\1Tm1hNiRNX1Wm1kNgRNS1Zm1oNdRNQ1]m1QOaRNm0am1UO]RNj0dm1WO[RNh0em1[OXRNe0im1g01N3O0O2OYOZNUSNe1ll1\NRSNd1ol1^NnRNc1Rm1_NlRNa1Tm1aNjRN_1Um1dNhRN]1Wm1f00O1M301O001N101N1M4K4O10000000001O1O1O1H8O1N1O2N2N2N2O101B[QN^Ofn1??N3N5K3L4L][Uc0
20131110185354Bh_3,Xl\g25ho1<E5K5K5K5L3M4LUO`QN:]n1DjQN:Sn1DVRN8fm1HbRN4\m1JiRN6Tm1CVSN<Wn11O01O4L1O001O0O2O001O1O1O0O1001O0O001O010O10O10O0010O010O010O2MiQgU1
20131110185354Bh_4,\Qki2`0]o16J9H:G4K4M4L3M2M2MgNURNJ8Lcm19[101OO1J6001O1O0DnPNLPo1738001N3F<J`PaT1
20131110185354Bh_5,UWke23lo12N1O2O1N1O2N100O100O001O000O101O0001O001O0O2M201O0000100O010O10O1O010O100O2O1N100O01O001O001O00001O1O010O101N3MjibV1
20131110185354Bh_6,gWec12mo11O2N1O2O0O2N1O2N1O2N2O1O001001N6J100O1O000000001O001O010O01O001O0010O01O000001O000001O1O1O1O001O001000O102N0O2O0O1O1O1O1N2Ocg\X2
20131110185354Bh_7,dXUc03jo18I6J5J4O2O2O0108G3M1N1O2N11O0O1OO10000O101N100O100O1O001O1O0001O1O001O001N1000000O10000000000000O100000O010O0000001N100O001O1O2L3M201O1N1M3M2O3L21O1N21ON4J7H:JPhhW3
20131110185354Bh_8,d[_j06io12M200O2N1O100O10O0100000O10000O100N2O1N1001O1O001O100O1O10O10O01O1O01O01O001O0001O0O1O1O1O2O0001O1N2O1O1O100010O001N10001O1O001N110O00010O01O1O001O0000001O00001O1O001O00O2O0O1O1N2D<O001OO1O1N2ON201OO1O2O100O0O3J5O2N2O1N5J\f`n2
20131110185354Bh_9,Rc[V1=ao15K4M1O1000001O001O1O0100[OmPN;]o1O1O10O10O010O001O000000000000O10O10000O10O10O010O001000O100O1O2L3O100O1O000000O101K4O1001OO01O001O1O100001O0000O1000O10O1L3K5L5N2K5N3O00000001N1N2M3L40OO2L31O1M3N10M4O0N11O110O0^O[OjQNf0Wn1^OcQNc0`n1<3L4M5oNTQNg0To1N10O0K6M200K5N101AnNnQNV1Pn1=O2aN\N`TNg1^k1[NlSNNIl1Zl1XNjSNZ2Ul1gMjSNZ2Ul1hMfSN\2ek1bM[TN5Mn1MmMak1>^TNL1g14nMVk1g3mTNYLPk1`3jTN[L94jj1c3_UN^L^j1f2nTNlMf0]O[j1d2bUN`M3LZj1d2fUN]M2NUj1e2nUNYM01oi1T1^UN0f1lNih1i0TVN5U1QOeh1j0[VN1R1SOch1l0^VNNik12cTNC]k1<eTNB[k1>gTNAXk1?jTN_OWk1`0jTN@Uk1`0mTN_Omj1;]SN_Oh16jj19cSN]Oe1:gj17hUNHYj15iUNJXj15jUNJWj15jUNJWj14lUNIWj14lUNIVj15l2O1NUel_2
20131110185354Bh_10,S_ok17fo14N100001O001O001O00O0100O01O100O001O100O1000O1000O10O1O010O010O100O010O010O0100O100O010O1N2N1O2M3M201O0001N100O2M2N3N2O1O10O01000O010O01O010O10O01O01O0010O010O000001O000O101O001O000000000001O01O01O00000010O0001O01O0000001O0001O010O10O01000O010000O10O01O100O1000000000O10O1000O0100O10000O100000O010O100000O100O10O100O1O1O0010O00O01000001O002NkcXi1
20131110185354Bh_11,m`am23ko14M2N2O1N1000000000O010O1O100O0100O1O100O10O0100O001O001O0O1O2L3N110O2N1O10001N101N2M2HPO`QNQ1_n1800O02M201O1O101N1N2O1N1O2N1O1001O000B\O`QNe0_n1>1O001O1O2N1O2O0O100O1O1N2O1N2N2O100O10000000O1000001N2O1O1N2N2N100O100O010O10O100O101O0N2O2N100O100O1O00O2N1N2O20O100O2M2N2O100000000O1O1O1O1N10100O1O010O10000O1O1O101N10001O00O1O1N2O10000O0100O10000001O1O0001O01O00000O2O2N1O2N1O1O0000010O10O01O001O001N10000000O2O001O0000000000000000001O00001N2O1O100O1O0010O01O1O1O001O1O001N2O1O00000O100O0010000O101N1OfaXc0
20131217192134Ch_1,gaXm05jo13N1N2O1N101N100O100O010O10O0100O100O10O10O10O10O010O1O010O0100O2O0O2O1O001N100000000000001O001O1O10O01O01O00100O2N1O100O1O000000O1O1N2N2O1O2N]^Wn2
20131217192134Ch_2,XbXe25jo12N3M101N1O1O1K4010O101N2N2O001N101O000O1000000001O00000010O01O10O01O001O001O001O010O001O1O10O0010O01O0O10001O0O101O00010O0001O1O001O1O1O1O1O010O10O010O01O001O00100O001O000000O10001O1O10O001O1O1N2O1N101N2O1O001O1O010O00100O2O0O100000O100O100O1O100O1O1N3N1N2N1O2N2O01O0010O000001O0000000O2O0O2O1O2N2O0001O0000001O2N2N1O2O00O1N2O02O1N10O00O2J6Go[oo0
20131217192134Ch_3,ebX^14jo13O1N3N1O1N2O2M2O2M2N2N2O000001O1O1N2N2O1N2O00001O0001O1O1O001N101O0O101O100O2N2OO01O000O10O01001N1O2N3N2M2O1O1O010O010O00100O01O10O01O010O01O01O01O01O1O1O2O0O1O2O2N1O001O00000O2N100O2O1O1O2N1O000O010OO101O0N3N2M3N1O2O1N2O1M2L4O1000O100O1O02M2O20O103M8IN2M3GT\cY2
20131217192134Ch_4,fdbf14ko12N2O1N2O1N3N:E4M2O0O2O000004K5L2M3M2O0O10O010O01O001O00010O1000O101O001O0000000O10O00010O001O001O001N10000010O00100O10000O3N1O000001N10000O10000000000O10O01O00001O10O10O01O1O10O011N3N000O10O01O01O010O01000000O1000O01O010O001O00000000010O0001O001O01O0010O01O010O01O0010O010O1O001N2N`XaP2
20131217192134Ch_5,ZeXa24ko13M2O1N2O001O1O1N2O001N10O100O1O1N2O2O00001O00001O000001O00000000001O000001O00001O000010O00001O0000000001O000000000001O0000000100O101O01O1N2O00000001N2O0000O10001N10O10O1000000000000O100O101O00000001O1O`PNEZo1b0O00O1O2M2O2M2N2NUYiW1
20131217192134Ch_6,mih_22mo13M3N3M3N0O1000011O01O0O01N3N2N201N1O1O8G00O101O001N2O2N0O1O1N101O10002N100O2O01O1N4NO01O5J20O000O1O1O1O1N1O2O2M2O001O1O00001O0O100O10O01O10000O010O1O10O1O100O1O1O001O1O1O0102M101N10000O01000O010O010O10O010O01O010O1O010O0100O01O010O00010O0000000001O000O101N1O1000O01000O0100O1O001O1O0000O101O1O1O2N2M\RiV1
20131217192134Ch_7,kjhS24lo12N3aRNJoj17kTN3WNGYl18[UNe0dj1[OYUNg0hj1ZOUUNg0lj1YOQUNi0Pk1WOmTNj0Vk1UOgTNl0[k1TObTNm0ak1QO]TNo0gk1POUTNP1ok1AYSNc0jl1BhRNd0Zm1o03M2O2N2N2N4K4[N_RN02HmQkj1
20131217192134Ch_8,TR_k11lo14M2O1O1O00001O000000001O01O10O01O10O010O001O1O1O1O1N2O010O010O0100O100O101O002M2O1O1N2NcnfQ2
20131217192134Ch_9,lUie12mo12N2N1O1M3N20O010O0100000O100000000O2O00010O01O2N1O2N1O1O0010IePNG[o1871O010O100O2O1N20O10000O0O001O1O2M3LliPW2
20131217192134Ch_10,nVgh11no1100O2O1N2O1N2O00100O1000001O0O3N2N1fPNBM0kn1n01O2M2N2N2N2N3M3L5Gfh^U2
20131217192134Ch_11,X^_R34jo12N2O0O10000O2O001O000O1O1O100O2N100000O10N2M3O1O2N2N2D=M5TNElSN>ik1NQTN6mk1P2M1O2NmNRTNVNnk1b1\10O10O0YOjRNdNXm1m0eRNPO:JSm1Q1X1M3N11O2O00FTQNBin1=_QN]Oan1c0=001K5O1O0O01N3N201N1N3L3N3M2O101O01O0100O0100O010O10O10O01O1N2N3MegXh0
20131230192154Bh_1,U\hl15jo18H3N2N2M2O1N2N2OO10OO2O1O0010O0100O10O010000001O1O0000O1O1N2N2N2N3N1O1010O2O10O3M0O00001O001N101N2O10O101N2N1O101O0O11O001O000O1000000O100O1NUcgn1
20131230192154Bh_2,b\RS22mo13N1O1^PNNTo12kPN0To11jPN1Uo10iPN1Wo1=O01O000O1O2M2N2O1O1O100O010O010O100O101O00000000000O10001O0O100001O0O1000001O000001O0001N10001O000000000001O001O00001N2M\ceh1
20131230192154Bh_3,Sen[24lo12M3N0010O01O100O010000O10O10O01000O0010O001O00100O1O00100O010O01O1O1O3M4L10O2N2O1N1O10001O000001O0O1000O2N100O1O010O01O1O00001O0000001O010O0100O001O00001O000000O101O010O01O0001O01O0001O00010O1O2N[Yk]1
20131230192154Bh_4,Wk\Q12no11N2N2N1O1O2O0O1O01000O1O1O1O010O01M200000O2O1O010O10O1O1O10O1000O10000O100O10001O00010O001O010O001O010O01O00100O0010O01O0010O00010O100O10O100O1O010O2N1O5K2N1O001O1O10O01O1O01O01001O0002N0O\OPQN:Po1BSQN?Xo1O100O010000O10O000010O01O10O0000O0100O10001O1O00001O001O10101NO10O0O2N2N4L6J2N2^QNgNYn1b1OoNiQN7Xn1GnQN4Sn1JPRN4Qn1KQRN4om1KTRN3lm1LVRN8em1G\RN:ZOASn13cRNd0]m1ZOdRNh0\m1UOfRNk0Xn104L1N5L0O2O0O5K2N2M3KiPed2
20131230192154Bh_5,\RiU13jo16L2L4N2N1O1O2N1N2N2N2O0000H8M30O001O1O10010O0010O1O1N3N1O101N0100O010O000100O0001O1O1O100O1N101000O2O1O3L2O1OO100O1O100O1O1000O010O100O10O0100O010O010O10O1000O1000000000000O10001N101N3N2MonXd2
20131230192154Bh_6,^Tkb1:co17I6K5L4L2O2MYOXQN9fn1DaQN9^n1GfQN7Xn1IoQN2om1NURNOjm11ZRNLem15\RNJdm15S10100O10000O10O100O0100O1O2O0000000000000001O0000000001O0001O0000000001O00001O0010O0010O001OokZY2
20131230192154Bh_7,kVce12mo11O2O00000O1000000O10O10000000O00100O1N1O2O00001N1N30O010O1O2N1O100O100000001O01OO1000O1000O1000O2O0000000O10O001O1O10O10O100O10O100000O01O10000O010O010000O0100O10O1000000O10O01000O010O10O010O001000O010O1O0010O0001O010O01O1O010O1O1O1O1O2O1N`jjR2
20131230192154Bh_8,eXkm23io17K3N2M3N2L4M2O1O1O0OI8O010MN5L4O2M3M3N3N1O1L3O1OO1N2O3N10100O2N1O1O1O1N2M3O01O1O1O1O1O00N3M2J8N1O2M2N3N2N2NZifn0
20131230192154Bh_9,^[Qg08a0Jcn1?TQNIen18YQNKdn18XQNKgn1g010^QNmNUn1T1hQNPOXn1o0eQNUO]n1W100O01O0001O00`NfQNX1bn100O107H6K000001O1O100O5J2OO100O0100001O10O1N1O2O0O2N2N1O1O10O01O1O001O2N1O2N2N2N1O0STNXNbi1i1ZVN[Nfi1d1oUNiNoi1X1fUNSOYj1m0fUNVOXj1j0hUNWOXj1i0gUNZOVj1f0jUN]OTj1MeTNZOW1j0Tj1JgTN[OU1k0Uj1HhTN\OT1l0Uj1FhTN^OR1l0[j1@eTNVOG:Z1o0\j1^OhTNCk0o0_j1ZOiTNGh0n0`j1YOiTNJf0m0cj1VOhTNOd0k0gj1QOfTN6a0j0jj1nNfTN9?j0kj1jNfTN?=g0ik1\OTTNe0kk1^ORTNb0mk1DmSN<Sl1JgSN7Xl1MdSN5Zl1MdSN4[l1i1O2N1O1O01^McSNa1]l1^NjSN[1Vl1eNmSNX1Tl1gNoSNV1Rl1iNRTNR1Pl1nNRTNo0Pl1aN\SN0g0]1nk1bNbTN[1`k1bNcTN\1Rm1K?C7J4K;Dl^bR3
20131230192154Bh_10,W`af14ko14L2O1O1O0O1000000O000O001O100N210O00001O0N20N2O10001O01O00O0N3OIHgPN:Xo18N1O1O101N0001N100O10011N1O2O1O1000O01O10OO2O1O0010O0001O0O2N10010O01O0001O00O010O2M2L4O1M3M3000O10N2N3N101O00O1M4N2O1N3N2M3M2N2O1O1N2N3MYcPS2
20140118180214Mh_1,_adm21lo15L2O1O2O000O010000O10O1M3O1O100O1001O0000001O001O0O101O0000000010O0000001O01N10000O100000000001O1O1O010O010O01O1O0010OO2O1N3Mb^[n0
20140118180214Mh_2,Qf`a23jo19QQNKfm18WRNJfm1:VRNIhm1:gQN5Xn1k0O1O0_RN[Ngl1f1USNbNgl1^1mRN`NI8Wm1Y1lRNSO\m1e12N2N;D100O100O001XNYRNc0GGQn1B]RN547Sn1DRRN:kn10001N100O100O010O1O001O010O1O1N3MSWo[1
20140118180214Mh_3,QofS18fo14M1O2O1O00100O10001O01O1O001O010O1N10000O1O100O001O00001O001O0O2O001O001NXPmi2
20140118180214Mh_4,fSgn25jo13M2N3N2M1O2O0TOCTRN>Vk1_OYTN2U23ZN<Yk1I[VNNXN:^k1IXVNP1ji1POSVNb0QNXOTl15fUNd0ij1[ORUNg0Qk1YOkTNh0Yk1WOeTNj0\k1VOaSNl1al1SN^SNl1cl1UN\SNj1fl1WNXSN_1F\NUm15TSN]1Vm1dNgRN^1Zm1bNdRN_1]m1bNaRN]1am1?2I7mNWRNMjm1N_RNJfm14U1N1O1O101N2O0O2N3M2N4Jhofn0
20140118180214Mh_5,gPgT13ho15O1O10001O01O00010O10O1^PNIYo1a0N100O1O1O000010O1O1N2O?Aindi2
20140118180214Mh_6,_Xa_13ko12L4N3N1O2N1O101N2O1N3N1O010O01O001O0O2O0O1O1O100O0001N1O101O0B>O2O0O1O2O000101N2O2M2N2N2O1N4M4L1N2O1N101O00000001O0001O0000001O0O1O1N3M2OVhR\2
20140118180214Mh_7,iW[i07ho14L6L3M3M2N2O3mPN]O`n1S1O8H0001O101N2N3N2M5J3N3L2M8I:E^fTU3
20140118180214Mh_8,c\WS32ko15L2N3N1O1O1O1N2O1000O010O2O000O1000000O10O10000O100O0O1O2O10O00001N10O01000O2O0010O01O0J^OmPNd0Ro15N20N200001O010O100O01O0N2001O0001M3N2O010O1O01O001M201O001O001M2O0J60O3O01O010O0000000O1I34L5N1N3M3O1O1O2CjPNMWo10?Lff\f0
20140118180214Mh_9,m_aS32mo13M3N1O1N101O000O2O0O1O1O1N101N2N1O2M2M4N10001O0N3O001O10O100O2O0O2O001O1N2O1N2O1N101N2N1O2N100OJFgPN:Wo18001O100O1O1O1KfPNC\o1;5O10001O0000000000O0100000O010O1O1O1M4H7N3H7N3O0O2O000010O0O101O0O2O1N3M3N1N2N10000O01000O10000O101N1O2O0O2N1O2O0O100O2N100O2N2M`ahd0
20140309170314Mh_1,[o^W33ko14M101N100O100O10001O0O101O0O1O1N200O10000O001N20O10001N10100O1O1O010O001O1OiPNEjn1;SQNHln18RQNJon16oPNKQo1b01O001N2O1N2O1N2O001O00001O01O0000001O00O2O0O100O10O10001O01O0001O01O01O0000010O001O1O01O01O00000FCQQN=mn1FRQN:nn1FSQN9ln1HTQN8ln1HTQN8ln1HTQN7mn1JRQN6nn1KPQN6Po1=00000000000000001N2O1O001O1O1O2N1O00O001O1O10O0100000O1O2N1N101000001O001O1O1N101O0O2O000O2O1N`P[?
20140309170314Mh_2,eQm`12mo12O001N10001N100000000O100000000000O0100O010O1O010O00010O0010000001O001O001O0000010O001000O001O010O0001O01O00010O010O01O1O1O2MYnR[2
20140309170314Mh_3,QR_h05io1g0ZO6K2M5K3M2N3N1N2`WNbN\b1`1`]NbN_b11RXNl0\5UObb1L[XNk0P5ZOac1h0ZWNSO[46\d1]1`[NcNcd1]1Z[NdNgd1]1W[NbNQe1Y1lZNhNXe1U1fZNmNZe1S1eZNmN[e1T1cZNmN^e1T1`ZNlNae1V1[ZNkNge1[1PZNfNRf1[1iYNgN\f1W1^YNlNkf1l0lXN[OWg1d0`XNDbg1<WXNHog18iWNKbh16XVNcNYOZ1dj10QVNiNWOX1kj1NmUNlNSOX1Sk1LhUNc0]j1\OaUN?gj1AVUNO]k12lSNgN7R1Wl1a0fSN]O_l1d0\SN[Ohl1m14L3L3N1O2N1N3N2N2N2M3G:M3[NQRNU1jn1B=C3M4HXinS3
20140309170314Mh_4,^S_X26io15J3N3M2O1O1O1O1O100O1001N9H0000O1000O10001N2N2N1O01O2O1N3N0O101N100O101O1O001O0001O00010O100O10O1001N1000O1O01O010O0002N1O1VSN^OSj1b0jUNAWj1>gUNDYj1=eUNC\j1=bUNE^j1;`UNFaj1:\UNGgj18WUNIkj17QUNJQk15oTNJSk16kTNJWk16hTNIZk17dTNI^k17aTNHbk17\TNIgk16WTNJkk17QTNJRl15kSNLWl14gSNL[l15aSNLal15[SNLgl15USNLll16PSNJSm17^RN5cm1NXRN3jm1P11O2M3M2N3M3N2N3M3M3M3M3L7J3J6I6MnhPa1
20140309170314Mh_5,kVk]33ko13N1O1O10000000000000O100000000000O010O10O0100O1000000O1001O00001O0000000000O2O001N101O001O0001O001O01O01O01O0O101O0O100O001O100O0O2M3N101N11N1O10O01O100BlPN1To1MSQNMon10fjT=
20140309170314Mh_6,hYiW24ko12N1O0010O01O1O10000O100O010O10O1000000O0100O100O01000O2O0000001O0O1000O10001O001O1N101O1N2N3LafVe1
20140309170314Mh_7,U[Ui13lo12N1O2N1O2O0O1O101N101O0000000000O1O10O01O100O10O01000000000000010O001O001O00001O001O2N1O100O1O1O00O2O0O2N101N1000000O10000000000000O10O0100O010000O100000O10001O0O2O0O2O1O0O2O0O1O1N2O1O1O1000000001N2O1O3M3L2O1O00001N10O1000000O10000O1000000000O101O0O10001N10O01000O1000000O01000O01O1O10O0100O010O010O0100000O10O100O001O10O010000000O2O0O2N3L^eTl1
20140309170314Mh_8,\]YR35jo12N1O2M2N2I7M3O10000000O2O001O1O10O10O01N100O1O1O001O001O1O010O10000O1O2N100O1O2N1O100O10O010O0010O0100O01O01O01O00001O0O2N1O1O100001O000010O00UOcQN4]n1JgQN5Xn1KjQN3Wn1KlQN3Tn1HRRN7nm1GVRN7km1HVRN7km1HVRN7jn101N2M4L^c^h0
20140309170314Mh_9,Z]aa16io11O1O2N1O1O1O1O100O1O10000000O100O10000000O100O001O000N3N1O2O000O10001O010O0100O0000O1O101O0O2O0010O100000O0100O10O100001O000000000O10O100O10000000O1O3M3L5K4L3M3N3LhcXY2
20140322200714Mh_1,ebT`26ho14M2O01000000000gPNEkn1=PQNMjn1f0N100O1ZQNPO[n1Q1_QNSObn1T1101N101O01O001O001OQO_QN?an1@dQN<\n1ChQN;Wn1DlQN:Un1DmQN<Rn1DoQN<Pn1CRRN<om1BSRN=nm1ATRN>hn1N3M3M4Ln[_]1
20140322200714Mh_2,WdVW14ko12M200O0010O000001O01O01O0001O01O0001000O0100O01O0100000O1000O100O100O1O100O100001O001O000010O10O01O10O2O1O1O0001O002N1O000O10N101O0001O001O2Nf[Yd2
20140322200714Mh_3,YdP\15jo1100O1O10O0100000000000000O10O1000O100001O01O00000010O01O00010O00010O001O10O010O1O1000O10O10O10O0100O01O100O1001O0O10010O1N110O0000O2O1O0O2N2N2LhZ]_2
20140322200714Mh_4,SfnU31no14M2N1O100O010O1O10O01O10O10O100O001O100O001O00010O010O0100O00100O0100O100O10O101N101N1O010O10O1O1O1O0010O1000000000000000O1000000001O0000000001O2N1O1O101O3L11O0O2M1O2N3L4LhWcd0
20140322200714Mh_5,ojbU12lo13N2O001O001O001`PNKSo16iPNOUo1?O1O2N1O00100O000O2O0O100O01F:O2N1O2L4K5NSU_h2
20140322200714Mh_6,`PQW24jo12O2N010O1O001O1O100O1O2N101N100O2N3M4M2N1O1O000000O2M1O2O1O0O2O1O1O010000O101O0000000O10000O10O2N1O2N2O1N1O10O00010O01000O10O00010O010O01O01O00010O010O0010O0100O100O100O1000O1000000O100O010O101O0000000O01O1N100000001O100O1O2O0O100000O01000O10O1000000000O100001N101O1O1O1NfP]`1
20140322200714Mh_7,`obV1>ao14M3M3M3N4K:H0010O0N2N2O1N1O2N2N2N2O2M2N3L5K]ong2
20140322200714Mh_8,fSee15Xn12QSN2kl16kRN0Rm15`RN6`m1L\RN6fm1LQRN8Tn1g04J5K6J7G7H8L5H^m^Y2
20140322200714Mh_9,eRim15jo1100O100000O010000000000O100O1O00100O1O100O010O0001O010O010O001O10O100000000VWNGma19Q^NJna16Q^NKoa15P^NKQb15m]NMSb13k]NNVb12g]N1Yb1Oe]N2\b1Nd]N1^b1O`]N2`b1O^]N1db1N[]N2fb1OW]N2kb1NQ]N4Qc1Km\N6Tc1Ki\N6Yc1Jb\N:_c1F_\N:cc1F[\N:fc1GY\N8ic1HU\N8mc1HQ\N8Qd1Hl[N9Vd1Gg[N:\d1Ea[N<ad1D\[N=fd1CW[N>kd1BS[N=Pe1CnZN=Te1BkZN>We1BhZN<[e1DcZN<_e1D`ZN;be1F\ZN8fe1HYZN7je1IUZN6me1JRZN6ne1JQZN6Qf1InYN8Rf1IkYN9Uf1HiYN8Yf1GYYNg0gf1ZOTYNj0lf1VOSYNj0of1VOnXNk0Sg1UOTXNGZM50P1cj1UOoWNc1Th1\NkWNc1Wh1]NhWNc1Yh1^NeWNb1]h1]NaWNc1bh1[N^WNd1dh1\NZWNe1gh1[NWWNf1kh1ZNRWN?XN@BOTk12kVNb0SOXOTj16eVNe0gj1[OWUNe0kj1\ORUNd0Qk1[OlTNe0Wk1[OgTNe0[k1\ObTNc0bk1\O[TNf0gk1ZOTTNh0nk1YOoSNh0Sl1XOjSNi0Xl1WOeSNi0^l1WO^SN>TO@bm13VSN;Zm1FbRN:`m1JYRN7jm1NiQN7Zn1f02M3M4L3N3I8I9ZOjPN1`klj1
20140322200714Mh_10,]XiP34ko13M2O001O1O001O1O00001O010O00001O00O010O100O10O100O100O100O010O1O1O1O001O1O1O1O1N2O1O1O1O02O1N3N2M3N1O1O1O00000000000O100O100000000O01O1O10O01O1O010O010O001O1O100O10O1O0O101O0000O100O1000000000000O1N2O2O0O1000000000O10O1001O01O1O1O001O00O1O1O10O100O1O1O1000O1000000001O00000O1O1001O10001N101O001O1O1O001O001O000000000000001O0O10000O1O100O100O100O1O010O10000O0100O010O100O10000000O2O00000000O10000000000O010O10001O00000001O000O100O10000O100000001O000001O0000010O0000000O100O0100O100O1O010O01N1010O002O1N2O3L\jZ?
20140322200714Mh_11,YZae23ko14M2O2M2O001O0O1O2O0O1O2O000000000100O1O100O0001O00000O1000O100O100O01O1O1O1O1N200O2O00001O01O010O001O10O01O100O001O0O1000O010O1O001O0N3L30001O001O010OO1N2O01O1OLoPN]OPo1a0UQN\Okn1c0802N2O1O2N3M4LdfhT1
20140322200714Mh_12,gZcn14lo11N2O001O0O2O001O01O01O1O1O100O01O001O1O00001O00000000O101O0O101O000001O0000000O100O11O10O0100O0001O000001O001O1O1O2N1O000010O1O10002M2N1O1O1O1O1O1O001N2Ncd`l1
20140322200714Mh_13,h\[]14ko13N1ePNNgn12VQN2hn10TQN3kn1a0001O100O1O1O2N1N101O0O1000000001O010O01O0O2O000O101O00001O010O00001O000000000000O1000O10O11O01N10000O1O2O1N2N2O1O00O10001O000O2O010O0010O00010OO100O2L3L6Lhb^]2
20140403081714Th_1,YaZe2<co12O2N1O2OO10001O4L1O000000O2O1N101O004L0002N00000O101O00000O10000000010O010O01O1O100O2O2M3M9HO01O6L00N10O01N4M5J2O1N101O1N5L1O0001O0O10000001N101O1N1000O1000000O01001O1O000000O1O0010O01O1O100O1000O10O10000O1000000O0101N2O1O000001O01O011O0O1O1O3M3N01N20N3N1N13N0OO02YOjPN>_o1M5KjXUR1
20140403081714Th_2,maPf13lo12O1O10O010O1O100O2O01N2N1O1O001N2O1O1O01000000O1O010O0000001O001O000010O000010O01O000010O001O010O01O010O0010O0001O0001O0000001O000010O001O00000001O01O2N100O00001O01O00001O00000O2M2O1O11O1O1O001O00010O000000000000100O2O0O2N106I101O0O10000O010O6jPNWOjn1Q1OFWQN\Ojn1a0YQN^Okn1<XQNCjn19XQNHhn15ZQNLhn1N[QN2fn1J]QN6Vo11O100O10O100O1O10O10O10O01O10O10O010O01O00001N100O2O00001O001O0001O001O1O2O1N1O0000001O000000000000O1000O0100O1O0010O010O0010O010O01O01O000001O001O001O1O1O2Na[kl1
20140403081714Th_3,Wd^R34lo11O2N1O10001N101N100O1O1O2M3M2O1O100O1O101N1O2O1O2N1O00110N1O0O2O1N3N001O03M1N1O1O1O1O1O1O100O10000O001000O2O000000001O002M5L3M100O?AO2O0O0101O`0A10O000O2N1M3N1N3L4H8M3N2M6kNYQNf0Ro1EPQNCQo1;<N2O1N9F_Xgg0
20140403081714Th_4,Yf`i04ko11O001O1O00010O100O100O10O10000000[QNN\m12bRN2]m1M_RN9_m1G_RN=_m1C^RNb0am1]O^RNf0`m1ZO^RNj0`m1WO^RNo0^m1PObRNS1[m1mNdRNV1Zm1kNcRN8J9bm1_O`RN767Zm1DYRN7a04Wm15mRNITm15PSNIQm12XSNHil15[SNIfl14]SNKfl1N`SN0Zn1MhWUT3
20140403081714Th_5,YPcT31no13M2N2N1O2M4J5M2N2N2O1O01M2O100001N1O11N2EnPNFTo19:N3LdPki0
20140403081714Th_6,\SgZ23io16K4jNFcRN<]l1f0iRNmN;b0il1o0iRN]OUm1h1O1O03M1]OnRNUNTm1g1RSNUNPm1?oRNGELYn17W1M4N1O3MhnTd1
20140403081714Th_7,oXoW23lo15L1O1O0000000000O1N2N101OZOM`QN3_n12[QNOen1;oPNHRo1b000100O0010O000000000O1O1O100O201O0001OO1L5M1M4M2NG:1OO1N3N2EUQNAmn1:?LZild1
20140403081714Th_8,T[kS32no11N1000001N10000O100O2O0O001N2O100O10O100O1O100O10O01000O1O001O10O011O0O101N101O01O1O0O1O10O01O1O0100O01O1N2O1O001O001O1O1O1O2M2O1O101N1O2O0O1O010O00000001O01O1N101N2N2O0O1O01O00O2L30100O1O1O100O100O100O001000000M2O2H8000O2O000000O0100O2M2N2O2N1O2N3N1M3H9M1O0O101O2N1O2O101N2N3@kPN0jg^c0
20140403081714Th_9,^_cd24jo13N1M3M3O2O000O100O2N010O01N2O1O2O00000001O001N100O2O0O010O1O1N2O0]Od0O1O10O101N1O2O0O1000010O1O0O2O001N100O1000O10O100O1O1O1O1O11O0O1N3G8O1O100O1O00000N101O1O101O02N2N2N2N00K4M3010N3O001OiMeNkUNZ1Tj1iNjUNW1Vj1jNTUNNROY1jk1iNRUN4POS1nk1jNPUN7kNS1Vl1eNnTNm1Tk1SNjTNn1Xk1RNcTNR2]k1nM_TNV2ak1jM^TNX2ak1iM]TNY2bk1hM]TNX2ck1hM\TNZ2ck1gM[TNZ2ek1gMYTNZ2gk1fMYTN[2fk1fMWTN\2jk1dMSTN^2nk1aMRTN_2nk1bMQTN]2Ql1dMkSN^2Vl1a04M4N1O00O\N^SNO`l12eSNI[l18gSNfNJ?_l1c0_SNhNk0a0gk1h0cTNROak1g0XSNoN`n1P19I7O0010O0O2O1N1O1O1O1000O2O001N2M4M3M3K4N2O1O0001O10O0000O10O101N1O2O1O2N103KofPQ1
20140403081714Th_10,a]Uh05io13N1O2O00000001O001O00001O00O10001O0O10001O000010O000001N1O1N2L4106I2N1O0001N100000000001O000000O010O0100O1O010O10O0010O01N1O100O2O0000000000O1001O010O0100O10O01O001O010O01O001O1O0O2N101O010000O100O100O010O001O01O001O010O10O10O010O001O001O1O001O100O1001O001O00000001O001O10O0001O000O101N1000000O2O000010O002N1N2O1O001O001O1N100O100O10000O1000O10000000O2O001N100000O010O0100O010O01O01O0010O10O1O010O0010O0100O01O10O01O001N2H7O2O01O1O101O001O001O001O00000O110O1O1O001N10O10O1O01N2O0O2N1010O1O010O10O02O0O101N10000O10O0010O0000001O0O101N3MPePg2
20140410195814Mh_1,Rc`k11no12N100O10001N100000000O2O001O1O1O010O01O001N2O001000O1O001O10O01O0001O000O100001O0O2O1O1O101N1O001N10O2O0K6M3Mk\oP2
20140410195814Mh_2,YV[g02ko15L3N1O1O100O0O2O000001O01O01O0100O0N3K4N3M3M2O2O1M3I6\OmN[RNU1bm1ROXRNP1fm1e0O1N2WOSN`SNm1bl1UNXSNm1ok1oM[TN8^Ok1Vl1QNZTN`2ek1gMTTNY2lk1n0O1OPOYTNiMek1W2_TNgM`k1V2gTNgMXk1Y2nTNaMSk1]2SUN^Mnj1`2Z1N3ZNhRNa0Ym1ZOPSNb0Qm1[OTSNb0ml1ZO[SNa0fl1ZO`SNe0al1UOeSN4nN6mn1DYQN:Xo1O2N2M3KckPU3
20140410195814Mh_3,PRoc15io15L3N2N4M8G2O001O1003L2N5K5K1O10O3M1O1O10O101N2N02N1O0010001N10000O1000000O1O0100O010O001O2N011N02O0O001O1O1N2O0O2O01XOPQN=]o1L2O00000O1N3M`jjW2
20140410195814Mh_4,[Zeg03mo11N1O2O0O1O101N100O1000O1000O010000O1001O00000O10000O10O0100O0100O01000O10000000O1000O10O1001O00000O01`MFbSN5k05bk1LoRNb0Z1Cfk1m0TTNSOlk1S1nSNnNRl1U1iSNlNWl1\1\SNjNcl1^1QSNfNPm1T21O001mMXSNm0hl1mNbSNo0^l1POfSNn0Zl1POkSNm0Tl1ROQTNj0Pl1UOSTNi0lk1WOXTNe0ik1ZObTN:_k1FeTNMdk13_TNIbk17T2O00100O1O0100O010O10000000000001O0000000001O0000O010000000O0100O010O10O10000O2O0O2O1MViRQ3
20140410195814Mh_5,]XSd13mo11O00000001O000001N101N2N1O2O0010O01O010O01O0100O100O1O10O10O0100O000001O0000O010O1000O0100O10O10O100000O100000O10O100000000O100000000000001O000000O10O0100O0010O10O010O10O0101O0000O100000O1000000O10000O1O010O100O1O2N2LjgPU2
20140410195814Mh_6,]d_P1;do11O1N1L4O10O2O00O1O1O100000010000000O100O2O0O2O0O10000001O000000O10000000O1000O100000O1O1O1O1O1N1001O1O1O100000O0100O1O0O2O1O0O2M3K4M4M2O01L5K4O1N3M2O2M2M4K5N3M4Kb]\j2
20140420195854Bh_1,ZblS33lo12O1O10001O1N2O000O11O0O1000O1O100O1O100001O01O000000000001O1O00O2O1O00O1000001O0011N1O004K4M1N2O1O1O00111TVNXO^d1e0][N^Ocd1d0Z[N\Ogd1e0V[N]Ojd1f0Q[N[OQe1e0mZN[OVe1d0gZN]Oee18ZZNHie16VZNKke17QZNIPf1;kYNEjKFUj1e0nYNGjKHWj1b0lYN0Uf10fYN4^f1ImXN]OTMk0Qj1HhXNATMg0Vj1HdXNGPMa0]j1L\XNi0fg1YOUXNh0mg1YObUNSOT2]1hMeNjj1h0SUN^OT2V1Ti10\VN1ii1NTVN1Pj1OmUN0Xj1OfUNMbj12ZUNNkj14oTNKUk14iTNK[k14cTNJak16ZTNGnk19mSNIWl16eSNLdl1NWSN4ml1KmRNE0DUm1c1nRN[NUm1a1nRN]NTm1`1oRN^NTm1^1PSN^NVm1[1k0M:C;F8I8H_XQf0
20140420195854Bh_2,[cbd28go12N3N1O1O2N101N100O1000001O2N1O0003NO2N0001O5K2N1O1O0O100O10001O0000000001O3M3M3M8G=D0001N1nNZQNh0hn1SO]QNi0To1E8K7H]ZWX1
20140420195854Bh_3,fe^S22mo11O1O100O1O1O10O010000O100O10O10O10O100O101O01O010O10O01O010O010O10O10O100O1000O10O100O10O010O1O1000O10001O0O1001O0000001O0O101O0O101O10O02MZYSh1
20140420195854Bh_4,meRW13ko14L3N2O1N2O1O2M2O1O1O1O1001N4L2O0O1O2N1O101N10O100O101N10O00001O00000000000000001O01O01O01000O0010O01000O10O0100O0010O1O00001O00010O010O10O1O100O001001O0O10000O10O0100O10O00100O1O01O2N1N4KcXob2
20140420195854Bh_5,\jhe04ko12N1O2N10001N101N2O0JDgPN=Xo17N1O2N1O2N101`QNROkm1P1RRNSOmm1o0PRNROPn1P1lQNROTn1P1gQNSOXn1Z1100O1O1O100O0100O1O010O01O1O001O0O1000N2M3K5O2J5N2O1N3O01O1F;YNTRN3Jh0on1L<_O9LXVcV3
20140420195854Bh_6,YkXV35jo12^OMlPN1O4So1MlPN<To19O1O1O001O1O001O10100O1N100O1O001O10014K2N1NoNaQNc0^n1SObQN04n0in1:F00O6J2N2N2N:F4M1N2N1O100O01001O000O100O1O1O1NRS_f0
20140420195854Bh_7,`oPf12lo14M2N1N3I5O2O0O1O101O0001N100N2O0100001O00000O10O11O000O1O1O2O000001O010O00100O010O010O01O0000000010O010O1O10O10O01O000000001O00010O00100O01000O11O00010O00000O1000O100O2O0O101N100001N100000001O0000000O2O00O1O1O1O1O2O0O10010O00001N^RgR2
20140420195854Bh_8,SUiT14Pn15aSNN\l17`SNJ_l1<YSNGfl1<VSNFhl1=VSNCjl1`0dRNYOL8_m1T1_RNkN`m1Y1^RNgNam1k1O11[N_RNl0`m1QOhRNk0Xm1SORSNd0nl1\OVSNa0il1^O\SNH\O5Xm12QTNKPl14TTNFPl18l102O0O2N3Mamfi2
20140420195854Bh_9,gUQg16<Mmn19lPNLQo1d0M1N2O1O000O]Oe0N100000001O0010O01O01O0100O010O01O010O01O10O010O1O010O010O10O01O1O1O010O0001O00001O00001O10O01O1O10O01O1O01O10O0100O10O01O10O0010O10O010O010O10O0101N101O2Mik`S2
20140420195854Bh_10,nUkR24ko12N1O1O1O2O0O010O10O100O00100O10O100O1N2O1O1O100O01O010O0100O010O01O001O010O0001O0000O10O10000O100O1K5O0101L4N2N2O0OO11M4N4LekVi1
20140420195854Bh_11,lWYk11no12N100O100O2O000000000O1000O10000O10O1000000O010000O100O100O0100000000O100O1000O100000000000O1000000O100O100O1O10O0100O001O010O010O1O00001O000000O2O00001O01O01O01O00001OO100O1O10N2O2O0000M4N101M3O1N3Nfi\n1
20140420195854Bh_12,fXcQ15ho14I7M3fPN_OQo1d0mPN]ORo1i0N0K23N3N2O100O1O100O0100000N20O10O00010000000O100N2O1O2O0N3M3O00001N1N3LWihk2
20140420195854Bh_13,k]Qo28do15VOFaQNf0[n1A^QNb0`n1`0O100O01N1O2N101O00JmN`QNS1`n160O1N3O0O2N1M3O01O1000100TNoNhTNR1Wk1POgTNR1Xk1oNgTNR1Xk1oNfTNR1Zk1nNdTNU1\k1kNbTNW1li1jNnUNO5Y1ji1KoTNnNT1Z1ki1:SVNGmi19RVNHoi18PVNHQj18nUNHSj19kUNFYj19eUNE_j1;_UNCfj1?UUN^OQk1eN\TNm15^Ojl1DRSN>ol1BmRNa0Um1T11O1POnRNPOSm1n0oRNQOSm1_OgRNT19[O\m1a0gRN]OZm1b0hRN[OZm1d0gRNZO[m1e0fRNXO]m1g0dRNUOam1LmQNi0a0ZOim1e0i001N2N1M5L7I5L\djl0
20140420195854Bh_14,QYQ]23lo11O2O000O100O1000000000000000000000001O001N100000O010O0101N10001O0000O011O0O10001N20O00000O01000O01O10O01O100O1000000O10O10001N1O10001O001O100O0100O001O1O1O00000000000000O10O10O1000000000000000000O1001O001000O0100O0O2O1N3LQgn[1
20140420195854Bh_15,Y_ai06ho13L4J5N2N2O1M1N020000O01H8O1\O\OjQNi0Un1>G920N@XRNgNom1Z1;001O0000]OcQND\n1=gQN_OYn1c0a00000DVQNCjn1<>O001O10001O0001N1O1O1O1L3ON21O0@^O^QNi0]n1?L401O02N1O1O2N1O2N2N4L4L2N2N1O1O0O1O00101O002O0O100N1O2N10O10000O10000O10O10O1O1O1O2N101O001N101O0O1N20O001O1O2O001N2O100O101M2N2N2N2O1O1O100O10000O1O2N2N[f`n2
20140420195854Bh_16,VZWW24ko13N5J4N0O01O1O10010:E0O101O000011O2M000O100O1O100_OhPN9`o1O01O1O00000001O1N3N1O1O01O000001O01OO2O1O002M_dfe1
20140420195854Bh_17,[\W[23lo13[PN3So1NiPNh0dn1<O2N101N0O1001jNgQNa0[n1[OjQNc0Uo1D5K5JSbjc1
20140420195854Bh_18,^_gk23lo1100000O2O00O010O1O1O1O1O001O0010000O2O1O1N1L5I6M3N2O001N1010O01O010O01_OSQNMnn13UQNHmn18VQNCln1>55000O101N2M3O6J5KhaVQ1
20140420195854Bh_19,j_ac13io16J6L4N1O1hPN@nn1k0O01O2N1O1O01O]OmPN9Ro1BSQN=Xo11N1O2M2O1O1O10000000000000O1000O02K4O101N3N2M2O1N10000001O00O10000O10O101O000001O0O2N2Mh_hX2
20140514195854Bh_1,UbhY26hn1OSRN3lm10QRN1om11nQN0Qn14kQNLWn18aQNK_n17]QNKdn1h0001O1O1O1N2O1O1N2O1N2O1N8H2N2N2N2N3LW^cd1
20140514195854Bh_2,Sbdb23lo12O1O1N101O1O1N2O1O1O2N2N2O0O10O1O001O001O00000O01000000010O100000000O1O1O1O000100O2N2O1N3N0O1O10O10001O1O001O000000O1O10O01O01O000N3N1O2O00101N2O0O10000O100O1O1O2N1O_\SX1
20140514195854Bh_3,ZbVR23mo12N7I3M2O00000O10000O10001O2M3N1O00O101N2N2N100O101O5LO1O1N2O1O2O000O02OO1O2N002O11OOO1017H0O02N2N10O2O03N1001OO0O01N3N04M1N3L3NO2O2M0QQNB\n1`0[QNGhn1h01M1O3M2M4L2M4J6J6M4JTYih1
20140514195854Bh_4,obhe04jo13M2L4O1O1000000O10O010O0N3O100000000000000O1000001O00000001000001O001O0O10000O4M4K2O1O1O3M1O2N6J6I2N2N010O01O1N5K3M2M3UOZQN7kn1EYQN7[o1Mo[YV3
20140514195854Bh_5,VklU23Zo12PQN5jn1d0N2M200100O2M2O000O3N6I3M10O01O0100O010O01O2M4L_T_h1
20140514195854Bh_6,mn`k22mo13N1O1O1O000000O100O010000O10O0100O001O1O1O001N1O101N1O0O2O1N1100O2N1M4N3M3LRRQR1
20140514195854Bh_7,aT[U21mo13O1O0O2O1N101O1O000O1000O10O0010O01O00001O0000000000001O0000O10000O10O100O1O10000000O01O1N2O0100O101O1O1O1O1N3LQmRg1
20140514195854Bh_8,^U]W13ko13N4\PNJWo1a0N0O2M3M3N1M4C=N2N]OfQNCXn1<VRNYOjm1b0m0M8\OTl`g2
20140514195854Bh_9,fVSX32ko15M1O1O100O1N3M2O1N2N2O1O1001O0001O001O0O2N1O100O010O10001O1N5L1O1O0O0M3O10M3O2O10O0FoNfQNR1Yn1<N2O1O000000O1O1O1O1O1O000000O1EfNPRNU1Un1:10O1OHlQNdNXn1Y18mN]QNh0en1WOaQNb0cn1[OaQN`0cn1]OaQN>To1ISk^c0
20140514195854Bh_10,l\kU11mo14N001O1N10000O1O0UL0gWN1Yh12bWNO_h13^WNNch12[WNNfh14WWNLjh15SWNLoh16gVN1Zi1OcVN2_i1O\VN3gi1OSVN1Qj1OkUN2Yj1MdUN3aj1LZUN5jj1KQUN6Sk1MfTN4\k1LaTN4bk1K\TN6fk1IYTN6jk1IVTN5mk1JSTN4Pl1KPTN4Sl1KkSN4Xl1LeSN5]l1K`SN5bl1MWSN6ml1KlRN8Um1JeRN8^m10URN3lm1n04G9M3M4L4E:J7K6HTeVg2
20140514195854Bh_11,b\kT34f01Zn10eQN2Xn11gQN0Vn12iQNOSn15mQNLPn16oQNKPn17oQNIQn18mQNIRn19kQNIUn18iQNJVn17fQNLZn1n000O10O100O2O1O1O00O10O100N101N0O1N3N1O2N2O1O1O1O1O2O0O1O100O1O1O001N2O1N101N2O1O1O1N3Lbcfg0
20140514195854Bh_12,]_]V28fo15K4N0O100O001_O^O\QNi0an1_OYQNb0Yn1ZOmQNR1Sn1SOfQNP1Yn1;00O1N2O00O3K4E<O2L3L4N2O1O00N2O11N2N2O1O1O2N2N3M2O00000000O1000O101N1O1O100000000000001N2O2LYble1
20140516234034Lh_1,^`Pn22ko15L4M5K4L3N1O2N101O11TOoPNe0Vo11O100100OO0O1O01000001O3M2O2NO10N1O1O1N2N2N2N4KZ^go0
20140516234034Lh_2,dbhU35jo12M3N001O0001O00001O01O0010O10O0100O0101O001O001O001O0000000O1000N2M3O1O2O001N2Ni]eg0
20140516234034Lh_3,nbZ]15jo14L4M8H2N001O01O001N10001O00001O010001O01O000001O001O001O01O00000O10O10O100001OO10O1000001O1O1kPN\Okn1m00O100O1O0000000O2O1O1N101O000O2O001O00001O1O1O001O01O1O1O1O001O2N2O1N100O01O001N101N2O001O001O001O1N2O01O0000000O1O000001N1O2M2O2O1N1O2N2O00100O1Oa[Q[2
20140516234034Lh_4,_dfW24jo16K5L4L3M4M2OO3N2M1O1O1O1000O000O100000000000010O00O010O101O000100O1O1O1O1O1O002O0O4NN001O0O2M2N3L3L5L5KaYod1
20140516234034Lh_5,neVd16ho13L4L4O1000100O0000000000O100O1O100O1O10O010O001000000000000O001O1O1N2O02O6H3N3LVYWY2
20140516234034Lh_6,ohPn25io14M2N2N2N:F4L3L3M3J6M4L6K4L3M5K3L3N4K6JkMXSNX1fl1eNdSNX1Xl1gNkSNMSOR1Pm1oN]TNP1bk1lNbTNX1cNjNQn1c11N1N2O2N3M3M3N3L2N1O1000O10O011N1O7H4L4K5KlTQo0
20140516234034Lh_7,dQSh25io14N2M2O01O00000001O00O01000O0100000000O100001O000000000000000000000O100000001O0001O0010O01O001O0000000000100O1O001O0001O001N1O2O1N101N2O3LUn`S1
20140516234034Lh_8,WRmP21mo15L2O1N2O001O00O010000000000001O0O2O2N1O1000O1O1O001O100cSNLlh15QWNNnh12PWN0Qi10lVN2Ti1NkVN3Ui1MiVN5Wi1KgVN6Zi1KdVN5\i1LcVN5]i1L`VN6_i1L^VN5ci1MXVN6gi1LUVN6li1KoUN0lMAUl1`0mUNNSN^ORl1d0iUNNbj12]UNMej13YUNNij11TUN0nj11nTN0Uk11bTN5`k1MZTN4ik1OPTN2Tl1O[SN[O@i0bm1BkRNh0Xm1XOcRNi0am1YOXRNg0mm1c04L3B`0G9G9D>IclVk1
20140516234034Lh_9,dTSo23lo13M1O1O10O01O100O10O10O10O1O01O0010O001O010O00010O000001O0001O0001O000O2O1O001O10O0001O0001O010N101N10001O00001O1N2NflVm0
20140516234034Lh_10,]XWk24jo12O001O1O001O010O1O00100O010O010O10O1O010O010O010O010O10O010O010O0100O010O01O0010OAIVQN7hn1MVQN3in10UQN1hn11WQN0gn13XQNMcn18]QNHbn1:]QNFbn1<\QNEcn1>[QNBdn1m01O2M5QO_QN8Vo1N1N2O1O1O1O1NohlP1
20140516234034Lh_11,lYkg25io12O1N1O1O1O101N101N10O0101N1O1N2N2L4O01O100O001M2M4K5O01000001O10O1O1O2LlgjU1
20140516234034Lh_12,[Zij04jo13N2M3N1O1O00000O100O1N20O100001N1O2N1@@\QNe0cn1<1O0O1N2O2M2M5J5M4N2M2M3N3M3MUgnR3
20140516234034Lh_13,W]cl14ko11O1O1O1O1O1N2M2N3O1O1O0O2O00000000000001O00O100000O100O10000001O001O001O01O0001O0001N101O0000001N10hMDlTN=Tk1FhTN9Zk1KaTN6_k1N[TN3gk10STN1nk16kRN\O6l0Pm1a12M2N2N3N2L4L5K4M4fNnQN=Yn1^OX1L_fRo1
20140516234034Lh_14,fakS12jo15N1O1O001N2O1N200O010O0O1O1O10O10O1O010O1M3N11N3N1O2O1O010O100O2O0O100O01O00010O001O000O100O100001N2O10O01O01O000001O00O10000000000000O100O10O1000000001O10O01O1O01O010O0100N2O1O3Kl`^f2
20140519195834Ch_1,[eTV33ko12N2O001O0O2O0O2O100O100001O001O10000000000O2N2N3N00O1O2N3M2N1O2O002N1N1WQN_ORn1a0lQNASn1`0kQNAVn1?hQNBYn1>eQNC]n1<_QNGdn18XQNJjn1e01O2N1O2N1O1O1O1O1O1O1O1O1O0O3N3L3M2N3K`Yme0
20140519195834Ch_2,[eld21mo13L3O1O1O1O1O10000O110O1O01000O1O2O1N2O0000O10O1001O000000002OO001O1O1O1O0O2O00O2O7G4LjY[X1
20140519195834Ch_3,ggVd22mo1101O1O1O0O101O00001O00O100O10000O1000001O0000001O0O101O0001O0O2O001N200O1O001O00100O001O2O2M8I00O100O1O100O10O10O001O001O0O2M3N2N2M6JfWaW1
20140519195834Ch_4,fiVa03ko13O1N101O0010O01O0010O01O001O1O010O10O2O10OO10O10O01000000000000O1000O10O10O100O100O10O01O1O1O002N1O2M\Ua[3
20140519195834Ch_5,Qjnb154O^o14_PNMao1:0O001O01O000O1000000000O1000O0100O1O1O10000000000000001O1O100O000O2O1NkUeZ2
20140519195834Ch_6,fjdT11mo14L3O0O2O001O00000O1000000000001O00000000O100000000O1000000O100O101OO10O10000O2N`Uih2
20140519195834Ch_7,TPS?5jo12N101O001N2O1O1N2O1O1O2N101O0000000000001N20O5K2N2N1N10O100O2O1O1N2O2N3M10O2N6I1O2N2O0003M00001O2N0001O1O1N2O4J4LimX]3
20140519195834Ch_8,bR[R34ko12N2O000O1HKePN5Zo1MdPN4[o19000000O1000001O0000O10000000000000000O100O100N1O2O10000001dTNDRg1=kXNFTg1:kXNHUg17aXNF[L5Vk14\XN7dg1IYXN;fg1EWXN?mLYOKMTj1m0_XN1^MBSj1>[XN4_M_OWj1>VXNm0lg1TOPXNi0Vh1XOfWNi0\h1WO`WNk0bh1UOYWNo0jh1oNSWNR1oh1oNnVNQ1Ti1UOdVNl0]i1SObVNm0ai1RO]VNm0fi1SOWVNn0li1QORVNo0Qj1ROZUN_1hj1k12N2N2L5L3M3N4L3BlSNkLWl1Q3lSNlLXl1P3lSNlL\l1k2a0J5H7]NaRN=fm1_O^RN<gm1UOhRNf0^m1TOgRNc0`n1LWkhh0
20140519195834Ch_9,mTio14ko12M200O1O01O100O01O001O001O1O1O001O100O10O10000000O10O1O1000000O1000O1000O0100O01O0100O0010O01O01O1O00100O0001O00000001O000000000001OO101O001O002M4L\l`k1
20140519195834Ch_10,bXgk14<2ln11kPN7To1JlPN6So1KmPN5Ro1MlPN4So1<O1O010BWOeQNj0Zn1ZOcQNg0[n1]ObQNc0_n1>001O001O001N100O2N101BXQNChn1;^QNAbn1:fQNC[n1:g0N2M2O2O1O00100O010O100OhhjQ2
20140519195834Ch_11,cXkk26io11O2M2O1O1N10O1O1O01O11O010O100O0001O000O10000001O001O1O1O1O00100O010O0100O010O1O010O10O010O2N2N^hRQ1
20140519195834Ch_12,iZmd13lo12O0O1O2O0O100O100O01O01O010000O01000O10O100O1O100O01000O010O100O1O1000O0101O0O2O00000001O00001O000O10000000000000O10O0000O0100O1O10O010O100O101O0O1O1O1fNKiRN5Xm1NeRN2Zm12cRNM]m18_RNHam1<ZRNEfm1`0RRNCnm1W11O2M2eNmQNg0in1K6K5J6J5LVgZU2
20140519195834Ch_13,kYYh04ko12N1O1O100O0010O0001N100000000001O001O0010O10000000000000010O01O01O01O0001O1O100O1O2N10O01O10O01O001O00O2O1O0O100001O0O1000O100O2N101N010000O001O1O101N2N1O2O0O1000O101N10O1O001O1O1N2N1O2O0O1NJ8N201N2N2N2O2L6IYgTQ3
20140519195834Ch_14,lZWc0>`o13L2O0J7^OWOkQNk0Qn1b00L31O1100L5L5_Ob0J6M4Miff[3
20140519195834Ch_15,[[if0=P2LVk1<dTNGZk1`0_TNA]k1g1\SN[N_l1f2O1O010O0010O1O1O1O1lNcSNcN_l1Z1iSN^N[l1`1V1bNkQNi0\n1POhQN702hn1J^QN1dn1L`QN0QcnW3
20140519195834Ch_16,^]Uj23lo12O1N10000O10O100O100O10O001O00100O1O1O1O1O0O2N2O0100O010O1000O010O1O010O000010O01O1O1O001O1O001O0O1N3N1O2O1O1O100O0O2N2N1N3N2O1M2N2NM5O1O0010O0010001N1000O1M3O1N3N2N2O3L3M3M1O2O0O2O0O3L4LWelo0
20140519195834Ch_17,f_Sj03lo13N3M100O11O000O010O0100O00100O01000O001O2N2N0000O2O002N1O1O001O00010O001O0001O01O01O00010O01O010O010O01O01O100O10O10O1O1O2M\_nQ3
20140520200054Bh_1,Pd\l22mo13M101O00000O2O1O1O2O0O10O010O010O01O10O01O1O100O1O00010O000100OiPNDjn1=SQNFmn1:PQNIon1d010O0001O01O01O0001O00001O0010O01O00010O00010O0001O010O1O001O010O100O0100O2O2N2M3N6I4M1N2O000000001O1O4L1N2O00O01O2OnNXRNKgm12]RNNcm1NaRN2^m1LfRN3Zm1KiRN4Wm1KlRN4Tm1IQSN7ml1GXSN6hl1H[SN7el1F^SN9dl1C`SN:Un1M3MhXol0
20140520200054Bh_2,jhPi05ko1102N4L3M1O1O00O10O10O010O010O00100O10O10O0100O001O1O010O001O01O001O001N2O0O100O101N1O1O100O2MaVoS3
20140520200054Bh_3,dojQ23ko13N1O1O1O1O1O0O2WOMcQN5[n1i0N2O2O010085D0O2SO\QN9Vo11O1O000011O0013L000O001O001O000010N103M3L5L1N2N2O1N1O1N3MjnTk1
20140520200054Bh_4,onVe06ho13N2O1O1O3M1O2O0O6K1O00000O01O10O000100O2O8G1000O11N2O0O2O00O100O0010O01O00000010O01O010O1O10001N2O1O01O1O1N1O1O100O1O1O100O1O10O01O01O01O010O001O01OO101O001NYohU3
20140520200054Bh_5,iTm]26io12N2N1O2O1O000000000O100O100O0010O01O01O01O01N10000000010O01O10O0100O1O010O0010O00000001N1O2O00001O01O001O1M201N100O1001O0010O010O001O0010OO2O1O001O1O0O3M2NjlT]1
20140520200054Bh_6,YWQ_15io14M3M3N2N1O0O1000O1O001N2O001O1O1O1O2O0O100O010001O00000001O001N2O1Nkhh^2
20140520200054Bh_7,hZQS23ko14M2N2O0O2N010O01O010O10O01000O010O0100O01000O010O01O010O100O010O1O100O001O001O000000000O100O1O1]O_OfQNc0Xn1DaQN>Zn1f0K4O2O0001N3N1O2J6L5oNaQN=Uo1K5KQgnh1
20140520200054Bh_8,b^Yn03jo13I8L3N1O2bN3hRNMPm1c0hRN]OVm1i0fRNWOWm1P1dRNPO[m1j1E<K4L4O2N1L5L21TOiSNQNXl1e1\TNnMfk1Q2T1O1O1001O10\O`RNiN_m1S1jRNiNUm1V1k0N2O1M4C<N3N1O2N2N2O1N101O100O10O10O01O0100O010O0100O0010O00010O000010O01O01000O010O0100000000000000000000000001O00001O01O000000000010O0001O00010O01O0100O0001O01O01O001O01O01O01O001O010O001O01O001O01O000000000O10O010O010O01O01O01O010O0001O001N100O1O10O2O1O1O2N3Lgffg2
20140520200054Bh_9,`]QQ38fo13N3L4M2M3N2O10O3N1N5L2M1O2N1O010O0001O000000000O2O00000O101O000O2N1O1O2N100O1O1000O0100O1O1O1O1O001O1O1N101O00000O2O000010O0100O10O01O1O001N1L5N10000000000000O100O1O10O100O2O00000O101O0001N101N2O1N3L4M2O2M2O1O00001O001O1N2O2M3M6IXdfg0
20140520200054Bh_10,e`gW24ko11O1O1O1O1O010O10O100O010000000001O001O000O100000000000O100000O1000000O0010000O10000O01000O0100O010O1O001O01O001O1N2O1N2N2O001O0010O0010O010001O0O101O0000001O0001O00000O10O1O1O001O10O00100O1O10O01O10O00100O001O00010O01O1O001O010O1O010000O10001O0O100O10000000001O00000O101O0O100O2O0O1O2N3Lh`V_1
20140526195834Ch_1,QfVV14io16K4M2N2N2N2O1N2N2N1O2N100O2O0O010O10N2O0ETQNBnn19?N2O2O0O10000O2O000000O2O0O1O1K5O0010O1O1N2O110O0001O00001N10O100N2N2O2O000001O001O00000000000O101O1O100O10O001O1N101N2O1N101NbZ]d2
20140526195834Ch_2,bgfm26io12O1O2N10000O0100000000O10000001N3N0O1000O100O100001O002N2N1OO100000000O0100O1000O10002N1O01O0000001O001O00O100O10O001O100O00010O01O100O2N2O0O01000O010O100O100O01O100O000001O1N2O01O001O001O10O0100O01O01O010O10O01O01O00O10O1000O10000000000000001N100O2O0O100O1000O1O100O10000O01000O1O001O1O0000001O01O01N101O2N2M_Vah0
20140526195834Ch_3,kild12io16L3N2O000O20O00000000000000000100O1O1000000001O0000000O1O0O2O001O01000O10O01N101N2O1O101O01O1O0010O1O1NoViW2
20140526195834Ch_4,hnfV14ko13N1O1O1O10O01O001O01O0010O001000O0100O010O10O00010O0001O001O001O000000000000O01O1O0010000000000000000001O1O1O100O1O01O01O1O000001O00001O0010O01O001O00010O10O0100O1O001O1O01O001O00000000001O001O000001O0O11O000O100N3M2O1O1O10000O2O1NbPoa2
20140526195834Ch_5,STio12io17K3M3M3O1OO100O1N200N200000O10O2O000O2O1O10O10O2O000000010O00000001O0001O01O00010O00100O010O100O100O10001O001O100O0O2O1O4K2O000O01001000O1O0100O2O2M1iQNWOVm1j0XRNWOI2Qn1c12N1N3O2N010O001N2N3N<C5K1O2EkPNFXo10jj\j1
20140526195834Ch_6,TX[Z17co19K3N100O1O00J6N2000001O001N10001O1O010O1000O10000O100O10000000000O0100O010O01O010O10O1O010O10O1O100O100000O10000O10O100001O00010O1O1O001O001O002N1000O01O1Oahf`2
20140526195834Ch_7,dXgQ31mo14M2N1O1O00000M3N1001O100O1000O10001O1O0001O000O1000001O010O010O01000O1O1O1N2O1N2O1O00100000bhZk0
20140526195834Ch_8,QYaT13mo11N2O001O0O10000000000O10O0100000O1000O01O10O01O01O100000001O001O000100O010O010O01O0001O010O001O000000O1000000000O1000000000O1000000000000001O0000001O00000O10001O1NofXf2
20140526195834Ch_9,cZk]13jo14N0O2O0O2N1O200O1O100O2N1N2M3N1OO2O0O2L4O0N3N2O100O1O101O000001N100000O2O0O2O001N3Mof^_2
20140526195834Ch_10,ZZWS32mo11O2O0O2O0000001O00000O1O10000O010O10O01O100000O1000000000000000O10000O10000O10O100O1O10001O00010O010O010O0100O0100O01O0100O00001O001O1Nge^h0
20140526195834Ch_11,X[af12mo12N1O10O01O010O0010O01O10O0100O01001N101O0O2O000O010O10O0100000O10000001O0001O001O1O100O001O000010O0010O00000000001O0000O10000O10O10O1000O100O100O010O100O10O10000000O100000000000000O10O01000000000O10000000001O01O01O01O001O1O102MndXR2
20140526195834Ch_12,caoX2;do12N100OM2001O1O1O01000001O10O01O01O010O100O100O2O0O1O001N0M4N2O10001OO2O0O1O1N2O0O11000N2O0001N2O1O1M4M3O0010O010N2N3N1N2M200O1000YOAmQN?Sn1FiQN:Xn1HeQN8\n1K`QN4bn1d01O2N1O2N101M2O1N101N10000000O1N2O1O1O110O010O010O1O0001O010O1O001O1O100O10O100O1O1O001O0100O1O1O1O10O010O1O10O10O11O001O1N4M2N1N101O0O2O000O100O1000000O0100O10O01O0O100000000001O010O0001O000O2O0O10000000000O010O1O2O001O02N1O2N1O1O001O01O001O0000001O0000000000O100001N10O010000000O100000O2O0O1010O100O10O01O100O1O1O1O001O001O00010O1O1O100O1O1O2N10^dhW1
20140629195814Mh_1,[nbc266MZo15cPNM]o1<O001O01O1N100O101N100O1000000O10O10O01O001N101N20O0O100OO2N3M2N3N10O101M2BiPN3do1N3LURiY1
20140629195814Mh_2,SRe[17fo14M2O1N1OO101O0010O100001O1O000001N101O01N1O100O1001K4O100010O001N101O0000O100O00001O1000O010O00100O1O10001O0000001O0000000001O000O1O101N1000OO1101N2O1O100O2N1N3LiPW_2
20140629195814Mh_3,U[eT21ko17F8N2N1N3QM_O[VNc0di1BWVN?gi1EWVN;ii1J_UNAfNg0:YOcj1b0ZVN@gNg01DFIhj1d0aVNYOPOj0K1cj1L`VN[OPOk0I1fj1J_VN\OPOR2bj1aN^VN@lNo1hj1aNZVNQ2gi1oMXVNQ2ji1oMTVNP2ni1QNPVNm1Sj1TNjUNl1Xj1TNfUNm1[j1TNbUNk1`j1\NXUNa1mj1f14E_TNSLck1c2lTNmM_k1o1jTNeM^k1U2hTNhMZk1W2hTNfMZk1X2W1J5O201N1O2lNTRN1nm1NVRNOkm1OXRNNim10ZRNNhm1O[RN0fm1N\RN1dm1O^RNNdm10_RNMcm11bRNEdm1:Q1M3000O11O01O00010O000000O10000000000000O1N2O2O001O0000000000O100O1O2O0O10O100000000O101OO01001O00O1O2N1N2N2O2N10O000O11O01000O11O001O1O1O100O1O2M2O1O1O2O\LK]WN4ch1N[WN2eh10ZWN0eh12ZWNMgh13YWNMfh14YWNLgh16XWNIih17WWNIhh18WWNIih17WWNHjh18VWNHjh18VWNGkh1:TWNFlh1:SWNFnh1;QWNEoh1<PWNDPi1=nVNCTi1=kVNCVi1=iVNCXi1<gVNE[i1:dVNE_i1:_VNGbi19]VNGci19\VNHdi18[VNIei18ZVNHfi19XVNHgi19YVNGgi1:WVNFji1EhSN`0^2KPj15nUNLSj14lUNKVj15hUNLZj14dUNK_j17]UNIdj18ZUNGhj19VUNGkj1:TUNFmj1:`SN]OQ18ak1;SSNIY1Mdk1m0ZTNSOhk1m0VTNTOjk1m0TTNTOlk1n0QTNSOok1o0lSNTOTl1m0hSNUOZl1k0cSNVO_l1i0^SNYOel1f0TSN^OQm1f14L4M1N3M3M3M2N3\NPRNS1hn1E7J2L4M4M3M3M3L6JTl`_1
20140629195814Mh_4,b\Qc07fo14N2N2O0O100O011O1O1cPNCUo1d00000QL]ObXNb0\g1F_XN9^g11[XNObg17[XNIag1>\XNAcg1c0[XN]Odg1h0WXNWOkg1m0QXNRORh1o0UUNfNY2:eh1^1WWNbNmh1BXUNY1g1UOii1h0SVNYOQj1g0iTNlN0>_k1a0UTNlNG;:>nk1:jSNH11Xl1XOfSNk2]l1QMhSNk2kl1K4L2N2N1N3L4N3M4L5L3L4M2M7I3E;K5K6K6JjdjY3
20140707023654Uh_1,dlXg24jo13N100O100O10O01O1O0H9O001O010O10O0100O010O01O0000001O010O1O001O1O00O2cK^OXYNd0if1^OSYNd0mf1^OoWN2jMb0Wj1\OmWN7gM=^j1\OhWN>dM6fj1]OcWNc0aM0nj1]O_WNh0^MLTk1]O\WNe1eh1\NXWNd1jh1\NUWNc1mh1^NPWNc1Qi1^NmVN`1Vi1`NhVN]1^i1cN`VN\1bi1eN\VNZ1fi1gNXVNV1li1kNiUN=`NBVl11WUN=_k1D_TN<bk1FZTN:ik1GTTN8ok1JmSN6Ul1KhSN5Zl1LcSN4`l1NZSN3hl17kRNJWm17eRNJ]m1\12M2N2M5L4J5H7E:I8H8I9FUXQT1
20140707023654Uh_2,ShZ\14ko12M3H8K6L4L3M4K4M3N2N3N2M3N2O0O1iQN`N<Mnl1n1hRN^NVm1R1hRN_OXm1=lRNDRm1YOlRN=:9jl1XOnRN=<]O^Oh0Wm1^OQSN9c08[l1]OTSN9f09Tl1\OWSN<h09_l1FcSN9\l1FgSN7[l1GhSN7Xl1IlSN2Ul1MRTNIQl18k11O001O1O10O01O100O100O1O100O1O2M3M2N101N100000O1ESQNAPo19`0HlWQ`2
20140707023654Uh_3,_hl]25fo17J5M2O1O1O0100O1O101N100O2N2N10001OO10000O100O00100O101O0O10O0000001O010O100000O100O100O100000001O00000001O0000001O010001O100O10O1O0O001N2N1K6L3O2MiW]]1
20140707023654Uh_4,fhdn21mo14N1O1O100O0010O01dPNKkn16SQNMln13TQNMkn14TQNMln12TQNOln11TQNOln11SQNOmn12RQNOnn11PQN1Po1`000000O101O001N1O101N10001O1O110e0ZO4K2O2NO1O1O2M4Jd0ZO:HTUan0
20140707023654Uh_5,Rjf_27io11`PN1mn11nPN6on1?N2O2OSOSQNe0Uo100O2O1N3M2OO1O000001O001O1O01O000010O1O0O2O1O0O101O00000O1000O10O00100O010O01O01O01O0001O001O10O01O010O000001O0000001O0000000O1000000000O0100O010O100O1000000000000000000000O10O1O1O100O10O1O1O2M3L4NmSeY1
20140707023654Uh_6,TPcm25jo12M3N1N3N1O1O1O000001M2O100O0001O100O2O10O000O10001N10010O001O010O1O001O010O00010O001O1O1O2MSQ_o0
20140707023654Uh_7,bPe[15jo15L7I5K2O1O0O100SQN]O[n1d0`QNB4Ikm1X1SRNjNlm1Y1oQNkNom1e1M2O1N1O1O01UNZRN[1gm1bN_RNX1dm1fNaRNS1dm1kN_RNl0an1D<Kenjb2
20140707023654Uh_8,jPW`02go1:L3M2O1O10204L2NN1O000000O4M2N4L1N2N010001N1000O11O6J0O10O010O10O00100O1O001O1O0000O101O001O001O1O0O1O100O1O1O10O1O1000001O01O1O1O2N2N1O0OnN[QNl0dn1SO^QNl0bn1TO^QNl0kn1O01O100O1001O1O2N1O0010O010O0000000O1O1000000000O10001O000O2O0O1O100O1O01O01O001O1L3O2M200O100O001O1O2O1N3J^njW3
20140707023654Uh_9,`T[_15io13M3M2M3N2N1N3N1O1O1O1N1O2O1N1N200OO101O100H9M3M4M3L5LYml^2
20140707023654Uh_10,[Uob27do1:H5L3M4L3N2N2N3M2NA`QN@_n16nQNIPn15URNIjm17ZRNDhm1;o0O001O00010O0010O0100O010O1O2O0O1O2N`knZ1
20140707023654Uh_11,\XmV35io13N2N3N1N3N2N3M2M4L3L3N1M4L3O0O2L4I7N2O1O2N1O1O1N1N3MSO^RNA]m1b0iRNZOVm1d0QSNXOPm1d0WSNXOjl1e0[SNXOgl1e0\1M4M2M4M3JTiff0
20140707023654Uh_12,eY_S16io13N1O2O1N3N00001O0001O00000O10O0100O0100O100O10O01O1O100O1O2O0O2cQNZO]m1f0aRN]O]m1d0`RN^O`m1b0_RN@`m1a0^RN@cm1`0YRNDfm1>jQNXO6=Qn1W11N2N2O1M3M3L4L4M3M3M3N2M3N3M4L4K6IPenh2
20140707023654Uh_13,\_eo17on10aQN5Rn18jQNLQn19kQNKom1;kQN0lm1U1L4K4N2M^OdRNdN[m1X1lRNfNTm1>dRNK=Eml1?jRNG=Iil1=nRNH<Hfl1>RSNG;Icl1=WSNH8Ial1>[SNFem19`RNBam1>P10000O1001O001O001O000001N101O0O2O1O1O1O010O10O1O00100O1O10O01N1000O01N101000001O000000I7O101O1O1N2O1Nlcnk1
20140707023654Uh_14,`__`21mo13N2M101O001O0001O000000O1O10000O1N2O1N2J5AAXQNe0hn191N102O0000001N10O0O101O1O0O2O0001N11O01OO01J6M401M3M3N2O2M`cV\1
20140707023654Uh_15,[]ao23lo12N2O0O2O1N2O1O1N3N1N2O2N001O001O1N2O1N2N1O2M2N1010O010O101N7J2N1N3N1O1N2K6KgbPn0
20140707023654Uh_16,P_[`15io13N1N3N100O100O010O01O01O010000O00100O10000O010O01O101N1O1O100O01O0O2N2O10O10O0100O010O10O0100O001O01O000000N2N2N2N2O10O10O01N2K5O1O100O100O2N101O000O101O000000010O1ORc\Z2
20140710020754Uh_1,o]\W19eo14N2N1O2N>C205J0003ON00O010000O001O2M10O0mNaQNe0on1N1O1O1O1O2N1O3L3N1N1O2O1N2NZ`[f2
20140710020754Uh_2,aid`22ko15M3M1O1N2O1O00000O2O0N2O10O01000000O1O1O01N101000O110O10O10O101N1O1O2N1FZOWQNi0hn18000O101O1N2O1O3M2M3N1O1O1O001O1O000001O1O1O00101N2O1N2O1N1000000000001O0O2N1O3M2N2M101O0O2O000000000O2O0O2O0O101OO100O1O1O2O0O1O1O1O2M2O1O100O2N10001N2O00001N101N1HoPN_OTo1=9O1O2O001O1O2M3MTWWW1
20140710020754Uh_3,nhZ]35io16L2N6L2N3M3L3M2O0O25K2M0102N1N10N2O1O02N4M10M100O0O2O0O100000O0100O1O1O1O1N2O2N2N1O10000000000O101O0O1O10O01O00010O010O100O0O2NVTc>
20140710020754Uh_4,kZgR13fo17L4N2SOCTRN`0jm1DmQNb0Sn1AgQNc0Xn1AaQNc0_n1?O1O001N100O00AlQNTOTn1i0TRNQOnm1m0b001CVQNCln1;4900O1000O10WO[OXRNd0gm1BURN<jm1IlQN?Sn1g000O2O0010O1O5K2N1O000^OjQNZOXn19dQNBTo1:Qi`j2
20140710020754Uh_5,VYYU24go19K2N2N2N2N20000101N2N10O000000000001O0000000000001O001O00O00100O010O0100O001001O000O1000O010O1O0100hQNBll1?QSNDol1<oRNEQm1;nRNFSm19kRNIUm17iRNJXm17bRNN^m12_RN0bm11[RN0gm13QRN0Pn1o02M2O3L3N3L4L4L8F7K6IPeXf1
20140710020754Uh_6,R^ij13io17K4K5K5K5L3M3N3L2O_O_QNF^n1:fQNDXn1=kQNASn1?PRN@om1?TRN@jm1>[RN@dm1`0m0010O0O02N1O2N2000001O0010O01O001O1O00001O01N10O010O100O100000O2O000010O1O10O0100O100O10O100O10O0100O01O010O0010O001O0O101O001O01O1O001N1001O001O001O0O101O00000000000O1N2O1L4L40O011N2L5M2N3M3N1N3N2Lhenm1
20140710020754Uh_7,R_Qa23ko13N2N2O0O2O00000000000O1000000O01000O10O01O1O100O10O10O10O0100000O1000000O001O00001O00100O10O010O00001O10O0100O010O1O1O001O001O001O0000N1M21N3O1O10O0110O0O2O1N1OJmPNARo1`034O2000000002N1O1O2M2O010O00O10000O1O001O1O0O100N10O01N2O1O2O1O1001N2N2O0O3N1N2N2N2N2N2M4M4LkclV1
20140710020754Uh_8,n`UV13ko14L3N1O1O1M3N2O1O0000N201N2O10O01O10O00001OO100001O0O101M2N3N0101N2O010O1000O11O00001O0O10001O0000O1000001O00001O000000000001O1O3L4L2O2M20N3N1O00O2Nm_Te2
20140710020754Uh_9,ecQg22Zo11TQN2kn13mPN2Qo1?00001N1O2N1O100O1000000000010O1O1O01O1O001O1O000O100O2N100O010O100O1O01000O1O1N2O001O1O100O0100O001O1O1O1O1O1O1O100O10O00001O1O010O10O1O1O1O01O0000001O01O01O001O001O1O01O001O1O010O010O01000O001O001N100O00100000K5O100000000010O0O2N1N1001O0N1M4100O101O0O2O0N2N1O200N3M2O2O2M2O3Me_RP1
20140828080414Th_1,f_nb24ko13M2O1O001O1N1O2N1N3N2M3M2N3N1O1O1O1000001O1O1O1OZOWQN6hn1F]QN:cn1@cQN?Qo1O03L2O1N2N2O3M104LO1O2N1O203L2M1O00O1PQN[Obn1h0YQN]O^1Kak1V1\TNmNck1U1ZTNlNgk1U1VTNlNjk1U1TTNlNmk1V1oSNlNQl1T1mSNmNUl1R1iSNoNXl1Q1eSNQO[l1R1_SNQOal1Q1]SNoNcl1S1ZSNnNfl1W1TSNjNml1V1QSNlNol1S1PSNnN^m1e0_RN]Obm1_12O1O1oMZRNM1`1gm1`NdRN^1Sn1L1O100O0110O00O10O01N2O1N3M2G9L6K8I3LP]cW1
20140828080414Th_2,Z`Zc15jo12F9O1O1000000O1O2N1O1O2N1O2N101O001O001O001O001O000000001O000lWNnNZa1Q1b^N^OUa1a0j^NAUa1`0i^NAWa1?PZNQOm2a0Sc1>kYNXOcNJQ4`0ac1g0`YNSOiNLR4;fc1h0fXNmNId0i3Gic1R1YXNMk3ROmc1j2l[N[MVd1f2f[N\MZd1f2b[N[M_d1m2X[NTMid1l2U[NUMmd1j2gZN]LZMk0Vh1`2_ZNkMce1S2]ZNnMde13QXNOn1cNnM]1Sh1G]XN7`1gNmM^1Uh1ZOlXNe0i0fNRN]1Zh1TOoXN^1mNPNb0j1ag1gNRYNn1[O\Ocg1fNSYNo1VO]Ohg1bNTYNW2iNZOTh1_N\YN]4ff1`K^YNW4kf1eKXYNY4jf1eK^YNS4ef1kK`YNn3cf1QLaYNKfMa3mh1cLkYNM[Mm2kh1WMaZNa2`e1^MbZN_2`e1_MbZNa2_e1[MdZNd2^i1N3N1N2N3oMdRNX1`m1^NjRN_1lm1O2gNdQNj0_n1ROcQNl0jn1BVQNDkn18ZQNDWXmW2
20140828080414Th_3,jaj`03ko18H4N3bPNMhn1i0M2O4K3N02OiQNeNgm1[1URNhNkm1h1O1O0002M2N2N2O07VRNTNQm1_2O1VSN`MC2Pl1_2nSN\M6c0lk1X2PTNkMQl1V2iSNnMYl1k27J1O01O001O000000000iSNbLkk1_3QTNdLnk1h300O10O10O100O`MPTNQ1ok1mNWTNP1ik1nNYTNSOJI0\1kk1G]TNRO:T1Uk1HdTNRO<U1nj1GhTNRO=V1jj1FlTNSO<W1gj1DVVN<hi1CZVN=fi1BZVN`0ei1^O]VNc0ai1]OaVNc0]i1]OdVNe0Zi1ZOhVNf0Vi1ZOkVNh0Ri1XOoVNh0Pi1XOQWNg0oh1XOSWNg0mh1XOUWNg0lh1XOUWNg0kh1YOVWNf0kh1XOVWNh0kh1cNjTN=\2P1Qi1oNoVNR1Qi1lNPWNV1nh1iNSWNX1lh1hNTWNY1lh1eNUWN]1ih1cNWWN_1gh1aNYWN`1gh1^NZWNc1eh1]N[WNe1ch1[N^WNf1`h1ZN_WNj1^MoMlj18fWNn1Xh1RNhWNo1Xh1PNhWNQ2Xh1mMiWNT2]MlMcj1NPXN<]M52d0Xm1SOkRN51i0Rm1QOoRNIL16V1ml1oNmSNP1Rl1oNQTNQ1mk1oNVTNo0ik1PO\TNm0ck1SO_TNl0`k1TOaTNl0^k1TOcTNm0[k1SOfTNm0Yk1SOhTNl0Xk1TOiTNl0Vk1TOkTNl0Tk1SOmTNn0Rk1ROoTNm0Qk1SOPUNm0oj1ROTUNm0kj1SOWUNk0ij1UOXUNk0gj1TO[UNk0fj1TOZUNl0nl10O000010O001O1O0O2O0O2N10O2O001O0010O010O01O001O0O101N1O2O1N2N2O1O1O1OXO^QN4`n1KbQN6[n1KeQN6Zn1JfQN7Yn1HhQN9Xn1BnQN<Rn1_OTRN`0mm1\O]RN>cn10O010O1O010O10000O10O010O0001O010O2O0O11N100O1O100OiPN@nn1a0oPNCon1h0000O3N10O2M2O1O10O0000O01010UQNSOdn1j0WQNZOin1n02N4L2N1O1O1O100O1OUQN]OZn1b0bQND^n1;^QNIen1h001N2N1O2OO101O6I3N10O0O1O1001ROVQNb0Vo1O3L1000O010O0O2O1N2N3M2O1O2N1N3N1O100OBYQNChn1:]QNBen1;`QNBan1<b0O2N2O1N2N2N2MfReo2
20140828080414Th_4,WhRZ34ko12N2N101UOJiQN8Un1KhQN7Wn1JfQN;Xn1H_QNa0]n1b0]OfN_RNZ1_m1hNaRNW1^m1jNbRNW1\m1jNdRNV1Zm1mNdRNU1Zm1lNfRNT1Ym1mNfRNT1Xm1oNfRNR1Xm1l0O10mNbRNnN81Vm1P1hRNgN:4ol1n0cSNPO_l1n0cSNoN_l1P1Z1O001O000O1O1CnPNJUo14oPNGSo19;001N1O00001N010O1O1O2O0001O1O1O2N1O001O01N3N1N2N3L3M4M2M3O1O01O0O3L3N2O0O2O1O000O11O1O100O100O100O1O000000O1O101N101N11O1O10O011O0O2O0000O11N102N0@gPN8Zo1EhPN;_o11OO2N5JXXk>
20140828080414Th_5,RhRg14ko12O1N10100O6[PNIVo1c0M2O2N2N0O21M1000O100c0\O1000O10000000O2O0O10O10000O2O00010O10O010000O01N2O0O2N1O3MmUmU2
20140828080414Th_6,jmPP23lo11O2N1O1O1O10O10O10O01O0010000000O100O10000O10O0100O10000O01O10000O100001O000000O1O001O1O1O2N100O100O010O01O1O0O1O2O0000000010O01O001O0100O010O01O010O1000O0010O1O01000000000000O10000O10000O1000O10000O10000O100O10000000001000O00010O00010000000O01000000O0100O10O10O101N1O1000O010000O010O01O0100O000001O001O1O100O00000000000001O100O010O000JIbPN8]o160O1O1O1O1O1O1O1O101N2N2O1NfR_d1
20140828080414Th_7,RPWR14jo18J4aPNHnn1f0O1O1O000O0100O10001O000O1O100O10000O10O001O0010O00IVOYQNj0en19IQO^QNo0an19N11O1O001O1O01O0010N1O2O2M2N4\OVQNMbo1L2N1O2OUPaj2
20140828080414Th_8,iTQ_33io16H6O10O101O0100O1O2N3M?SQNTODMom1k1002N02N;E02O1N3N13L06H4VNQRNK9R1hm1mNjRNk0_n1F4L2N101N1O1O0010O00000000000000000O1O1O1O001O1N1010O010O1O1N2O1O1O2N1NnhP=
20140828080414Th_9,WU[m04ko12N101O1O001O1O0010O01O000001O00000O10000010O00000010O001O0001O000000000001O000010O0000001O000000010O0000001O000000001O001O1O1O1000O1O00001N100O10000000001O00001O0000O2O000000000001O00001O01O100O001O1O001O2N1O000000O100O100001N101O0O10001O1001O1O0N2O1O0O1O100O2N2O0O2O001O1NQjPj2
20140828080414Th_10,Q^]a24ko12G8N2O1O1O10O1000000O0100O100000001O01O00000000O1O1O1O1O2N1O1O1N1O2O010O00010O00010O001O1O010O00O2O000001N1O2K4011N100O100O1O01O01O01O001O1O00101N1000000001O1N3N4K2O0000O1M3N2O100O100O1O000000000000000O1O2O001N1O1001O00100O1O1O1N2O1NeNnNkSNQ1Vl1QOhSNo0Yl1QOdSNP1]l1RO_SNP1bl1PO]SNo0el1ROYSNm0il1TOVSNk0kl1VOSSNi0nl1YOiRNm0Ym1UObRNm0`m1SO\RNo0em1e02N2O1N2N2O0O1N3M2I6NN022O100000O1L401O001O01000O10OO2N2M20O1O1M4L3OL23O11O1N2O1N100M3O0H711O10001O000001O0O2O000N1I8M2N3K5O1N3M2O01O100IfQNhNZn1Y13HcQNTO\n1h0lQNUOSn1k0QRNROnm1o0`0100000L5M4J6EdPNN`o1Lbi\Q1
20140828080414Th_11,a]ib11lo15L2O1O1ZQNM_m13`RNO_m11`RN1_m1O`RN2`m1N^RN4cm1KYRN8hm1HWRN9im1GURN;lm1DSRN<nm1DnQN>Tn1BaQNh0`n1YO]QNf0gn173N3M2N2L4M3N2N3DfPNMdaf[2
20140828080414Th_12,mc_V25ho17J4M2N2N2O1O1O0O2O2M3N1N2O000O2O0000000O0101O0O2N101N101N3N1O1O2N1O2O3L1O1O0O10000O2O0O2Nl[df1
20140907195814Mh_1,lh\X34jo13M2M3O1O0001O00000O100001N1SLHSXN8mg1KPXN5Ph1OkWN2Uh11hWNNZh15bWNK_h17^WNIbh19[WNHgh17TWNMmh13SVNHdN5[k12oUNKeN3^k10mUNOcN1ak10jUN2cNNek1NhUN6aNKik1OeUNR1\j1nNcUNQ1_j1oN`UNQ1aj1oN_UNP1cj1oN\UNQ1ej1oN[UNo0gj1QOXUNo0ij1QOUUNo0mj1QOdTNGTOX1Zl1QO`TNJROU1`l1QO]TN[1fk1eNXTNZ1jk1fNlSNI\Oa1jl1fNhSNb1[l1^NcSNa1`l1`N]SN_1el1l03M3N2N2YOeRNfN]m1T1kRN\Nbm1a1a0M5K7H4@a0BY[Sd0
20140907195814Mh_2,all\12ko1:G2O000000O10000O10000001O000O100O01O101O00000000000000000000001O001O001O01O010O010O01O0100O0100O010O100O10O10O0100O0100O10O10O10001N1000000O101MPU_^2
20140907195814Mh_3,cRUV34jo13M2O1O1O010O10O11O010O2N1O100O111O0O1O000001O2M10000O01O001O1`VNC[c1=c\NF\c1;`\NH`c19Y\NMgc14S\N0oc1Oo[N2Rd1Ok[N3Vd1MlVN@\4d0md1KcVND\4b0Ve1IYVNH]4b0\e11ZZN5ke1IRZN8Qf1FnYN9Wf1EhYN8]f1FbYN8cf1G[YN8if1GUYN9nf1EQYN;Rg1DjXN>Yg1ARXNF\Mk0ej1^OkWNL]Me0lj1^OdWN1]Ma0Rk1]OkUNI<]1mi1jNdUNK=Y1Sj1mN^UNK6LPOZ1_k1POYUNL6[1dj1iNTUNM6Y1jj1lNkTNM:V1mj1QOcTNL=T1Rk1WOWTNGd0T1Vk1MgTN4\k1KbTN5`k1K_TNI@mNSl1[1ZTNGGkNSl1Q3RTNmLQl1k2f0H9F;K6K3M2N2cNXRN?Pn1VOVRNg0cn1M3C>Hejnd0
20140907195814Mh_4,V\kV12lo13N100iPN1\n11`QN4^n1N\QN7bn1f0N3M2M3N6K2M1O101N1O2O\NVRNQ1jm1kN]RNS1bm1jNdRNU1Un10O0000O01O001O01O1O00001O0O101O00O1001O1O000O100O10O0100O9H5J4L2O000000O010000O10O0100O1O001O1N3Ni`jd2
20140907195814Mh_5,Pbka21no11M3O2M2O2N1O1O1O1O2M2O100O10000O10000000000O2O000O10O01000O100O1O100O10O101O0O100000000O1M2O2N0100O101O10O01O101N10000O1000000000O000000O101O10000000001O00O1O100O00O1N3O1O001010O10O100O001O1O0O2O3N0O1O10N101N101N100001O001O1O0001O000000000O10000O10O0100O10O010O01O1O100O1O1O2M2O1O1M3N2N101F90000010O010O1000000O10001N101N2M2ZORQNL6Nkn14e000O1001O0\PNJ^o17aPNI_o18_PNIao1:1000000000000000000O100O01O001M201O0O2M3O1O01O0GlPNEWo1:8000000000O2N7J1N1O2N100O1O001O0O1O10000010O001O000010OO2N2N2O01000000000JiPNCVo1<mPNBTo1<nPNCRo1<:O0001O010O100O1000O10000000000000O1L301O100O10000O2O001O000000O010O01O001O0000O1H9O0O10001O000O2O00001O001O2N2LVbhk0
20140907195814Mh_6,cbi]24ko12M3N100O10O01O100O1O1O1O2O0O2O0O1O10O02N3M3M2N1O1O1O1000O101N101N2O1N1@oPN1Qo1NQQN0Po1ORQN0nn1OTQNOmn11SQNNnn11TQNMmn14>10001O000O10O010O100O1000001O0O2O000O101O0NQ^T^1
20140925195834Ch_1,ciVR15jo1201N1O010O1O2N4L4L3M1O10O01O000000O100O1N2M3O1O00101O00010O000000000000000O100001O001O1O0010O1O1O2N1O10O00100O010O10O0100O001O00001O01O01O2O1N4L2O1N100O2O1N1O2M3L5L3M5L5J4N0O1O0000O1N1J7O1O1O1N2K5B[QN]Oin1b0;O02O1O1O1O001O0000001N101O1N101O1O1O00001O0001O1O0010O1O1000O1YOZQN3kn1FYQN7jn1DZQN;Vo1O100O10O00010O1O100O100O10001O0000O001O01O0O2O1O001N2N2N2N2N2O1O1O0101O1O0O2O000001O0001O001O0010O]OkPN:To1EoPN:Po1FRQN:ln1FUQN:in1GXQN9fn1H[QN:an1G`QN:]n1GcQN:\n1FeQN;Yn1EhQN=Vn1CiQN?Un1AlQN`0Sn1@lQNc0Rn1^OmQNb0Rn1@kQNb0Tn1f0O001N1000O1O1N2O1O01O2N2N2N2N2O1O1O1OQOTRNJlm15VRNKhm15ZRNKem15]RNJam17bRNF^m19dRNGZm18aRNUOJc0dm17aRNZOHa0gm13bRN6am1G_RN:cm1D[RN>fm1AXRN`0jm1k0001O4K4L102M5L2M102N2YOYQNOin1NZQN1gn1L[QN3gn1J[QN5in1DZQN<Uo11O010O0100O1000O10O10O010O010O0100O010O0010O001O0010O0010O000O2O00001O001O0010OO10000O1000O1000O10000O1O2O0O2N1O2O0O1O01N101O1O101N1O1N4^OoPN0ZQUZ2
20140925195834Ch_2,`l\`22lo13I6N2N10M301O1O010O1O0100O010O1O100000O001O10O010O2N1N2N2N2000O100000\OAgQN>Wn1IdQN8Yn1i0N2O1O100000O2O001O001N1O2O0O3N4K3M2O1O00001O0O1000001O01O00000000010O000001O0001O00000000000000O101O0O2O000O2O001O001N10000000O101O10O01000O1O001O000100O1O4kPN^Oen1c0YQN]Ogn1c0XQN_Ogn1>[QNDen1:[QNGen19ZQNHfn18[QNHen17[QNIen17\QNIcn17]QNJbn16_QNIan17_QNIan17`QNI_n18`QNHan17_QNIbn16_QNIbn17]QNJcn15^QNJbn16^QNKan16^QNJbn16_QNJ`n15aQNL^n14bQNN\n11fQNOZn10fQN1Yn1OfQN4Yn1KfQN7Yn1IgQN8Yn1GgQN:Xn1FgQN<Yn1ChQN=Wn1CiQN=Wn1DhQN;Zn1DfQN:\n1GcQN8^n1IXQNI3>fn1c02N1O1O1001O010O010O10YOUQN7ln1EXQN;gn1DZQN<hn1@YQNa0Ro11N20O101N2N102N1O1O1O0010O00010O01O001O010O001O01O10O01O100O0100000O10000O10001N100O00100O010O0100O000O2O0O1O2O001O10O0010O00010O001O001O000010O001N1O101N10001O10O00100O1O3M10O01O0001O001O10O01O0103L100O01O001O1O1O1O100O2N2O001O01O1N3G]PNM[Qkm0
20140925195834Ch_3,\mTS22lo13N1O1O1N101O001O1O010O1O000O2O0000000001O0O10O10OO201O010O101O0O10001ODgPN1Yo1NiPN1Wo1NjPN2Uo1OlPNOUo11kPNOUo11kPNOUo11jPN0Vo10jPN0Vo1NkPN3ao101O1NZSki1
20140925195834Ch_4,oPoa04jo17K1N3G<XOBaQNe0Wn1i0H5K5WORNZSNT2^l1j0J6L4J6L5L4L3M4MfM[TN<ck1CdTN9Zk1FjTN8Vk1EoTN:Pk1nNiUNQ1Wj1mNkUNT1Tj1WNbVNh1kk1010O1O10O01O001O010O01O10O01O002N3L4L6YOeQN]O`n1?dQN[Ofn1=b0M2N1N3N1NZnhZ3
20140925195834Ch_5,[SYk11lo16K3N2nPNFZn1c0^QN_O`n1e0\QN\Obn1Q10O2N101O2N1N2K6I7K6KPmdS2
20140925195834Ch_6,\Y]P26ho15L7I5K3L4L3L4N2N2O1N]O_QNI`n17bQNI]n15gQNIXn16kQNITn17mQNIRn17PRNHom18SRNGlm19VRNGhm1:\RNBcm1?aRN^O]m1c0eRN]OUm1g0lRNZOPm1h0RSNWOll1h0W1K401O1O1000O1000O0100O100O10000O101jPN[Onn1m0N1O1O10O001O1N2M3O10000O1O100O10O100O10O1000000001O001O00N2N3N2O001OO10GhPNJXo15jPNIVo17mPNFTo1:801000O01000O1N2O001O010O10O10O10O01O100O10000O10000000O001O1O1O1O10000O10O1000O1O1O100000O101O0000N10100O100O0100O010000O1000O0100O00100000O010000O01000000O100000O10000O10O2O0000101N001O00O100O0O2O100O1000O10O0100000000O10000O2O001O000O2O0001O10000O100O00100O001O001O0010O00010O01O001O1N`h\a1
20140925195834Ch_7,TXQn05jo13M2O100000001O3M5J2O1N3N3M1N3QQNROgn1U10O01O7I3M7I1O2M=C3N000010N100004K5K3N3TXNYMWb1S3Z]NRMeb1R3T]NQMkb1Q3R]NPMob1Y3d\NjL]c1[3[\NgLec1^3U\NcLlc1_3P\NaLSd1a3i[N^LYd1d3c[N\L`d1d3][N[Lgd16PXNg2V3RMmd15RXNg2m2TMTe14RXNi2d2TM\e12TXNi2[2VMce10UXNj2T2VMje1NTXNk2P2WMoe1LRXNn2k1WMUf1JQXNP3AgLg1e0if1CPXN]3j0XMXg1[OoWN^3d0XM^g1ZOPXNg0]Ob1n0]Nhg1ZOVXN:ZOo1b0^NQh1XOUXN7]OU26]NZh1VOWYNT4kf1kKaYNf3cf1YLgYNZ3]f1dLfYNX3]f1gLhYNQ3oi1D4K4L5L3L5L3N3M2M3M3N1O1O101O00001O00101`NmQNo0fn1K3M3N3K4L3M3L6IRaTl2
20140925195834Ch_8,iZcW24do1;K3O1N1O10O001O1O001O1O1O0001O1O1N2N2M3N2N2N2N2O1O00O1O1O0O11O10O10O10BUQNIjn17XQNGhn18[QNFdn19b0N20000O1001O00O1000000001O00001OO2O001O001O010O1O1O1O010O1O10O100000000000O100O100O2McgVc1
20140925195834Ch_9,^_mm22mo12O1N1000O100O1000O100O1O2OO0100O0O2O1O0O2O0N2O2O001O100O11O001O0O2O000O100O100O001O0000000001O001O1M2O2O1O00O1N3O00000O01N2N201M2N2O11N101O1OA]ObQNc0]n1`00O2N101O1O01O0000000000O0101O0001O001N100000O001L30100000O2M2O1O10O1001N1O2N2N101O0000O1M3K5N3O00O1O101N2M3J:B>Hhdni0
20140925195834Ch_10,^]if04jo15J:ZOa0L8H4M1OWOgQNMXn12PRN]OIOYn1b0k0J6O2N1001O0O2O00001O10O10O01N2O00001O00001O000001O00000O2OO1O1O2O1O1O1O1O1O2MYdTV3
20140925195834Ch_11,Q`[i14ho15L3O2N2N2O3L2N1O1O1O001O00100O0000J7EjPNJWo16:O100O01O000000001O001O001N101O10O001O1N2N2N3N1O2NSahS2
20140925195834Ch_12,fa]P25jo14@HQQN<_n1IYQN248_n14_QNN_n1k0N2O3L3N2N2N1O2N100O2O4KROWRNGfm16cRNF[m16lRNHSm17QSNHml17XSNFfl17lSN\OQl1e0e100M4I7O2N1N2O10O000O1000001O0O101O01O00100000000O100O00100O010O0100O1O1O1O1M4M2O1O1001O0O101N101O1O0000O100O10000O100O100O1O10O001O1O010O100O001O1M2N3O1O010O001O01O00000001O001O1O2O0O2N2Mj`Vh1
20141009195814Mh_1,PeXX1b08@kn1m0M2O11O1N2O1N100O2O2M9H00000000O3N001O2N0001O1O1O1N10000000O010000O10000O10O010N2O1O001O0010O0010O0001N101N1O100000O101O2N100O1O010O1ePN_OTo1j0M1O0O20O0000100O2AnPNMRo11PQNOon11QQN1nn1NRQN8hn1HXQN;en1E[QN=dn1B\QNa0an1^O`QNe08VOcm15VRNe05XOem10YRNj0MZOhm1K^RN[1cm1aNbRN]1Rn1O1O01O2N3M1O000000O01OO10O02N1O10001O0O3N2M8I3L2O2N5K1O1O01O010O2N100O2N1O00100O010010O1O001N101O0121N0O0O02O2OO1OO2N1O1O0O2N2O00000O10O10O101O00000O10O10O10001N1000000O1000O1O00100O100O2O1N1O1O0001O01O01O001N2O010O00001O100O1O010O0010O010O010O01O00100O0010O00010O0010O010O01O010O1O10O01O01O010O10O0010O001O010O001O01O0001O0000000001O00001O000000001O01O000001O0001O001O1O1O1O001O001N2NgSSV2
20141009195814Mh_2,Rlnf25go15M2N2N1ON2O11O1L301O1K5J5N2000O01O1000H70N3O1K41O1O1JTOYOmRNg0Tm1\OoQNNb0g0am1CnQNH5e0nm1EjQNH6c0Pn1OnQN0Tn11kQNNVn13hQNMYn14eQNL]n1j08F4M3N1N3M3N1O2N2O1N2N3M2K5J7LRWiU1
20141009195814Mh_3,hj\W24ko13O2M1O2O1O1O0O10O2O00O10O01O0000O010N2N2O10O1000000001O001002N3M01O000001N20O2N01O000000O100O1O100O0100O1O100O2N2O000O100100N2O1O2N000O1O10O010O010O00000010O001O0000000000000000000000000000O100O1000O1000000000000000000O100O01000O1000O1000000O100O10O01O1O000010O010O1O1O1O1O1O1O1O2MnSg_1
20141009195814Mh_4,WRoY25io11O2QOOnQN2Qn18fQNHZn1;bQNE`n1<^QNDbn1=\QNDen1l0O01O1O6J1O1O1N3M2N2N1O1O002O000O2O001N101N100O10O10O010O010O10000O01000000O0100O2N^nlb1
20141009195814Mh_5,QT[W17`o1:L5G8L3N2O0O000100O1DVQNBkn1=YQN_Ohn1`0;01M4M200O1000001N1O2O010O0O2O1O1N^mff2
20141009195814Mh_6,lWmQ32mo11N1N2M3O2M3O001N2O01O0O00101O0000000000000O1000O2O00000O2N1O1O2O0N1O11O010O0100O02M2O2N2O001O001O0O100O100000001O0000000000000000O10000001O00001O000001O000000000001O1O100O100000000000O2O00O10000O1O1O2O0O2NTkbg0
20141009195814Mh_7,kWgZ16jo11O101O0000000O010N2O0000000O100000O10001O010O01000O010O01O01O000000000000000000000000000001O0000000000O1000000000O010O10O01O010O0001O01O01000O010000O10O010000000000000000001O000001O000000001O0001O0000001O00000O1000000O01000O0001O010O1O1O101N2O1O1MVh^]2
20141009195814Mh_8,f]a\1=3EVo1f0M2N20O1O1O2N1O2N0O1000O100O1N3J5O2N2M3M2O1O2N1N2O1O1001C<BWQNCln1:?N101O01O0O2O0000O100O1O1O1O10O1000000000000000010O010O01O010O10O10O0100O00001O0O2O0O2O0O100000O10000O01O01O10O10O01000O001O1O1O100O2O0O1000001O001O01000O010O100O10000O2O00000000001N1000O101O000O11O000O10001O0OUflZ2
20141009195814Mh_9,d][j29fo12N2N2O1N2O1N3UQN\OVn1e0gQN^OWn1d0gQN]OXn1d0gQN\OZn1d0eQN]O[n1d0bQN]O^n1e0_QN\Obn1Q10O1O1O11ZQNlN^n1\1O00O2O1N1O1O10OO100000001O1O002N2N3N1N2N1O1O0O2O0000000000O1O10N2O101O000O2O1O2N2M3N2N3IPcdQ1
20141009195814Mh_10,__US21mo17J4M3M2N3M5K8H6K1000O0010321JO001O00SOWQNa0kn1ZOYQNe0So1O0O1O1O10O0100O2O1O0O1O100O1O100O00000001O000O10000O1O100O100000001N10000000001O0000001O000000000000O100O1000000O10O100O1000001O01OO1000O10O0100O10O010O010O010O01O010O01O010O00001O0O2CCTQN`0kn1:0010O0000001O0O10001O0000001O0001O1O1VOWQN<jn1BYQN<in1AYQN?So1000010O01O1O100O010O1O001O00O100O10001O1O1O1O1O001O010O1O1O1O001O00O1M3O2^OC`QN=_n1I\QN7cn1L[QN5dn1L\QN3dn1M]QN3cn1L_QN2an1O^QN1cn10[QN1en1c02O1N2O1O1N101O1O001O1ZOnPN=So1@QQN>Xo110O1O1O2Lba\`1
20141104195854Bh_1,g\T]22fo1:L3N2O2M3M3M3M2N2O1O001O010000O1O3N1N1O001O010O2N3M1O0010O104K100O01O1O010O1N2O1O1O1O2M2O1N1000001O001O101M4Lab[_1
20141104195854Bh_2,Rgfn07go14L3N2N1O2O00001O001O1OAnPN4on1IUQN6[o1O01O001O000O100O1O010O10000000010O00100O1O1O0001O01O00001O2N1O2N001O001O10O000O2O0O2N1O2O0O2O0O1O101O1O001O0010O010O010O001O01O00010O001O010O010O01O010O00001O001O001O010O010O100O1O100O0010O001N100O2M3M4KlWQj2
20141104195854Bh_3,^hRg13lo13N1O2N1O100O10O010O010O00010O0001O1O7I2N10003O00O023LO0O0101N20O20O0O1:FN2N2N1N2N3M4K4L2M`UQV2
20141104195854Bh_4,WiVY12lo15M2M2O1O100O010000000000000O10000000000O1000001N3N2M2O1N2O0O1O101N2N1O2010O2M4M2M21M2O1N;F2M10O1N5H7J7H:BjT]c2
20141104195854Bh_5,XjZc21jo19I5N4L2N1O3N3M16I1O00O3N0O2N202NO3N01N3L2N4L2N3N002NmNcQNf0Yn1XOmQNf0Qn1YORRNe0nm1ZOTRNf0km1XOZRNf0bn100N2O2N1N2N2M1O1O1O001O3LYSkY1
20141104195854Bh_6,aVmY344400mn1h0N1M3N1OO1O2O1O00N2M3@PORRNP1om1SOmQNn0Rn1?0100O1O01O2N1L4M4N1O1N200001O1O0O2bMfNUVNZ1ki1iNQVNY1ni1iNnUNX1Sj1jN^UNM_N]1Sl1gN]UNU1cNfNSl15RTNKg0Z1ck1lNcSNOf0U1gk1nN`SN6`0n0ok1GmSN:Tl1JeSNG5oNhk1OVTNg2Zl1^McSNa2Vl1jMfSNW2Xl1mMeSNS2[l1g02N2O1N3M201O0O2mNXSNSNd0LVl1T1gSNTOZm1j0jRNSOVm1j0PSNSOPm1k0S1O1O01O1O10F63001L30O02O1O2N1O2N2N2N3L4LWPUa0
20141104195854Bh_7,oSSm08fo14[OH\QN<an1FXQNc0_m1CTSNMZOc0_m1KkRNe0Rm1^OiRNf0Um1U1N2N100O3N1O00O1O100O2N3M101O1iMUSNV1mm1N2O01OO108G5K;E0O10O0101N5L1O0O10000000000O10O1000O01000O2O0O2N1000O0010O100O100000O100O10O1O001O1O0O2OliVn2
20141104195854Bh_8,k]im15io12N2N101O001O1O2O1N100O10O1N2L4O1O010O1O0100O001O1O0010O010O0001O0000010O010O01O000000O2N101N101HBlPN?So17N1N30O2O2N]N\OPTN?ok1H\SNG@?Um1MUSNKA8Zm11PSNb0Rm1U11N2N3L3M2M4K4L3E;E_QNYObn1f0;L3011O0000M4N3N101O00001O001N100O1O1001O0000001O00000001O0010O01O10O0100000O01000O0000001N11O000O2O001O001O1O001O1O1O1O1O000100O10O1O2N[g`i1
20141104195854Bh_9,R]SY11mo13N2M1J7O1DDRQN=nn1;0O0O2O01O010O01JlPN^OVo1>701N2O1O0010O01O010O00010O01O10O01O1O001N1O2M20010O00000000O1O2O2M3N2N4Ladbc2
20141104195854Bh_10,ZaaU22mo11N2O2J5N2N2O1O0O2J6N2O100O10O10001O1N1O1O2N1O1O1O1O10O00001N10100O001J^OmPNb0Po18O1O1O1000O100O1010OO10L4O100010O01000O1O1O1O2M2O1O1O100O0001H7N2K41O1M300000OFYQN_Oen1=`0O00100010O100000010O1N2O2N1O1O1O1O1O1NCUQNHkn16ZQNGfn16b000001000O1OL5N20001O0O1M3OO1N3N2L3100O1N20O2N101O2N1000000O100O100O001O00010O0100000000O1000O10000O1O1O1000O1001N2Mocb`1
20141104195854Bh_11,Vaee24ko12N2O0O1O100nNIZRN8em1KYRN5fm1LYRN4hm1MWRN3hm1OVRN1km10SRN1mm1ORRN2nm1NRRN2nm1OPRN2Pn1OnQN2Rn1OlQN1Tn11jQN0Un12iQNOWn12gQNNYn14eQNMZn15cQNM\n1l0O100O1O1O1O1F;N6K1N2O00O2O0O1O2N100O1O1O1O1O2N1O1O10VOWN]SNi1al1\N[SNd1el1]N[SNc1el1^NZSNa1gl1_NYSN`1hl1`NXSN^1jl1bNWSN\1jl1eNUSNZ1ml1eNSSNZ1nl1fNRSNX1Qm1hNmRNW1Um1jNjRNU1Wm1lNhRNS1Ym1nNeRNR1\m1POaRNQ1_m1QO^RNP1bm1f0100FVRN]Nkm1[1URNbN31im1\1WRN`N22hm1]1a000IbQNjN`n1U15010O0010QO^QN?cn1[OdQNc0nn1N2L3M4M3M2N3MQajT1
20141120195834Ch_1,Zd\]22mo11O2J5O100O10O10000000000000000000O2O00000010O00010O0100O100O100000010O00001O1O001O1O1O1O3N00O002M2O0O10000001O0001O010O0102M4K1000O1O100O2N101N1O00100O1O100000001N100001O000000000O2O00000000O10000O100O10000000000O01000O01O010O0001O001O10O000001O01O00000001O00100O001O01O010O001O00001O010O010O0000010N2O001O1O000001O0000001O00001O00001O000000000000O100000001N1000O01000O010O100O10000O2N1O1O2N101N101N1OfXoU1
20141120195834Ch_2,XeZV1493KOjn15VQN:en1d0L4G7O10O100O2N1O100O2N1N2G9F;N2N1O2O0O11O00001O01O10O01O001O001O00100O1000O101O0O102M2N3N0O3N4L1N10N100O2M2N3N2M3M2O2O00000000000000000001O001O001O001N1000000000O10001N11O001O1O1O100O0010O01OO100O101N11O2N1O2N10O01O1O0O2O001O1O1O010O001N1O1N11GXQNYOhn1e0;O2O001O0001O000000000000000O1O2L3N2O101O000001O000010O010O0100O101N1O1O8H2N100O100O10O10O010O01O1N2O1N101O000010O2N100O00O2O00001O00010O1O1000O1001OO0101N2N3N1N3N1N2O0O2O0O10O0[ObQNFan16f0O1O2O00001O0010O0010O01O010O010000O010O010O0010O01O1O010O0100O1O2N100O000000O2O000000001O010O1O01O010O01O10O010O1O010O0010O00010O01O001O00000000000001O1O000000000000O101O00001O010O1O010O10O010O001O001O0O2O1O001O100O010O100O2N2O0NnWoT2
20141120195834Ch_3,bePb04ko13N2M3N100O100O2O0O1O0000O2O00001O01000000O100O1000000O200O01002M2N2Nb0_O1N2N11O3dN\QNT1jn1O02N2N8G1OcNeQNU1cn12OjN\QNo0?oNgm1X2_OO1O3M2O0N6K4Lg0WO4L5K4J<@oUSZ3
20141120195834Ch_4,ThR[33lo12iPNO]n12bQNN^n13aQNN]n14bQNM]n18]QNJan1:\QNFdn1<YQNFen1=WQNEin1j0N2YOkN_RNX1`m1jNYRN[1fm1hNVRN[1jm1=0O1O1O1O1O1001O00000001O001N1O2C<L5M4M2N101N100O2O0N2N3N10001O00000010O1O001O001O001O01O001O1O1N2O0O2O001O1O100O100O010O100O0010O01O1O1O1O2MfWc?
20141120195834Ch_5,WjZP23lo12N2N101N1N2O1N2N1N3O010O02O00001O010000O10O10O1O00100O1O001O01O0000000O2O0O1O1O2O0O1O1O2O0O10000000O0100000000000001O001O1N2O1NkUck1
20141120195834Ch_6,kil`23mo12M2O1O1O1O1O001O10O01O1O2N1O2N100O100001O00001O00100O1O00000000010O1O00001O000001O002N2N1O3Li0YO1N3N3dQNlNdm1i10N5L2N2N1O001001OXNaRNl0gn1D0O3M1O10013K2N5K3L4KhQcZ1
20141120195834Ch_7,SobQ22ho19L2M3N2N1O1M2O1O1O0N21O1O2O010O0100O00100O10O10001O010O2O000O10O01O001O1N2NcQok1
20141120195834Ch_8,jU]h13lo13N1OO01O10O010O01000000001O00010O01O00001O01O00010O1000O010O100O1000O0100O001O010O100O010O010O01001N3N2N3M2N9G1O0001N1O3M2N3L4L5ITi^S2
20141120195834Ch_9,nXSY23lo13N1O100O100O010O010O10O1O01O010O0001O0001O0010O00010O00010O00010O01O01O0010O00001O0010O01O00010O0001O00010O00010O01O00000001O0001O00001O1O0010O01O1O0010O00000000000O100O10000O10000000000O10O10000O1000O0100O010000000000O10001O0000000000000000000000000000O1001O000000000000000O10000000000000000000O010000000O01000000000000001O001O001O0000O2M5IbfT\1
20141120195834Ch_10,g\W^25jo11O1N2O1O000O1O1000000O01O100000O02O000001O010O0001O000001O01O01O00000000001O00000000000000000000000010O00000001O0O10000O2O000O101O001O001O0010O1O1O8H2N2N1O3LZeh\1
20141120195834Ch_11,\a_R14jo13N1O1O1O1O1N2N2N1010O010O10O0100O01000O10O01O00001O0000010O00001O01O1O001O0010O01N1N3N001O010O1O01O10N1N20100O001O1O1O10000O010L4N30O010O2O1O3M4L1O00O2N2N101N1O2N1M3N2M4N1O2N2O00001N1O0O2OFhQNmNWn1R1oQNjNQn1h0PRNXO]n1g0=1O2L30001N01N2L400O2O1O1O1N2N3N2O1O001O0100001O2M2N7Heade2
20141120195834Ch_12,Pd[j24io19I2N2N2O001N4M2N1O1O1N2N1O2N1O2M3L4J6M3N1O2N10O01000O1O1O2N1M3O2M2O1O1F:YOWQN6kn1GXQN7in1HXQN7in1GZQN7hn1FZQN9Wo1O2N1N3NW\hR1
20141120195834Ch_13,hcoT23ko13L4N2N1O2N2N1O1O2O00001O0001O00103L3N0O100O01000000O10O1000O0100O1O10OO2O1N1O3Km[^h1
20141120195834Ch_14,bdio12no11N101O1O1O1O001O001O010O1O10O010O01O00O1000O1O100O1O1001O001O1O0010O0000001N10001O1N1O2O00000000O1O1N2O1O100O100O1000000O10000O010O10O001O001M200001N2O1O100O2O0O2Nh[Pk1
20141120195834Ch_15,Wea[23mo100100N2O1O2N0010O0001O001O1O001O1O1O001N2O1O1N2N2O1O0O2N2N2N2L5L3N2N3M2N4M10000000O1O100O10O1N2O1N1O2O1N2O001N20O01O01O1O1O2N3L3N1O2N2N102M3M2O1N4M1O00O0010O01O0001O0000100O2N1O00000O2O000O2N4KiYZ^1
20141220201934Ch_1,h_Zd16io14M4K3N00001N1O100O10O0100000O100O1O1O1O0010000000100O1O2N2N1O001O00010O001O0001O001O1O000010O00100O001O1N2O1N100001N2O00001N2O1N3N100O1O000O2N2N2O1O2N2iPN@kn1l0N4M1O1N0100O001N1O2H8N2O001M3M2M4N2N101O001O00000001O1O100O101N10000000O01O1O3M3M3N1O0O1O001O001O01O100O1N2O1N2O1N3N2N2O0O2O1O1N2O0O101N2O0O10O1O2N10O01O01O1O00001O010O001O1O1O1O1O1NR^SQ2
20141220201934Ch_2,kf^\12no11O1O1O001O001O1O00100O2N101TRNHlk1:PTNKnk16fSNClN?Zm1NXSNl0gl1VORSNP1ml1QOnRNT1Qm1P1OO0oNSSNmNnl1n0ZSNlNil1f0b1I8I5KbXia2
20141220201934Ch_3,Xo\S12mo12N101N1000O0100000O1000O101N1O001O10O00100O1O100O2O0O01O1O1O1O1O001O0010O010O010O100O10O01000000O1000000O01O10O0001O001O001O001O01O1O1O2MiQWh2
20141220201934Ch_4,_PSd26io13N3M2N2O3M9H3L2N1O3M4L4L1115NL14K2O1L2M3M7H6J:BamZZ1
20141220201934Ch_5,hQcm03ko13N1O1O001O00001O000010O01O1O010O0100O001O010O01000000000O100000O2O001O1O00100O01000O10O010001O0001O001O0010O10O01O100O1N102O1N1O1O1O1N2M3L4M2O10000mSNkN\i1S1bVNoNai1n0^VNSOei1i0ZVNYOii1c0XVN\Oli1`0TVNAmi1>RVNBPj1<oUNESj1:lUNFUj1;iUNEXj1<fUND[j1<dUND^j1<_UNEcj1;[UNDij1;UUNElj1<QUNEQk1:mTNGUk1:gTNF[k1;cTNE^k1<_TNDck1<\TNDfk1<WTNDkk1<STNEnk1:PTNGRl19kSNIWl17dSNK^l16SSN7ol1HoRN8Tm1HiRN8Ym1IeRN5_m1L^RN2em1OZRNNjm14QRNJTn1c0?M3N2O2M1N3M3M3K7I_kRk2
20141220201934Ch_6,RTSk1=`o16H7L3M3N2N3N:F4L30\NkQNZ1bn1L0O0O2N1WO]QN3gn1C]ljS2
20141220201934Ch_7,gTg]25jo12O0O2O01O01O001O001O0100O100O100O01O1O0010O010O001O01O00010O00010O0001O00010O0000O10000O10O10O1000O10000O100O010O1O0010O010O1O001M2O2M2N2O1O10O1O2N3Mhk`]1
20141220201934Ch_8,aVUZ23lo15L3M3N101O0000O11O0O10O0001O0002M2O00000O100O1O100O1O1O001O1O001O1O2NWhbc1
20141220201934Ch_9,Z[WP14jo13N2N2N2O1N200O010O01O000O0O10O1100O00100O001O01O1G801M2N201O1O0O2N100O0000010O10O1O10001N1O2O1N2M3N2O1N2N2O001O0001O00001O000000O10010O000O0100O1O1O0010O1O2N1O2N2NUgbj2
20141220201934Ch_10,T\ce15io14M3M2O1O1O2M2O1O1O1N2O1N1M3N2O2O000001O001O0O100O01O0001O100O1000000O00100O2O0O2O1M2O101O0000000O2O0O7I3LPdPW2
20141220201934Ch_11,haUg25jo13N1O1O1O2O=B2O1N1000O1O1O001O1O1O1O00O100000O100O1O2N2005K0000O10002O000O1O13cPNZOYo1h00N2N1@dPN8do1N1O2M3N1O1O001Nc\bU1
20141220201934Ch_12,jcWk26ho14M5K4M3M2N1O2N2O1N3L3N001O01O0O1O2DTQNAmn1>;O100O1000010O2N2O1N2N1O1O1O1O000O11O01N2O1Oh[TR1
20141222201814Mh_1,\_bY26fo16F9M3N2K4N3NUOSQNe0nn1YOTQNe0Uo1O0O1O1O2O000O2O001O1N101O1O001O00000010O01O1O1O1N2O1N2Ob`Sd1
20141222201814Mh_2,j`Z_29eo13N2O1N2N1000000O100O101N2N2O2N1N110O0O2K4N1010O001O1N2O1O2O0O1001O0000O1000000001O01O001N2O0O101N1O1N2O1O10001O010O10000O10O100O1O2OO0102N1N1O001O01O000000000001N2O3M1O1O100O2N001O000000O100O010O1O100N2N2N2O0O1O1O2O001O2N1O1O2N101O1O001O1O0O2O1O1N3MS_iX1
20141222201814Mh_3,PcbT21ho1:L3M4L2N3N1O001OO101M2I6O2O1O100000010O000O10001O000000000O2O1NX][i1
20141222201814Mh_4,Qhhi24io15M2N101O00101O6I4M1O01O1O0000001O0O3N2N1N101N10O010O1O10O010O2N3M1N4MnVoS1
20141222201814Mh_5,VjVP11lo15M1O1O1M3N2O001O1N2O000O1O0100001O01000O101O01O0O1O2N1H:KdVmm2
20141222201814Mh_6,RlZR34ko11O00000O2N2N2N2N1O2N1O101N2M3O001O01O0O2O001O001N101N1O1010O00000O0000100O1O100O1O1000O100O2N1O2N2M4HoU]j0
20141222201814Mh_7,Zl`m0b0^o12N10002N7I1O10N2O0N2O1N1O2O0O101N1O1O1O1O001O1O1O10000O2O0O100O010O101M4MWSSP3
20141222201814Mh_8,^o``15jo12O2N2O0O101N3N2N1O2N7I5L000O10O3M3K4AmPNHPoX^2
20141222201814Mh_9,jP[g16ho14M3N100O1000000000010O0000O100O101O0000O0100000O100O010O010O1O010O100O100O101N1000010O01O1000O001O10000O01O00000O1O1000O0100O100O10O1000O1000O010O010O2O001O2N2N011N100O01O1O1N101N101N1001O000001N1O2M3LVlXR2
20141222201814Mh_10,iPiY36io16Ka0_O5K8I8H3M3L5L8HO001ZN]RNl0em1oNcRNKK?em1AXSN;Zn1JbmVe0
20141222201814Mh_11,W\k\26io12N2N101N10000010O0000O2O0O2O2M2O1N2N2N2M2O2M3O2M2O1N1O1N2L21L4L5O1O1O000000N201O0010O101N1N3J6K7I9Efdn_1
20150105104334Ch_1,T_\R22mo12N10000O10000O1O1O1N200O1001O000O10O010000000000001O001O001O001O001O1O001O2O0O0010O01000O0100O0100O1O001O10000O0100O01000O010O10O01O010000O1O010000O2O0000O010O1O1O1O2O01O000000O1O10000OWQNFlm1;QRNInm17PRNKQn14mQNMTn13jQNNWn12aQNGI8fn13YQN9hn1>2O1N1O1000001O00000O2O001N2O2N2N1N2N1N3N1O01O1O1O10000001O001O1O3N1O0O2O6Ik^od1
20150105104334Ch_2,gdTj02ko16Kd0]O3N2N5K11O3mNXQNg0Vo1KgPNBRo1n0G8H1`QNeNXn1e1M1O1O1O001N2O0O1O1O1OiN`RNNam1OcRNO]m1OfRNO[m10gRNN[m10iRNMWm12lRNKWm12kRNMVm11lRNNUm1NnRN3`n1O002M2OeXaS3
20150105104334Ch_3,jiVa01mo17J4L2O0010O002O2N0O00010O10O10O010O000001O000010O0010O01O000000O1000000O10O1000O010O1O1O2N100001O4L100O0000O0100000000000000000000O10001N2O2LkUYZ3
20150105104334Ch_4,cljQ14ko12O0O2O1N2N1N2O1N1000O001O00N20100N2H6O120O01O01000O0M3O2OK04020000O01L4O10O10010O1O2EhPNK[o1MVV[k2
20150105104334Ch_5,jmjc19eo12O2N2O001O01O001O1O1N100000O101O001O1O10O010O0100O1N2O1O001O1PQN^O`n1d0\QN^Ocn1Q1N1O0001O000001O1O02O3M4K2O0000000CQQNJUo1NmPN1Uo1LlPN4Uo1InPN5_o1O3M^QeX2
20150105104334Ch_6,gUmc16ho16I5G8K4C=M3G9N10000O]O@WOmRNm0Sm1P10OJM811N2O10000O0PO\RNWOK4im1=gRN\OC4fm1?kRNYOC5bm1`0]SN\O`l1e0\1110O010O001N3I7K6M2L4O@jQNXOUn1e0PRNYOPn1f0f0M2L4ND_O\QNb0an1FXQN=fn1<2101O1O01ZOZQN2en1LaQN1_n1LfQN1Zn1NiQN1Vn1OkQN0Un10mQNMUn12l001O00100O1000000001O00001O0001O000001O01O01O10O010O10000O1O1O1Ngo^V2
20150105104334Ch_7,aR[P11oo10000001N2O001O0000001O010O1000O010O001O1N02N2N6K3M1O2O1O0O2O1O0O11O4[OfPN;ao1O00O2O2N1O1O1O1O0003M1O1N101N100O1O1N2O1NRlRl2
20150105104334Ch_8,WUk[24ko1101N101O001O01O010O001O0001O0000001O0000001O00000000001O0001O000000000010O0001O000001O00001O000010O000010O0100O00010O0010O0100O0000001N101N2M\jd_1
20150105104334Ch_9,QV_W31no13N0O2O001O010O1O1O1O100O010O01O0100O0100O100O01000O10O01O0010O01O10O1O0001O01O000O10000000O0100O0100O10O10000O0010O01O0100O010O001O100O1O1O2MkiPd0
20150105104334Ch_10,Z\cc04jo13G8O2M2O1O1O2jPN[OPo1l0N100000OO010O000000000N1O2O01O10O1O1\M\OnSNK]1j0Xj1<fTNnNEIMn0fk1a0dTN>Xk1V2O11O01O1O`L`TNb2_k1[MlTN]2Sk1dMVUNT2ij1kM\UNR2bj1fMkUNW2Uj1eMTVNV2ki1hM[VNV2di1gMhVNP2hk1L1O2N1O2N1O1O2N1O01O0000fNSRNb0lm1[OYRNc0hm1ZO\RNd0Wo1YOncfX3
20150105104334Ch_11,j[oS15ao1;K4L4N2N3L3N2N2@POhQNX1Wn18^OfN_RNZ1`m1lNZRNU1gm1`01O2ODSNfRNm1[m1;1O1O1O2N3N2M4L:F2O1N2M2O2N2O2O2OO001M2O1N2O0001YOkQNAWn13WRNHlm1N]RN0[cZi2
20150105104334Ch_12,i[ei25ho13M4J4^NIRSNb0ml1CjRNb0Um1BfRN?\m1D_RN=am1F[RN:hm1l08H5L3L4J6H8J6M8E^eVU1
20150105104334Ch_13,TZcU25jo13M3N2N101O010O001OO0100O101O3`RN_OZk1b0bTNA`k1=hSN^O]O;kl17eSNCROa0Ym1McSN=^l1C_SN>cl1A\SN?el1BTSN?Rm1AgRNc0[m1_O`RNc0bm1l01O2M2N3N1O1O1O1HnQN`NTn1V1?L5N1O2ZO]QNLgn11f0L\ejg1
20150124081954Uh_1,TiPX38go16J2N1O00NYOJhQN6Wn16\QNMbn1i0O1O1O0N3F91O1YOQRNXOTn1g0SRNSOmm1l0c00000O1O3M2O1K5J7N1010O10001O1O1O2O0O1O01001O3L2O000O10O100O010O1000010O00001O0O2O2N1O03M101OO10O0101N1N2N2O1M3N3LdWYc0
20150124081954Uh_2,dkd`13mo11O0O101O000001O01O00001O0001O000001O00000000010O0000000O1000000000000000O1000O1000000O01000O0010O010O100O010O10O010000000000O1000000O100O1O2NbTkZ2
20150124081954Uh_3,eo`h13lo13N1O1O2N3M2O0O2O1O1O01O1001N1O1O10O02O2M1O01O1O01O00000000001N1001O2WOkPNa0\o1O00O10O01O1O1O1000O1O1O1N2O000O2O1O0O2O000001O00001O001O0O101O0O2O0O2O000O2O000001O0000010O100O1O00100O001O010O001O10O010O00010O000001O00001O001O0001O0010O000000000000O10000O1O001O1O1N2O1O1O1000000000000001O001O0O100O100O10000O100000O100O01000O1O0100O010O10O0100O001O100O01O00000000001O00001O001N1E;001O001O100O1N2O1O1O1N3M2N2O1O1O001O1O1O1O2N4Jco\j1
20150124081954Uh_4,[V_R1:Zo1d0B8K<E3N4L5KlNQRN:nm1EURN9km1A^RN<am1_OjRNFYO`0mm1ISSN4nl1KUSN0ml11VSNGol19[1100O1000O10000O100O00100O1000000000[MIaUN7Rj1JcSNa0k1Eaj1LbSNb0k1Bbj1m0[UNTOcj1Q1YUNoNgj1T1UUNmNkj1U1SUNjNnj1W1PUNjNoj1X1oTNhNRk1X1nTNgNRk1Z1mTNfNTk1Z1kTNeNVk1\1iTNdNXk1[1iTNeNXk1Y1hTNgNZk1GaSNW15iNb0:Ul1i0YSNnN`09Zl1h0USNoN`0:\l1h0RSNnNa0:_l1h0oRNnNa0:bl1h0kRNnNb0;el1h0fRNoNb0:jl1o0SSNROPm1m0aRN@cm1\13M2M3N2M3H9L4M4L4L9G3L3M3M3N2O1O1N2N3M4Kmkdh2
20150124081954Uh_5,UX]k11mo13N2O1N1O2N2N2N3N2M8H3M2N2XQNVOom1c1L4N2\OQNPSNU2ml1b0N4K5cSNPMbk1j1lSN\O:POfk1`1XTNALROkk1o0iTN`0Vk1ZORUNd0mj1kNfUNU1[j1hNVVNh0oi1ROTVNk0oi1ROSVNm0oi1POSVNn0al1N3M2N4KZf^R2
20150124081954Uh_6,TYSR14io15K4F:L4`QN[Oam1i0URN_Ohm1f0RRN^Ofm1a1O10O1lNWRN2im1J`RN1`m1NfRN_OFMem1c0iRN[Ofm1b0m0N2O101M3N3M3M3MTh^l2
20150124081954Uh_7,nYgV23ko12O1O010O1O00100O1O001N2O100O10000O10001N2O001O01O00001N10O100O0010O1O010O10O10O0000100N1O2N2O1O100O100O1O2Nhfje1
20150430082014Th_1,adni23jo18J1O1O1SMDUVN<ki1FSVN9oi1InUN6Tj1KjUN4Xj1MfUN2\j1ObUNObj11\UNNfj15VUNKlj17PUNJPk18nTNHSk19kTNGVk1:hTNFXk1a0aTN^Oak1e0\TN[Oek1d0ZTN\Ogk1d0XTN\Ojk1b0WTN]Ojk1b0VTN^Okk1a0UTN_Olk1`0TTN@ok1>PTNBQl1>mSNCTl1=kSNBWl1>gSNC[l1<cSNE`l1:^SNFdl19ZSNGhl1:USNGnl1?iRNAYm1?eRN@]m1a0`RN_Oam1b0^RN^Ocm1c0ZRN]Ogm1f0URN[Olm1e0RRN\Onm1f0nQN[OTn1f0hQN\OYn1U12M2N2N2N2M3M2M5VOUQN9[o1FaPNOX\kR1
20150430082014Th_2,ohfb18go12N101O010O2OO10O0010O010O1O001O100O100000000O1000000000O2O00O100O0010O01O0O2O2MXVgZ2
20150430082014Th_3,eij\17ho13N1N2O001O010O1001O00O010O1O100O010O00100O3N11N1O0O10000000010O00101N000O1N1K7K^Uc`2
20150430082014Th_4,Tnd[33jo15K3N2O1O00000001O00010O1O1O010O1O001O010O0100O10O10O00001O1N1GIiPN9Uo19O1N3O0010O001O001L4M3J6O3M7HUS[a0
20150430082014Th_5,dnTc22lo13N2N2N101O2N001O0001O000O100O101O00001O01O00000001O0000001O001O001O1O1O10O0O101O0O100O2OO0100O10000000O10001O00001O001O2MXQoX1
20150430082014Th_6,eQkd05ao1<O1O0O2O0O103M3M2N1O0001N3M2O1N1001O012M10O1O101001N9F002N5K5K9NJ3M0O1OeQNiNOMdm1X1YRN]Oim1^1O5I3MRN]RN^1cm1_NaRN`1_m1XNiRNg1im1O9YNfQNU1en1L4H7F:N2N1O1O100O2M3MojbW3
20150430082014Th_7,_VYg12jo16L3N1O100O20O000010O01O001O010O01O000001O00000001O00001O001O0000O010O100O100000000000000O10000O100O0100000000000001O000O2O1N2O010O01O0O010O010O0100O1000O010O10O10O0100000O010O001O100O1O10000001O1O001O001O0O1010O00001N100O10000O1000O0100O1O100O10O1000O01O1O1O1O1O1O100O10O01O1O1O010O0010O01N1M4M21O001O1O1O2O000O011O000000001O01O01O00002N1O1O01O0001O00001O1O1O01OO1000O10O01O0100O1O1O01O00000O2O001O000001N100000001O001O1O0O2O010O010O10O010O1O1O001O0O2O0O2O0O2O1N2O1O001O1O001O01O01000111N2N0O2N1O1O2M3N2M2N2N3M2@cNVRNb1im1;O2O\OWRNPOjm1m0[RNQOem1n0^RNoNdm1n0`RNnNbm1P1i0N2M4TORQNa0Xo1M2O1N2O2N001O1O1O001O00100O010O0100O10O00100O00100O01O1O001O0010O011N1O100O0101N1O100O0001N100001O001O100O10O01O01O01ON2M301O001O100O10O0100000O2N1O1O1O1O010O100O00100O000000O0100000000001O010O0010000000000O011O2M3M3LdmTa1
20150430082014Th_8,a[[l06io11O2N1O1O01000O10000001O000O10001O00O1000000000000000001O0000000000000000000000O1000O001O1O010000000O1O001O1O1O1O000N2N1O02NEDWQN<in1HQQN;nn1;1O0O1O1M2G:000O2O001O00O001O100O2O001O1O010O0001O001O1N101O1O100O100O1O01000O1001N10001O0O2O0O10000000000001O000000000O100O10000O1000001O0000O10000O1000000000001O00001O1O1O1O1O001O001O000001N100O2O0000O1000001O001O000O0101O0O1O2O1O1N2O1O001O001O4L2N1O1O0000001O0O10O01O100O001O100O100O10O10000O2O0O2O1O1O000O0100O1O100O100O100O1O1000000000O10000000001O1O3M1O1O2N1O1O1N101N101O1N2O1O1O1O0O2O000O100O100O100O2O00000O010O100O01000O101O0O2N_fla2
20150430082014Th_9,R]Uj02io18[PNJWo1b0M2N2N2N3M2O@VQNKjn14YQNKfn14]QNKbn14cQNH]n18f0N1O2O001O0O0100001O100O2NlcVT3
20150430082014Th_10,`^mg13ko13M3M2O1N2O001O001N0100O010001O1O001O01K4O1000O2M201O1O010O01O01000O10O000L4NN4O0010001N2J[cVU2
20150430082014Th_11,`^gh24jo13N1N2N2O1N101N1N3N100000000100O010O10000O100O1O2O0O1O2N1O1O0100O1000O0100O001O00000000000O10O101N2N101N3LgblS1
20150430082014Th_12,W_Yb04lo10O2O001O0O100O100000O100000O10O010000O0100000O01000O1N1O2O0O20N10100O1O1O100O01O10O01O1000O1000O1010O00000010O010O000O2O0O2O2N1O001O0100003M0000O010O00100O1O1O100O1O00001O00001O101N1O001O00000000O1N2M3M2O2M2N3N1O00M22N2N1O2MK70O10O2O100N3M3N2N3N3M3LVbjU3
20150430082014Th_13,f`Yj22lo16K2O000O100O01000O10O10001N1000O10O0100O1O001N1N3O1O00100O10000O1O001O1O001O1O1O1O10000000O101O0O5L1O1N100000O010O010O0100O1O001O01O1N10100O1001N2O0O1N2N2O2L4LY`dP1
20150601122834Ch_1,lbTY34ko12N2O1O1O2N1aPNGVo1:fPNJXo1`000O1O100O10O01O01O000010O0010O001O001N1N3M2N3N2N1O2N100O2N1O2O001Ng\Wd0
20150601122834Ch_2,hojT14ko12N2M2N2N1N2O10000N3N1L4NO110O2000010O001O1O1O101O0O2O1O0O2N2O1N2MXQQi2
20150601122834Ch_3,koXd25jo15L7I2O00001O11O3L10O1O0000000O100O3N7H4M2N2N2N0000O1O001O001N101N2N3M2O2M2O1O1O1O1O1O01000001O1O1O1jRN]Omj1i0iTN[OWk1g0cSNWO55Xl1e0_SN\O31_l1d0ZSN@2Oel1`1PSNhNRm1R21O1O2N9G2N1O2N3TOVRN\OTn19nQNFUn1BSRN0J=Un1_OTRN2H>Uo101N1O1N3N3M2MTlPW1
20150601122834Ch_4,^Poj01mo14M100O2N1O10001O000O100000O10000000O101O0001O01O010O0010O010O100O010O1O1O1N2N`o`R3
20150601122834Ch_5,YYc^14jo13N2M2N2N1O2M2O10O01F9101N2N2N2N2O1O1O0O100O0100ICkPN>Uo16001O000O1O011O001O1N8I3LVhn^2
20150601122834Ch_6,m[if25jo12N2N1O2N1O1O1O2O00000O1000000O101O00001O000001O0O1000O100O2N1O10000000000001O01O01O001O0000001_OgPN9Zo1DjPN:_o1O1O2N1N2NnchU1
20150601122834Ch_7,`^Yl14jo13M2O2O1O010O010O01O01000O000100O100O01O010O0000000O100O100O1O10000000O10000000001O000000010O1O100O1O100O01O0010O0001O1O1O10O010O0000001O0001O01O010O10O0001O00000000000000000001O00001O001O01O0001O0000000000000000000000O100000000O10000000O01000001N1000000O1000000000O101O0O10000O100O0101N101O0O1O2N1N2O1O1O1O00O2M201O10O10O100O100O100O10000O010O1O10O0100000O10O1O10O010O10O1000O01000000000O10O100O100O010000O0100000O100O1000O100O10001O001O1N2O1Neahe1
20150602122934Ch_1,n^Vn04io15G9L3L4[OBbQNc0[n1b001O1O1001N1VOhQNKYn11jQNNXn1OjQN0Wn1NkQN1Vn1MlQN2Tn1LoQN2Sn1LnQN4Rn1LoQN3Qn1LPRN4Rn1IPRN6mn11O001O01O001O1N2O1O1O1N3Nd`co2
20150602122934Ch_2,QkRc26Wo1MXQN5dn12VQN1Xm1GlSN=gNN]m1GhSNo0Wl1ROgSNo0Yl1ROdSNP1\l1QObSNo0_l1RO^SNP1cl1oN\SNQ1el1POYSNQ1hl1POUSNP1ll1QORSNo0Pm1QOnRN8^OA0:fm10aRN;5^O^m1W1g0I7N2N2O2K4M5L3L3N2FmVY[1
20150602122934Ch_3,bmnT23mo11N2O001O000000001O01O001O000000000010O00001O001O001O01O01O010O010O00001O0010O01O0001O00001O001O01O000001O00000000001O01O01O0100O010O01O01O01O01O0001O001O0O2NlQQf1
20150602122934Ch_4,lobY16ho13N1O100O010O010O01000O01000O01O01O010O001O0O1010O01O001N101O0001O1O001O1O000OO2001N2N3N2N3LRQ_c2
20150602122934Ch_5,\Pon26io13L2O2B?M2O010O01N3L3M3M3N2N2O1O1001O1O6J2N1O1N101O00001O1O0010O0001O0001]OnPN5To1GoPN8^o1O0000000000O1O1O1N1TTNESh1;kWNHSh19lWNISh18jWNKVh15iWNLVh16hUN^Ob0?ei14fUNB`0<ji13cUNCb0;ki13`UNEb09Qj11[UNJ>7Yj1NWUN077dj1HSUN375hj1HoTN663lj1GkTN970Pk1GgTN<6MUk1GaTN`0L6dk1_OXTN>05jk1n0QTNSORl1X26I8M3M4GXSNRMll1j27N3L4mMfRNo0hm1nN]RNm0gm1jNTRNK>S1^n1RO[QN6mn1EXQN1\kTl0
20150602122934Ch_6,^PQW12mo12O001O0000001N1O2O0O2N1O2N1O2O00001O0001O100O01O1N101O0O100O01O0HkPNEWo1:8O2N4Lhobf2
20150602122934Ch_7,oRSj11no13M101O1O001O1O00001O0O10O1O1O01000000O2O0O10000001O0O11O01O0000010O00000000010O0010O0001N1000001O00001O001O00001O010O000010O01O01O001O0000010O00000001O1O0OhlnP2
20150602122934Ch_8,RYm[21lo16K2O1N2O1N2N2O1O1O0O2O0O1O01N200O1O01O0N2H_ORQNb0ln1:O1O10O00100NKRO]QNl0dn153O2N1L6M2OG[OYQNc0gn1@XQN;kn1HTQN5mn1NRQN0nn13PQNJRo1a0100N3N2DiPNNXo11lPNJVo15;Nkin`1
20150602122934Ch_9,R\_Q34ko12O1N10001O000000000O1N3M2N2O2N10000010O010O1O1O10O000000001O0001O0000001O000000O1N101O10JfPNE[o188O1O1O1O10O10O01O1O010000000000O101O000000000O101N2L[dni0
20150602122934Ch_10,b^aV21no13M2O2O0O2O000O10O010O0000001O001O00010O001O0001O00000000000O10000000000000000000000000010O00001O01O00001O000000000001O00000000010O00100O01O10O0001O00010O0001O001O0000000000001O01O00010O0001O001O00001O01O000010O01O1O000000000O10000000000000O100O10O10O1000O100O1000000O1000O100O100O100O01O10O100O101N1O2O0O2N100O100O01O0O2O0001O1000000O0100O1O10000000000000000O10000O0010O0100O1000000O100O100O100O010O10O001N2O010O1O10000O10O1O010O00010O00000001O1O000001O1N2M4LUbP[1
20150619133554Bh_1,_]hR12ko15L3L4L5M3L4M4L5I5K4M1N3O000001TOhQN0Wn1NnQNORn10RRNNmm12URNMgm16[RNJbm17`RNH_m17dRNHZm19hRNFWm1:kRNESm1;PSNEml1<TSNDjl1=WSNCgl1=[SNCcl1=_SNC_l1=cSNC[l1>fSNAXl1a0iSN_OTl1c0mSN\ORl1d0PTN\Ook1?WTN@jk1<[TNBfk1;^TNCbk1<R2N3M2N4Kddaj2
20150619133554Bh_2,^`Pc24eo1:L2N101O000010O0001O10O01O01000O01001O2N1O1N2O1OO0100O00010O1O100O1O101O0O10000O01O0O2N1N2O2N1O1O2O0O2N1O2O2N2M2O1O001O0O100O2N2Nk^kX1
20150619133554Bh_3,Z`fZ16io13N1O001O1O010O1O1O1O001O0000O10O10O2O000000001O01O0O2O001O1O001O1O1O1O2N2M3N1N2O0O2O1O1N101O000001O00001N101N2N2N2O1N201M2O1N1O2N2O001O0010O00100O01000O2O00O100000001O0001O000O1kPNCfn1m0O000O1`QNoNPn1Q1mQNSOQn1n0mQNTOSn1m0jQNTOWn1m0fQNTO[n1X11O1O2N1N101N2O1N2O001N2O0O2N2O10001N101O000001O002N1O1N101N1O010O0000O1O1O001O10001O3M2O0O1O00100O1O001O1O1O1O1O10000O1000O101O0O2OO01O100O2N2N2N010O0000O2O000O1O100O2N1000000O10000000000001O001O1O1O0010O001O10O01O010O0100O1O101N1O100O0010O1O0O2L3N3N1O101N1000000000001O001O00000001O0001O00001O00000001O01O01O1O7I1O100O1O001O001O0010O01O0100O010O10O10O010O0100O10O01O01O001O010O001O10O01O10O01000O2O1N2N1O2N1O0O2O001O01O010O1O100O1O10OO1000001O00O100000000010O0001O1O1O1O1N2O1O1O1O1O1O1N5L2N2M2O001O000001N2N101N2N1O2N1O2N10001O01O100O1000O2O00000O01O10O00010O001O100O1O1O001O1O1O001O1O100O1O2O0O010O010O10O1O100O100001N2O11N1O001O0000100O01O0O10O00100O2N1O2N3M2N1O100O1O0100O1O1O01O01O001O1O1O1O001O1N2O1O1O1N2O2N1O2N2N2N2N2M2N3L4LfXWh1
20150619133554Bh_4,ed^U35io14M1O100O100O100O10000O0100O10O010O100O100O2O001N2O1O1N100O100O10O1O1O0O2O01O0O1F@TQNa0kn1:10O10O100O2N1O1O10001O001O1O00100O1O1O100O1O100O10O0100O10O100O00100O10O10O10O010O10O010O100O1O1O2O2M2O1N2O000010O00001O100OfQNVO]m1l0]RNXOcm1P1RRNROom1_11O1N10001O1O010O1O100O2O1O01O0O2O1N1000O10O100O1O1O100oRNZNfk1g1WTN\Nik1e1RTN]NPl1c1lSN`NTl1b1iSN_NXl1b1eSN^N]l1d1_SN]Ncl1d1YSN\Nkl1e1oRN\NSm1W22O1N1O2N100O1O100O11O00100O2N3M3M2N10O1O101N2N1O1O1O1O1O1O100O1O1O2O0O1O10000001O10000O6J2N0000O\SNfMck1Z2[TNhMek1X2ZTNhMhk1V2WTNlMjk1S2UTNnMkk1R2TTNoMlk1Q2STNPNmk1S2PTNlMQl1]1^SNnN`0ERl1[1bSNmN<IQl1[1eSNiN;KPl1]1fSNfN:MQl1]1eSNeN:OPl1]1fSNcN:0Ql1]1lSN[N29Sl1\1kSNZN2:Tl1[1kSNZN0<Vl1Z1iSNZN0=Xl1Z1fSNZN1<Zl1Z1dSNZN3;Zl1^1^SNXN89\l1d1USNSN`09]l1g1cSNXN`l1g1_SNYNdl1e1ZSN[Nll1c1oRN_NTm1U22N2N1O2N3L3K5L5]Oc0B>L3M3M2O2M3N1MkVm;
20150619133554Bh_5,_k`n084L]o1>N001O1O02N2O01OO01O0000O1O2O1N10O101O2N1O2N2O0O1O01N100O2O9F1O1O2M3MjRWo2
20150619133554Bh_6,fkhY26go15N1N2O1N2O001O10O01O1O2OO10O11N2O1N1O2N100O001O001O010O0010O0010O00000001O000000000001O0010O01O0010O1O01000O10000O01001O0O10O100O1O100O1O1O2MXSga1
20150619133554Bh_7,emPT11mo14XPNN^o1:O10000OL5O01O01O01O0hN0aRN1]m13aRNL_m1<YRNEgm1`0RRNBnm1X1001O3M6J3L6J3L3I8L>@PSWj2
20150619133554Bh_8,WSeP14jo13N2N2N1O100O1O1O1N2O100O010O1O010O1O1O100O0O2O1O1M3O100O010O0O2O0001N1O2K5N1O1O1M3N201N1N200000O1M3O100O02N1001O01O1N101N1O2O0O2O1N1MjnRk2
20150619133554Bh_9,aVQR35ho15M2N2N2N10000O0100O001O00000000N2N2N2N3O001O01000O01000000O1000000O10000000000001O1O010O1O010O010O010000O2O0O100O1O1O100O10O0100O010O001O010O1O100O0000010O0001O01O0010O001N2N1O2O0O10000O100O10O010O100O010O1O1O1O1N2N2O1N101O001O1O1O1O1O2Nki^f0
20150619133554Bh_10,a[W>3ko14M2N2M2O2N1O10O01O001HBlPN`0So1610000O1000O01000000O10000O100O1O1O001N100010O0010O0100O010000O101N101O0000O1000O0100O100O101N1O2N2O0O2O0000000001O000010O1O001N2N2O0O2N1N3N1O]O\QNKbn14gQNGWn19mQNDRn1=d03L4O2000001O001O00100O1O2N1O101N100O010O101NF]QNYOcn1e0aQNXO_n1h0cQNWO]n1h0=N2N20O1N2O2O1O001000O2O3[OoPN5`o1N1O1O1O2M2Nbf^Y3
20150620161314Mh_1,[^R\11mo13O1N101O0O2O00001O001O0000000010O010O100000O10O01O100O100O10O001O001O010O1O001O000010O1O010O1O001O001O000001O00000O10O10O01O01O010O100O11O00001O010000000000000O010O01O010O01O000010O01O00100O010O00100O10O100O1O100O1O10O01O00001O0O2O1O1O10001O00000O100OX`o[2
20150620161314Mh_2,]_X`23mo11O0O101O001O001O001N101N1O0010O001O1O1O010O010O100O100000000000000001O1O01O00001O0000001O001O001O001O001O01O1O1N3N1O1O001O001O0000001O000O10000O10CcPN8\o1GfPN8Yo1IhPN6Wo1KiPN5Wo1LiPN3Wo1NhPN2Xo1OfPN3Yo192O00000O0100000O20O01O100O10O000001O0O10001N11O0000001O00010O010O001O1O01O01O01O00001O0000001O001O000010O00010O0000010O0010O01O100O010O1O0O2O2M3M4M1O1O1O1O01O0O2O1M2L4O100O100IdPNI]o16700O2O1MU`iT1
20150620161314Mh_3,T`Rf14ko14M1O1O0O2O0O2O2N1O1O1O2M2N2O00000O100O100O01O00100O1O1000001O0O2O1N2O0O2O001N2O00001O00010O1O0100O001O001O1O2O0O1O010O1O01O01O01O1O0010O01O01O01O00100O1O001O1O010O0010O2O3L2O0O1O2O1gPN]OQo1l0N1N100O100O1O4M0O1O02O2M2O1O0O10000O1O1YORQN:on1BVQN<Yo1O1N5K1O001O1O1O10001O01O1N10O2O0O1O2N]]cQ2
20150620161314Mh_4,j``m25go16K3O2N2O1O001O1O001N2O0000000000001O00000001O0O101N1O2O0O10O100O010O01O101DcPN2^o1LePN2k^QP1
20150620161314Mh_5,Sc`o14jo15M2M2O0O2O00000O10O10OO2O1O001O100O1000O101N2O1N3N1O1O1O001OO100O10001O001O1O01O001O0O10001O0O11O0000001O001O00010O10O10O010O001O001O1O2N10O01O0001O001O000010O0001O001O1O1O1O1N2O1O0O2O2N100O1O1O10O010O001O001O001N10000O1FkPNHWo16lPNFVo1:80000000000000O10000O100010O1O1O1O0000000000010O00010O0001O010O001O00001O0O101O0000000010O0001O001O1O10O01O1O1O001O00001O000010O0010O010O10O01O010O010O010O1O1O001O001O00100O2N3UQNmNdn1Z1M3M2O1N10000000O1O1O1O1O1N2N2N2N2O10O10O1000O010O01O001O1O001O00001O001O10O0010O01O0010O10O10O1O001O001O001O0100O100O1O10000O5K101N100O1000O010O0100O010O01O001O00100O1O00100O1O2O0O100O2O2M1O100O10000O_QNYOjm1g0SRN\Olm1e0RRN]Onm1c0PRN^OPn1i0hQNYOWn1i0fQNYOYn1W110O10O100O3M1O0O001O1K5L4M3O2N101O2N1O1N2O1O1O3M100O010O000O10O0100O1O1N1O2O1O100O100O100O2NXYYZ1
20150620161314Mh_6,ZdPf03ko18I6K1O1O1O001O1O1O4K3N100O0001O002N1O3M1O001O00000O0100O10000O11O0O110O2N3N1N2O000000O1O010O0000001O0100O101011NO1O002N0000O10O010O2O0O1N101O0O101N2NZZWU3
20150620161314Mh_7,blfd12mo11O100O1O100O1O010O100O010O010O10000O1000000000000[LGcWN9Xh10dWN0[h14bWNL]h17`WNJ`h18^WNHbh1:\WNFdh1=ZWNBfh1`0XWN@ih1e0QWN[Ooh1h0nVNXORi1l0jVNTOWi1o0dVNQO^i1IUTNT1X2SOji1P1QVNQOQj1P1lUNPOYj1R1_UNoNbj1Q1\UNPOej1GfSNQ1c1YOPk1h0mTNXOVk1h0gTNYOZk1LWSN?\1Emk1;PTNFRl1<iSNDYl1<dSNE_l1:\SNJel1<RSNEPm1<lRNEVm1;eRNH]m18YRN0im1R12N8H4L2N2N2M3J6L5K:G:_OUUSW2
20150620161314Mh_8,\ifd26jo12N1O10001N010O1O0001O00010O1O0100O2N6K00000010O10O01N105K1N1N2O2LgUUY1
20150620161314Mh_9,Uk^g25ho17K2M3N2O100O101N2O00000005J1000040MO1O000O1O100O00001O01O00001N101O1O1O001O001O100O010O100O100O10O1000O10bPNHSo1:hPNJVo1a001O2M10000001N101O2M<E00000O1000000O00100O000010O010O010000O100O010N2O2L\RiR1
20150620161314Mh_10,PmV\14go17L5L3M3M:G2N2O10oNXQNh0Po10010O000O10000O2O001O001O111N0O01N2O1O1O000O1O2O5J1000O1O1O2N2N2N1O001O1O0O2O1O00001N1O1O2O0O100O010O1O10O10O10O010O1O0100O0100O010O1O01O00001O00001O0O2O1N3N2NkQU^2
20150620161314Mh_11,jUW[33lo12N1O100O1N200dPNInn18QQNJmn18RQNImn17SQNJln16TQNJln16TQNJmn15SQNLmn13SQNNln12SQN0ln10SQN4jn1LUQN6jn1JVQN6jn1JUQN8jn1ITQN8mn1=0O1J7N2N1O2N1O1O100000000101N5MN2O1N1N2O000O100O100O2O1N1000001O000001O1O00001O001O01O0100O01O01O0010O001O0000000000000000010O010O001O100O001N10001N102L`id>
20150620161314Mh_12,b[cf02lo13N100O100000000000100O010O000001O00000000O100O10O10O10O10O01000O100O010O100O100O1O0O2D;10O0100O101O000O2O001N1O101N1O100O0010O001O001O1O0010O0100000O100000O1O1O1N2O1O010O100O00100O001N11O0O010OO20K4O200O1O01O10O010O1O100000O101M20001O1O1O1O1O002N101N1000O1N2O1O2O3L2O00O10000O100O10O01O0O2OGPQNCon1>90O100O1O100001N10000O1O001O1O2O0O2O001O010O010O1000O100000O101O00000O100000O1000O10000O1000O11N101O001N2Nngjl2
20150620161314Mh_13,T]_m24lo10O2N2N101N10000O10001O0000000O10000O10O10O1O00010O0100O0010O10O01O010O0O2O01O01O000010O000010O0010O0001O0L4O2O000010O1O1O1O1O1O1O1O001O1O010O0010O010O00010O00100O1O01000O100000O101O0O10000O100O10O0100O10001O1O001O000000000000O100000O101N1N^dnj0
20150623152934Ch_1,Y^RV25io14M2N1O100O000000001O001O1O1N110O100O010O01O00001O1000001O1O001O000O2O00000O10000000000001N100O10000O2O01O001O001O10O10001O1O0000000001N3N0O1O00001O0001O001O1O2N101N2O0O10000O1O000000O100O10000O10O010O1000O1000001N1000000001O001O10O01O010O1O0010O01O01O100O1O10O100O010000O2O1O0O2N102M2N1O2Og`i`1
20150623152934Ch_2,kd`Y32no11N1O100O1N2O1F;L3N3[OZOiQNl0Un1WOhQNl0Vn1VOfQNm0Yn1>N3N1O1O00O010N101O001O01O00100O101O001O010O001O001O010O001O01O01O1000000O10010O010PRNUNjm1R2N107IO100N10O10O1O1O1O1N1N3L3O11O00100OZNURNW1lm1gNXRNW1hm1gN\RNV1fm1gN`RNU1Wn1N2_OYQNEhn18\QNFgn15]QNHgn11X[Ua0
20150623152934Ch_3,VlX`23mo1111N1N1O1O1O1N2O1O1O1O2N4K3L6I:H4N1N2O000014fNdQNe0ln11O1O7[QNSOkm1l0oQNXOSn1g0fQN^O[n1S12M3M4L3L3M3M3L5J5FdRY]1
20150623152934Ch_4,\nTe22no11N2O0O101N100O1O1O2M2O1O1N2M2O2O0ROA\RN`0bm1FXRN;hm1GVRN:im1ISRN8lm1m01M3O1N2N110O010N2O1O2M3_Oa0L5K6JhS_X1
20150623152934Ch_5,mmlg23mo11N2O10=B2N1O1RQN\O_n1d0_QN_O`n1`0_QNBan1>\QNEen1k01O1N3M1O0000000VOQQNc0on1ZOWQNc0To1O3N1N1O10O01000O1000100O01O00000O0010O01O0100O101O2N100O02M4L5JTPiT1
20150623152934Ch_6,Pojd05jo12O2N2O1N010000O100O010O0010O00001O10O010O100O00001O0001O001O001O01O01O001N100O10000O10000O2O1O1O2N10BnPNNPo10SQN1ln1MUQN9EHin1NcQNb0nn1O01O10000101N01O0010O01000O010O24MON100O1O100O100O01N2O001O1O1O2M10000000000010O102M101N2N10O0110O1N0010O2OO101N5QQN[OXn1Y1N4L6J;E0010O02N2N0O3M4LXNnRNf04bNXl17WTNK]Om0OTO\l13lTNW1Sk1fNQUNZ1kl10O100O1N;F4L3L3MkMcRNj1[m1UNkRNh1Sm1XNQSNf1ol1XNWSNg1am1jNoQN<om1@XRN>hm1_O\RN?dm1_O^RN`0cm1^O_RNa0cm1\O_RNd0bm1XOaRNg0\n1O2O1N3N4K4M1N4Khh^Q3
20150623152934Ch_7,T[ah11mo18I3N00100O010O10O01000001O0O4L2O00O001O1O1O001O10O01O010O00100O001O001O0000O1000O01001O000O10000000O010O1000O010000O01000O101N100O1000000O100O10O10O10000O01O001000O10O001O0000O1O100010O10O01O0000O2OO101O00100O01O1L4O1O2N010O10O1O00000000NJ31400000010O0O1O1O1000010O0100O10000O001O1O0O2J6M20100O2O00100O00100O01O100O1O1O1N2O1N1O1O100N1O2O10O10O010O010M2N2O2O000O10O1O100O1O0001000000O1000O1O101O0001O010O0O101O1O010O11O0O10000O0010N1O1N3O1O101O00001O001O1N101N2Ohgnh1
20150913082034Lh_1,\TQ[2:co15M1N3M2F:N1N2]Oa01010O1XOeN`RNJ5a1\m1>9O1M4G9L4H9J7G:Ka0^O^m`c1
20150913082034Lh_2,PVWa16io13N1O1O00001O01O0001O001O001O1O1O1O3M3M2N2N1O100O0100O001O000O100O1000001O101N3M2O0O1O1O1O1O0000001O000010O01O0000000000000000000000000000010O0001O010O000001N101N2N2MWi`Y2
20150913082034Lh_3,h]iT16io12N2O000O1000000O1M3L4O101O001O01O01O0001O001O0000001O0O2O1O2N1N101O1N100O2N2NXbfh2
20150913082034Lh_4,Uam^29eo14L2N2O1O10O011N10000O1000O10000O2J5N3N1O100O10O001O1N3N2N3N1N2N2O0O1O100O10000O100O1O10000O10O01000O100O100001N2M\_^]1
20151003081954Uh_1,\fR_28eo15L7I=D4L3M2N2M2O1N2OUOiQN0Tn1NRRN0nm1NURN2im1NYRN2em1N]RN2am1NaRN1^m1OdRN1Zm1OhRN1Vm1NmRN2Qm1MRSN2ml1NUSN2hl1OYSN2el1N]SN2bl1MaSN2]l1NeSN2Zl1NgSN3Wl1LkSN4Tl1LmSN4Ql1MoSN4Pl1KRTN5lk1LUTN3jk1NWTN2fk10[TNOek10]TNObk12aTNK_k14dTNJ\k15fTNJYk17iTNGWk18kTNGUk18oTNEQk1:[201N1O2N1O3JjZm]1
20151003081954Uh_2,WXY\34jo16K3L5K4M2O0O1O2O1N3N=C2N1O1O1O0000000O10O001N1L5N2O1N2N2N2FWQN[Okn1`0=O0O2O000001N1000000001O001O1O1O2Ldhd`0
20151003081954Uh_3,`\kT36io13M1O1O0O10O0100O1O2O001O001O0O2N1O2O000O2O00000O2O00O1000000000O2O000O10000O2O000O100O1M3OJ7L300100O100000O100001O00000001O01O001O0O2O000O2O000010O1N2O2N1O2O1O1O00O10000000O100O2O0O2O0O1L5M2N2M2O101O100O100N]fbd0
20151003081954Uh_4,c^g[21lo15M2O1N101O00000O10O100000O100O010O10O01O1O1O001O1O001N2N1O2O000010O1O2N2N3M3M3MPbfa1
20151015170634Ch_1,[aXj05co19M3N0O2O1O001N01J6O101N10100O1O10000O10000010O1O1N101N1N3N1N3M2O2N0000N3O010000O0100O0O101O0010O1O2M2N3O1O1O1000O2N1O010O00000001O2N01EoPNFQo18QQNGon19PQNHQo18mPNISo1b01N10001N2O2O0O0001O01O0O10O10O2O001O000O01O1000O10O10O01O001O010O1O0001O001O0000010O01O01O1O001N1O2O1N1O2O001N101O1O1O2NV`]m2
20151015170634Ch_2,jf^U15jo13M4M2N2O1O1N5L0000O2M20N1O2N2N2O106I2N3N0104K0000000O2O0O1O1004K2N2O2N12M0ZOUQN6kn1HWQN8gn1JWQN8hn1d0L2M3NROgQN6Wn1EPRN<nm1BURN>km1@WRN`0hm1_OZRNa0em1_O`RN=_m1BcRN>]m1AdRN`0Zm1_OhRNb0Wm1\OlRNd0Xn1000O1N5L3M1O1001O7H10O01O0O2O1O2O0010O@fPN9bo1O000O1O3M3LlUae2
20151015170634Ch_3,`ljT25Xn1OQSN9hNH31\m15eSNf0Xl1]ObSNi0\l1XObSNR1YOaNdl1>RTN^1WOVN[l1=]TNh1_k1YN_TNk1_k1VNYTNR2ek1PNYTNS2ek1nMXTNX2dk1U1M1OhMWTN9jk1D]TN8ck1BgTN`NE42g0ck1b0hUNhN_N5lk1Q1UVNkNmi1S1b2M1O2O1N1O2O0O10100O2BSQNFon1JUQN3O2co1O1N2MfTQi1
20151015170634Ch_4,WQQc02lo14N0O2O0000000000000O1010O0001O00001O0O2N100O1O100O101O000O2O1O1O1O1000O1O1O10O1O1O1O1O001O1O3M1O1O1O1O01QOUQNh0Ro100001O0O1O101N2N1O1O1O001O8J0mQNhN^m1U1WRNgN16hm1[1WRNfNhm1[1VRNhNhm1Y1VRNiNjm1g1O0010O01O1O1N5L1O1N3N3L4M1N2N10001N[NQSNWO1c0ll15USNVO3EKj0kl1ITSNJ4L;a0[l1GYSNJ1N=a0Yl1EZSNL0Jb0e0Tl1B\SNOMIg0e0Vl1ZOXSN7LIh0e0bl1CfRNGk0e0^l1DgRNEn0g0Zl1CRTN<lk1C]TN7bk1H_TN9_k1FcTN:]k1DeTN<_m110O1000O3N1N101N7J1O012N3L1N001000010O1OnNgQN=Xn1@lQNa0jn10000O1O11mPND]n1R1O0OO2O1O1N2N3L3Gd0_OQiRT3
20151015170634Ch_5,mYYj04jo12O1O1L4N101O1O0000001O0O2I7N2O1FXO\QNi0bn1YO\QNh0cn1ZO[QNh0dn1:O10O10000O101N101N1O1O101O001O1000000O2N1O1O5K2N1O1O1O2N2O1N2O0000O010O1000O100O1N2O1N2NUfdQ3
20151015170634Ch_6,P\oZ14do1NaPN3^o10_PN0ao18O0100000100O001O1OO10O01000O10000001O01O000010O010O3N1N10000O00100O1O010O100O1O001O1O1O1O1001O1O4K3N1N1O100O010O1O001O010O0100O1O0001M2O2N2NWc\`2
20151015170634Ch_7,]aiX24ko14M6I5L6J1OO101N101O10O2N1O000O01000000001OO101N2O001N2N2N2BePN1l]Ze1
20151015170634Ch_8,[bcm11no13M1O2M2E<N2N2N5K4M5K100O0001N2O1^OXQNIjn14ZQNInn1OTQNNk\VQ2
20151026171014Mh_1,ldZV34ko12O0O100000000000000O1000000000000O01000000O100000000000000000000001N100000O10000000000000O1O1000O010O1000O100O001N2O01O001O0010O0100O0001000O010O100O01O1O000001N2O1O2O1Nl[Yd0
20151026171014Mh_2,lg`^12lo14L3N2O2N3M1N3O0O1O0100O1O0010O001O00100O1O100O1O1O1O1000000003M000O100O1O2O1N1000O101O2M10000O01O1O1O1O1O001O00010O011N2O1M3MnV_]2
20151026171014Mh_3,WibS13jo17D9L4L4N2L3N3M2N2O0O1ODaQNZO`n1d0>N2N2N3N1M3O1O101O0000001O000O2O001O001O1O001O001O2NYXmi2
20151026171014Mh_4,fhfo29fo14M0O2O00O101O1O00100O1000O100O100O1O100O10O010O1O0010O11001O0O000O101O0100O00001O0O101O00O100O1O1O1O10004ONO1O0O1000001O0000001O001N1O2N101N1O201O01O7I101N0O002M3N2M2O1M3IaTkj0
20151026171014Mh_5,QXme05io14L4SQNHmm1;nQNJom19mQNKPn17mQNLQn16lQNMRn15kQNN8GS1EWj1i0\TNM6LO]Og05^j1k1fTNTOi0TO\j1W3VUNbLG;Pk1V3UUNWMjj1k2TUNVMjj1m2RUNVMmj1n3]OXKoUNi4ji1SKkUN;7a4mi1gKPVNY4Pj1jKlUNX4Tj1i000010O001O001O1cJkUNn4Vj1QKlUNm4Vj1RKkUNm4Uj1RKmUNl4Uj1SKkUNm4ej1N101O1]OSUNQLnj1l3UUNRLmj1k3VUNTLkj1j3VUNULmj1h3TUNXLQk1b3PUN]LRk1a3oTN_LSk12dTNl2:RMSk1KjTNQ34SMek1k2[TNUMgk1i2ZTNUMlk1e2UTNZMmk1d2UTNZMnk1d2i0M4L3M3M2N2N4DSRN]NQn1_1RRN_NPn1_1:N2N2N2M3K5J6N1O1N3N1O2M5L2N1O2N1O100O1O2N100O2O0O2OofjT3
20151026171014Mh_6,S^eR11mo14M3N3L3N100O1O2N10O01O00010O000001O001O001N2O1O1O2N1O1O0000O01000O10000000O10O100000000O10000000O010000O00100O001O1N100O2O0000000O0000101N1N3N1N2O2N2N2N1L5O1N2O1O1N2N2N2N2N@fQN^OYn1a0jQN^OTn1a0PRN^Oom1a0URN\Okm1`0[RN^Odm1b0_RN\Oam1c0bRN[O[m1f0iRNXOVm1h0P102N1O1O101O0O100O10OO200000O00010O01O1O101N3N3L6Kddhe2
20151026171014Mh_7,a`Ui1;_o18G8L3O2M1O2J5O1O000N2O1J7\OjN]RNV1em1a010O02N100O1HQO^NQTNW1Yl1lNeSNP1^l1SO_SNm0`l1WO^SNf0el1\OYSNc0il1@QSN>Tm1o09N1M3M4N1N3M2M4N2M3M3M3M2N3M2N101O1O0O2O001N101N1000000000000001O01O1O10O01N2O01OO10001O01O00001O01O0000001O0O1000010O01]OIZQN9fn1a0O1O1O1000001O10O2ROZQN>Wo1N0N2O000O100O1O2O0O1O1O100O10O01O10O010O010O0100O0010O10O10O01O0010O01O00100O2N[dRn1
20151026171014Mh_8,Pdid22mo11N2O1O1O1O100O001O1O1O001N2N2GDlPN=To18O1O00100O100O100O010O1O010O01O1O001O0010O010O001O1O010O0010O0010O010O010O100O00100O100O00100O1O2O0O2M2O1O001O00L4O10O101O00000010O010O1O1O100O1O1O10O001O001O00001O00100O01O00000000000001O0N2D<0001N1000000O2O00000O1N3N10000OO2O00010O10O1O1O2N101N2N2N2N2O1O001O00001O0001O001O1N2N1O2N3L3O2M3N2N1O2N3M3M2K4M3N3L3L4L5N2M3M2N2O1O1N3N1Mi`ho0
20151117212434Ch_1,d`Xi25io14M3L5bPNFnn1h0N2N1O2N101N1O1M3M3O2N1O2O1N2O1O1O1O1O0O2OBnQNnNRn1P1SRNmNlm1S1WRNkNim1T1a0F`QNTObn1k0900O2O0001O01000O10O20O00001O0000001O0O10000O1O2N1O101O0O10000001O0001O01O000O1000000001O1N3N2N1N2O2N9G1O1OO2O0N3M3H7L5N1O2N1O2O0O010O100O1000O101O001O001O001O1O10O01O10O0010O01N10000O100O1O1O0100001O0010O01O0010000O1O010O1O010O01O1O10O01O01O01O01O00001O001O2N2N1O1O1O1O1O1O1N3N2N1N2O1N2O1N2N2N1O2O0000O1O1010NV_Sk0
20151117212434Ch_2,flba26ho19F>A6K4N101O1O102M01N1O101O10;E1019SRNoNUl1P1hSNSOZl1k0cSNUOdl1h0YSNXOll1k0lRNUOXm1P1_RNPOdm1P1YRNPOim1Q1TRNoNom1Q1mQNPOWn1Z15L2M3M<E4K5L2N1O1O1O1O1N3N1N2MUQg[1
20151117212434Ch_3,ilPX35ko12N1O2\QNJZm19TRN=fm1P1OO10001O001^OhQNXOZn1=URN\OVn10dSSg0
20151117212434Ch_4,nWUh24jo13N1000O0100O001O1O0010O01N10001O00001O0000001N100O1000000001O0O1000O010O2N1O10O010O2O00001O010O00000000O1O10000O100O1O100O010O01NO2M4O1O0101O00000O1O1N2N2O2O0O1O2O010O00O2O0000000001O01O000O1001O001O01O000O010O2N100O1O1I700O10O0101N1000010O01O01O000O1O1O1N2N1OLZQNSOen1m060O2O1O1J6K5O10010O100O1N3N1O1N2L4M3F9N1O00002O1O001000O2O0O2O1N2O1N2N3M2O2M2O2N1N3N1N2N3H7O1O10O010O1O0001O00001N100O2M201O1O0100O1O0001O001O1O1O1O2N1O2N1N3M3M3M4Ldo\j0
20151117212434Ch_5,g^QQ18eo16L3K5K4N2N2N1N10000001O100O1000000000O010O000ON21O100O1O1N10N2O1O2N1M3OO11O00100001E;J501O1O1MBcQN@\n1`0gQN^OXn1c0jQN\OVn1a0nQN]O[m1OhRNd00YOVm19gRN>em1NVRN3fm1V1MkNXRN5im1J[RNNjm1KaRN2_m1MdRN1[m1LlRN1Tm1MTSNLnl13_1O100O2N1O10001O01O010O0001O000O1O1N3O010O\ffi2
20151117212434Ch_6,_`Wg16ho13O0O2O1O1O0010O0100O001O1O0101N2O0O1000O1O0010OO20O01O0000000000000000O2O00O100000000000000000000O010O1000001N2N1O2M2O1O10O001O1O10O101N100O2O1N101N1O001O1O001N101O1O010O00001O0ROoNmRNR1Sm1POiRNR1Wm1POgRNo0[m1ROcRNl0_m1VO_RNi0cm1XO[RNh0fm1XOXRNi0im1XOTRNi0mm1XOoQNj0Rn1a000000O10O10O1O1N2J5OO03N1O2O01M20O01N2000O1O3N1J8^Ob0L6K_bjP2
20151204133714Th_1,VV]S23lo13N4L4L2O1O0O010O01O1N101O0O100O100O100000O010000000000001O0O2O000000O100O100O100000001O0O2O0O101O1O1NciZi1
20151207173614Mh_1,ci^R24jo15L4L2O2N2N1O1O2O0O100O100O101N1100O3M6J1N2N1O2N2KhUmk1
20151207173614Mh_2,hlPT26eo18K4L9F8J7I3N7I8H2OTNZRN^1Yn1L2M5L3L4M3ON1N1000O11O2N01O1O2M2N2N2N1N2O1O001O1N3M3N0O1O2N1O1O2M_PWi1
20151207173614Mh_3,[VQU13lo13M2O001O00001O01O00001O00010O000010O0000001O00000O101O000O10000000O10000O10000O1000000O01000O010000O01000O01000O01000O010O0010O01O1O001O01O01O0O2N1^OCaQN?\n1G]QN=bn1`000001O1O1O1M5XORQN7ao1Hcjbe2
20151207173614Mh_4,VZic06go14M2N2N2N101O010[OBgQN>Xn1EfQN;Zn1HcQN8\n10]QN0cn13ZQNLgn1f000O10ZOcQNI^n15fQNH[n18e0101O00000000000O10000000000000O100O010000000000O10000010O00001O1O1O1O1O1O100O001O1O100O00100O2N2M]hlW3
20151214171854Bh_1,\]jg03ko15K3N3M101O1O00100O010001N100O1O1O010O0010O1O10001O1O1O00O100001O2M6K001O0O2O1N1O1000000000O8I1O0O100O01O010O00010O1O001O1O1N101O1O1O1O100O0010O10O00001O00000000000O101O00000000000001O00001O001O001O001O01O01O1O001O0O101O000001O0001O0000000001O010O100O3N004L3M0O10O0001O00000000010O01O010O10000O100O001O001O001O1N101O001O001O010O00001O00001O001O100O1O100O1O1O1001N100O10O01O01O1O0010O0001O1O0001O01O1O1O100O001O000001O0010O010O0100O0010O010O010O010000O2O001O8H1O0O1000O100O100O1O102M2N3N1N2N1O1O10O01O10O0100O010O01O01O01O01O01O01O001O1O010O001O010O001O001N2No]ef2
20151214171854Bh_2,k_jk24ko12M2N2N110O1N11O01O0O101N10001O010O10000000O10000O10000O1000O01000000O101O0O2N1O101N2Mi`]Q1
20151214171854Bh_3,ifhZ13ko13N2N101N100000001O0001O00010O01O10O01O010O1000O1000O10O100O0100O010O10O1O100O1O2N1NhXab2
20151214171854Bh_4,Ui^[14ko12O1N101O001O001O001O00001O00010O010O100000000O10O10O100O100000001N10001O1N2O1O3N000O0110OO01O001O00000O2O001O1O0000O101O3L3N001O02N6J3N00O01O1O1O2O0O1O1N2O0O101N2MST[_2
20151214171854Bh_5,bPkf15jo11O2O0O2N1O1O1O1O1O0010O001N10001O001O0001O00001O0O2N1N2O1O1O2O00001O01O000001N100O2N2O001O001OO1L4L4M30O1O00100O1O1_O^OeQNa0Wn1GeQN:Zn1JbQN6_n1d02O1O1O1O2N1O1N2O2M3M2O2N1O2N1O1O100O1O1O2N1O2M2O2N2NTRcS2
20151214171854Bh_6,cTkX14jo14L3H8F:M2N2O000001N2M2J7N3N1O1O1O1O100O1O100O1O100O2O1N3LVlXe2
20151214171854Bh_7,UVYj21lo15L2O1O1O1O1O1O00100O001N10001O0010O000010O0001O01O0000000001O00001O00000O101O001O000001O01O001O1N2MXk`R1
20151214171854Bh_8,oVW]15io13N2N1O2N2O2M3M4L2N1O0001L3M3M3N3N1O100001O00000010O0000001O001O001O00001O010O010O10O10O10O1000O100000001O1N110O1O1O1OmiP_2
20151214171854Bh_9,`Zod24bo1ObPN6\o18N20O01O0010O10O01O1O101N1O100O100000O01000O0100O01O010O1O010O10O1O1O2N1O1N2Ood^X1
20151214171854Bh_10,nZgZ25jo13N1N2O0010O01O01O1O010O010O01O010O010O0001O01O00001O00001O00001O01O001O001O001O0000000000000000000000O01000O100O01000O10O010000O10O01000000O010000000O100000000000O10000O2O00O01O1000O10O10O10O01O10O01O1O0O2O10O1O1O1N2L5N1O[eX^1
20151214171854Bh_11,m^[i08dn10dQN0M`0nm1[1G=E3L4M9mRNUM`l1`3F3L4M2N2O0O10WMTTNlNOZ2mk1fNcTNV1]k1gNfTNZOB\1ik1_NPTN5T1LYO^1Tn1J2lN^QN133on1FVQN9Zo1O000O2N1O1O1N3Lc^jT3
20151214171854Bh_12,daaY14ko12N1O2N1O001O10O01O1N101O00010O0O101N1O2N1O10001O01O00000O2N1M3O101N1000001O01N10000N2N1010O1N2O2O001O001O01O001VOLgQN5Wn15\QNOdn1g0O10O2O1O3L3M3N1N2O1DoPNEUo17=Lg`na2
20151214171854Bh_13,`akQ34\o1b0J5M2O1O1O1N1000O100O010000000O10000O1O2N1O2O2M4L4Kh_^l0
20151214171854Bh_14,Xbcm11fo1<K3M3M3N1O2O00001O01O100O100O100O1O1O1O1O1O1O1O00001O0O1O1O10000000O101O00000O2N1N2O2M2O100O100001N101O00001O1N101O0000000000000O2O00000O1001O0O1O1O100O10O01000O10O1000O1000O001O00000O0100O10000000O2N2N10100O10O10O1O1O10O00001O1O00100O100O1O2O0O100O1O1O1O00100O00100O001O001O00001O01O00001O0O2O0010O01O001O01O001O1O0010O01O010O010O100O100O1O1O1O100O1O101Nf_Vg1
20151227133734Ch_1,X`ng14lo11N101[NLQRNOR16ll1NmQN1T12Pm15nRNLRm15lRNLTm15jRNLVm15hRNLXm14dRNO\m13_RN0am12[RN0fm10XRNOkm12PRNMUn13jQNLWn16fQNKWn1P10K5O1O10O1K4O2O01K50100O2iNaQN`0kn1]OYQN1M4QaSV2
20151227133734Ch_2,[adg1a0]o13M4M2QQNYO7e0Tm1`0aRNJ\m1_1M3M3O1OjMjRNE28Nj0Vm1WOQTNa0ok1POlRN7c1=fk1A]TN?bk1_OaTNa0fm1J1N7H2MR\WW2
20151227133734Ch_3,ghZV33j00Un12hQN2Un11hQN2Vn11]QNHO9bn1m0O1O2N10O100N3M8H4L4I6H8K6JfVah0
20151227133734Ch_4,Si^X21no1201N2N1O1O100O10O010O10O01O01O001O0000O10000001N1O1O2N0010000000001O01O01O00001O0001O0000001O0010O0001O001O001O010O001O000010O0001O01O010O00100O010O1O100O1O101N2N3N2M2O4K5L4L1N6K2MXOjQNJSn14PRNKPn14QRNLnm15QRNKPn15oQNLQn15lQN@H4]n1`0dQN]O13[n1i0fQNWO[n1h0cQN\O[n1U1000O100O1N2O1O1O1N101O1N101O101O0010O101N;E1O0O10O1O1O1N3L3N2N3M2M3N2N2O1O100O1O100O2O000O100O1O10000O10000000nTN^Oef1b0XYNAif1>UYNEkf1:TYNGmf18RYNInf17QYNJof15PYNM[LMni16eYNNYL1Rj11cYN0XL2Uj1NaYN2XL1Xj1M^YNk0bf1VOZYNm0gf1SO`VNFb1Y1ng1RO]VNGc1Z1og1PO[VNGX1GYNh1Tj1kNXVNGV1m1bh1]NUVNFV1Q2eh1\NkUNJ]1l1ih1SOTWNP1lh1QO^VNdNYOe2[j1gNkUNbN1R3Tj1^NhUNaN3a1LD]j19aUNdNNc18lNJHgj1S3aUNSMUk1i2mTNUMXk1e2lTNYMWk1n1[TNoMd02Uk1i1]TNnMc01WOJmk1S2^UNQNkj1h1o1D9]OcQNZOan1b0c0I8H[Re[1
20151227133734Ch_5,`kbe15ko10O2O0000O10000001O010O0010O010O0010O1O00000000010O00010O001O010O010000O01000000O0100O010O001O000000001O01O0000000000000000000O1000000000O100000O10000000010O01O0001O000000001O00001N100O10000001O1N101O0O110O1O1O1O00001O1NiS_S2
20151227133734Ch_6,SYUa05Yo11QQN2mn1OPQN4on1NmPN5km1DWSNi0Zl1KcRNBc0d0gl1=SSNBll1l0gRNTOYm1h110N2O110O00SOhRNTOWm1l0lRNROSm1o0nRNoNRm1R1nRNmNRm1T1nRNkNRm1U1oRNkNQm1U1nRNkNRm1W1lRNiNUm1Q2OO1\OlRN\NTm1e1nRNXNSm1h1oRNVNRm1h1PSNWNQm1h1QSNVNPm1S1gSNlNYl1R1kSNlNSl1T1\11001O00I8K401000O101N0OJ7N21O100001O00000000000O1OSOnQN_O2NPn1b0QRN[O32km1e0cRNXO]m1i0dRNUO]m1`0PRNBkn1<YQNCfn1=\QNB_n1b0bQN^O\n1d0dQN[O\n1e0eQN[OYn1f0hQNYOWn1g0`0101O1O2M2N3N1N2N2M3N2N3J5L4O1O0O10000O]NPRNZ1Um1dNZSN4Ko0jl1POUSN44j0fl1TOTSN38g0dl1WOQSN4>b0al1\OmRN3d0a0^l10dSNN\l10hSNOWl10nSNLRl12QTNNnk1OUTN1kk1MWTNGjNHPm1`0WTNGmNDml1e0WTNGRl19PTNFPl15[TNEdk1:_TNE`k1;aTNE^k1;cTNE[k1<gTNCRk1b0QUN]Onj1b0UUN[Omj1d0X2O0010O00O1O10000000000O2O000010O011O000000000000O101N2O1O1O0100O1O100O1O001O01O100O2N1O1N2N2O00O10000O00001O1O0O2O1O10O1000001N101O00O10000000O101O00000001O1O1O1O010O00101N2M2O1N3N2N100O1000[OoPN:Ro1BQQN=Zo100O4L1N2O0O2O0O2OcmXQ3
20151227133734Ch_7,hYcR24ko13N2N5K3M2O1O3M100O2O02N2M101O00O0101O1O0O101N1O1N2O1N1N2O1Nhd^k1
20151227133734Ch_8,ebUc22lo15M3L5L1O2O1N2O001000O1N10O010O01O00010O00000001O0O1N2O1O100O0100O010N2O1O1O10100O100000O100000O0000001O001O1N2O001N010O01O100O100O01000O1O1O000100O10000O1O100O10000O0100O100O01000000O010O10O00100O101N101N1O1N2K5O0002N1O2N101O00001O0O10001O0O2N1O0010O1O0010O0100O100O01O01O0O101N100M3000O2O1O1O010O1O01O1O001O1O1000000000O00100O100O1O1O100O1001N1000O1O0010O000001O100O10000O10O01O10O1000O10O10O11O01O01OO10O010O0O2O1O100O1O1N2O0001N2O1O0001K5N1001N3L3O2O1O01O00000O10O1O010O1O2O0O100O10O010O100O001000O001O01O010O1N110O0100O10000O0100O00010O01N2O1N2O1O2Nh_^k0
20160116133734Ch_1,a[Pi1:bo17K3K4K5L4N10O1L4O1O00ON31O100010O1O100O2O0O10000001O001O00001O0001O001O0O101O0O2O001N10001O00O2O00001O000000000O01O1O1O1O1N2O1O2N2N2O2M200O01O01NWe[R2
20160116133734Ch_2,e[PR27fo14N3N3M7I4L2O2M2N2O0O101O4K4M0O01O001M2M2K6O0010O10O01000O011N1O1O1O2N100000O100O10O01000O2N101N2O0O1001O1O3M2M1001O00001O001O01oPNUOln1k0QQNWOon1n0O001O1O1O001O00001O01O01O01O000100O00001O100O2N2N2N101N1O1O010O000O01JeQNeN]n1Z15000000000000O1000001O0O101O001O00000000010O001O1O001O1O1O00001O000O10O0100O100001O001O000O1000O100O1001O00100O00100O1O101N3M4K7I3M4M3L3N2N4M2M2N10O1O1O002N1O1O1O1O1O0010O01O10000O1O00001O0O101N2N2O1N2N2O1O1N101O010O2N7I1O010O00100O010000O2N2O0O2N3N0O102M3M2N1O0O1O01O1N2N3N1N3N1O1N3N2N2O1N2O000000000010O2N1O001O00001O0010O01000O0100O1O101N2N2N1O1O1O000010O000010O010O010O010O100001N3N0O100O0010O0010O01O00001O1O1O2O0O01O1O1N3M2N2N2N1N3N1O2N100O2N2N2O0O2O0O10000000O2N1O101O0O1000001O0O101O001O1O3M3M1O1O1O10O00001N101O0O2O1O1O1O001O01O0010O001O1O1N1O0N3O1O100001O1O100O1O010O00O1O100O11O01O00100O0001O00000O100000O100O2N2O100O101N4M01N2O0O1O1O01O1O1O1O3M1O1O0000000001O010O010O010000001O10O00O100O1O1N1O2N1O100000000O2O4L1O1N2O00000O10010O10POUQNk0Qo10O:E2O0O00O001M3M3O0O2HQQN\OQo1b08O00001O01O1O001O1O100O11O00001OO10O01000000O2O000000FmPNGTo17PQNFPo19<00O10000O0100000O101O1M4Mm_kl0
20160116133734Ch_3,\^^Z15fo17H:K4M1O1O100O010000O00010O0001O01O0O100N2N3N1O1O101O1O100000O100O2N2O000O2O000O2O1O3N1]QNXOPn1Y1001O2M2N2M2O1N3N2M3N1N2O1N2O1O10O01O100O002O3L2N1O2N2Lm_o`2
20160116133734Ch_4,aeX[28go13M2N2N4L3N7H3N3M4L37J0O0O00112N0N001O22NON2Ol0TO108G1O2M4L3M00eMbRNU2fm1O1O`0oMlQNT1in1I5K4K1N2N3M1O00O100000010OO2O0O1N4L6HfU[a1
20160116133734Ch_5,hgR]35ko11O2O0O2O000O100O010O010O010O0100O1O10O0001O010O010O0000O100O100O1000O1000001O001O1N2NjWU`0
20160116133734Ch_6,chVT13lo12N2O00001O0010O01O00000000000001O0001N100O2O0O100000000000001O001O000O01O0O10001O001000000000000O1000O1000000001N2OdWSh2
20160116133734Ch_7,Ri\h11no12N20O01N2O2M2O1O00100O10001N10000010O1O10O1N2O0O2O2N1N2O2O6KN1N100O1O100O101N3M2O1N3L7J2M`UgT2
20160116133734Ch_8,fmnc03ko13N1O1N1M4N1O2O00O2O000000000000O1O101OO01O1O1O1O010O2O00001N2O0O1O01M3M2O200000001O2N2O2M4L3LnSQY3
20160116133734Ch_9,Q[W]18fo13M2O2N1O0010O001O00000010O00000M3J6L4M4K4O101OO1I6N3O00001N2O2O0O2N2N2O1O1O1O01O1O000010O011M2O2M4Ljfb_2
20160116133734Ch_10,d^ie0<_o1>F4L2O1N2N1O2N100O10001O001O10O01O01O1O1O1O2M2O100O10003oNWQNc0Uo1O1O0O1O100O001O001N10001O001O00001O01O000000000001O00000O1000000O10O100000O010000O100000001O0O2O00001N100O101N1O101N100010O001O1O1O1O001O001N100O2O0O1O2N1O2Ma`\S3
20160226151654Bh_1,QcTe23lo12N1M3N2O1O01000000O010000O1lNJ]RN7am1M\RN4dm1NYRN3gm1NWRN3im1NURN3km1ORRN2om10lQN2Tn10hQN1Zn1j00O2O001O0000000001O01O00001O0001O001O010O001O001N2M3M3N2N2N2OO010O100O100O2O0O10000O2O00001O10O01O010O1O2N2N1N3N1O2N1O1O1O001O1N101O01O01O01O0O2O1O1O1O100O10000O01O001O1N200O100O100O1000O100O1O100O2N2N3N1N100O2N2N1O100O1000002O0O010O001O2O0O3VRNUNXm1o1_RNXN_m1V2N10O108jMZRNa1;WNYm1h1eRNZN]m1d1aRN^N_m1g1YRN\Nhm1n11N4M3M0O2\OWRNnNlm1l0XRNROkm1j0WRNUOlm1g0VRNXOlm1e0WRNXOnm18^QN0io1I_Z_P1
20160226151654Bh_2,mg`m24io14N2N2O0O101O00001O1O001O001O1N2O1O1N101N2O1N100O2OFSQNAmn1;YQNBin10WYeP1
20160226151654Bh_3,RkXo22mo12N2O00001O000000001O0O1000000O10O010O01O1O001N20O01000O011O000O2O000O10000001N1O1O1O100O1O010O001O001O100O2O001O1O1hPN[OSo1n0K2N1O1O00001O010O10O100O2O1N2O001N3M4L101N1N101O1N3M7J1N3LbTUk0
20160226151654Bh_4,RXch25io14M1O2I7N101O00000001O1O1O001O1O2N100O0010O001O010N100O100O1000000000O2O001N1O2O1O1O1N2N3Ljg`T1
20160226151654Bh_5,kZgY14io15M1O2N001O000O101O0100O010O1O1O00O2O1O10000O1O1O1O00O0O2O2O1O001O1O1O00101N1O2NQffc2
20160311020654Uh_1,nZ\n12lo13N2N2O1O100O102M2N4L4K2N2N2N1N1100000000O2O00001O01O001O2M3N1O1N3M3M4K5K4N4K3M2N2M3O1N2N101N2O1N2O10O00001N2O1N01N1O10100000O10001GbRNlM`m1R28O1O2M2K5O1000001OO10O010O01000O100001O00001O2N1O1O000001O001N101O1O1O0101SRNWN_m1j1_RNYN`m1f1_RN\Nfm1_1YRNaNhm1`1URNaNmm1^1QRNcNPn1f11O1O010O10O010O1O1O100O100O010O01N2O1oNRRNNom10TRNMom10SRNOom1NSRN1om1LSRN4mm1JTRN6mm1ITRN6mm1HURN8km1GYRN5hm1JYRN6gm1IZRN6fm1I]RN5dm1JbRNOam1Nheeh1
20160311020654Uh_2,R]ZW26jo11O2M4N2M3OO2N10O2N1O100O1O0O5K2N2O1N3N24KO0000O1O1O1O0O3N2M2N101O0001O1O1O1O100O010O103M1O000000O002O0000O2O1N2N1O1O010O10001N2O0O010O1O1O100O11O100O000102M1000O010O2N2OO1O0O2O00O0101O0000oN\QNe0en1VO`QNi0mn1O2OO6I2N1N100O1000ZO`QNK`n15f0O2O001O0000000000000000001O1O1O100O1O2M^_e`1
20160311020654Uh_3,ca^T37fo19H3N2N1O2O00O100O1O1N2M3O101O000010O0000000000010O1bPNDVo1f0M1O2OO01OO100O1O1O2M2O1O1N2O1O100O1O1000O10000O100O100000100O2O2M2O0O1O01O001O1O1O00001O0000001O000001O001O010O1O100O101N2O1N100O1O1O0001O00001O0O2O1O100O0100O100000O100000O2N100O10O10O10O1O2O001O1N101000O0000O2N1O001O00001O002N2N1O1O1O1O010O0O2O0O2Ne\oa0
20160311020654Uh_4,Xb\_13lo12O2N2O0O100O1O10000O100O1000O010O1O1O100O0010O10O00010O001O0100O0010O010O10O00001O0010O01O01O010O1O0010O10O01O010O010O1O001O100O1O1O0100O10O01O10O0100O010O10O0100O010O010000O010O100O10O01O10O1000O0cPNDWo1<fPNHYo1`00000O2OO10O01O010O0001O100O01000O1O010O01O1DkPNKVo13lPNLTo14mPNKTo13mPNMSo13nPNKSo15oPNHRo18;01O01O0001N101O0O2N1000O2O00001O000001O00001N100O10000000c[eV2
20160311020654Uh_5,QkRo22lo14L1000001O00001O10O01O0O1O2N100FGnPN:Po1:O1H810000O101N100O10001O0G900J7N2O1O00100O0100000000001O1O001O1O001O000001N2O001O1O001O0O100000O10001O001O10O0010O0001O01O01O01O010O0100O01000O01000O1000000000O10000O010O01000000O2O001O001O00000001O5K1O0010O01O1OTUSi0
20160311020654Uh_6,Q\mi03lo12N1O100O1O1O100O1O1O010O10O1000O0100O10O100O2O0O1O2N0O2O1O001O1O2N1N2N3N1O100O2O001OUOWQN`0in1]O[QNa0en1^O]QNb0an1^OaQNa0Xn1EkQN9Tn1IoQN3Pn1NRRN0lm13TRNKlm17URNElm1<WRN^Olm1b0h01M201N101O0M3N3O01O00IVOZQNi0fn1YOYQNg0fn1ZOZQNe0hn1[OVQNf0jn180O2O0O101O4K4M2N5K2M2O2M5K4K\ejP3
20160311020654Uh_7,gbml12mo12N2N10001N101O0O2O1O001O0O1O1N2O1O1O1O1N2O1O1O100O1001N101O1O1O100O001O10O0001O0000000000O2O1O1O1O3M1O1O10O0000000001O000O100000000O1000000O2O000001O001O1O2N1O1O1O010O1O1O2N1O2M2O1N10001N1000000001O0000000000000000000001N1000000000O1000000000O10O10000001O0000000001O001N2O1O2M2O1O001O00O10000O100O1O100O2N2O1N2N2N2N2N2O1Nm\nh1
20160312020554Uh_1,^_Ve28eo14M2O1N20O10O11N10O2O0O1N3N100O2N2N2N2O1N1001OXQNUO[n1j0eQNZOXn1e0hQN]OXn1b0hQN_OWn1a0iQN@Wn1>kQNBUn1=mQNBSn1=nQNCRn1;PRNEPn1:QRNFom19RRNGnm18SRNHlm19TRNFmm19TRNGlm18TRNIlm17SRNInm16RRNKnm15RRNJom15QRNLPn13PRNLQn14nQNMRn13mQNNSn17fQNJ[n18aQNJ_n1l00O101N1O1O3N1O1O2N3L2N1O1O1N2N2O1O001O00O2O000001O1O2M3N5JX_oU1
20160312020554Uh_2,aaVi15io13N1O100001O001O00010O0100O100O1O010O1O0100O0100000000O2O0O010O01000001O00000O10O01O001O01O00100O10O0100000O100O10O100000O10O01O1O0100O01O10O010O01O1000O00100O100O10O10O100O01O001O0000010O00010O01O01O01O00000000000001O001O1O1O001O2Me\_o1
20160312020554Uh_3,SdXQ17ho13M2N2N2N2N2N2O1NEjPNOUo1NPQN1nn1NVQN0jn1OYQN0fn1O\QN0cn11^QNNbn11`QNN_n12dQNK]n14g01O000O101O1O010O000O1010O00001O001O0001O001O0O101O0001O0010O01000000000000001O01O010O10O0101N2Mm\cj2
20160312020554Uh_4,SlTY35io13dPN8\n1JaQN:Zn1KcQN7\n1KbQN5]n1h0OO1L4M3N11O1O10O1KYOVOcRNe0am1^OXRN<Rn1HhQN9Yn1f0010O0O2OI08O1O1K6E;O1N2O1O1O2N2N3N1O0O10O0100O0100000001O00001O01O01O000001O0000001N10100O00100O2O1NkUab0
20160312020554Uh_5,^S_`03no100002M2N3M2N1N3L2O2M201N10000001\OiPN=bo1L0O1O00000O100O2O001N101O0001O0O100O101O0O101O10O00O2O001N2O1O001O001O010O01O100O10O01O1O100O000O100O1000001O001O1O001O1O1N2Oik^Z3
20160312020554Uh_6,_[aQ11no12O1N10000000000O100O2N10O2O0O2O000000O100O10000O100O2O0000O10O10001N10001OO0100000000O101O01O0010O001O001N101O0000000010O1O2N1O1O1O00001O000001000O10O01O1O1O2M\d\i2
20160312020554Uh_7,cb[U22lo13M2O2N2N<E1O1O001O0000000000000O1O2N2O1N2O001O1O1O1000000O1O001O001N1000000000O2O1O5oNTQNc0Vo1N100O10O1O1O1O1O1010O00001O00O2]OZOjQNf0Un1_OfQNb0Yn1@eQNa0[n1@cQNa0^n1`0000O2O001N2O0O1O101N1O1O2O2ROWQNa0Uo1O001O001O1O2N1O0001O000O1N2O1O100O100000O2O00001O01O0000001O001O2N1O2N001O01N2O2M2N3N3KP]nb1
20160327133714Th_1,\Y[f11mo13N2N1O100O1O010O10O0001O00000000000000001O001O0000010O001O00000010O01O01O000O1010O010O001O00001O001O0000010O00001N101O000010O1O001O1O0010O01O01O1O000O2O0O1O1O2O0O10001O001O00000010O010O1O002N100O1O01O0O1N3O0000100O0010O01N100O10000010O001O01N1M4MYOXQN;hn1E[QN9dn1G^QN8an1I_QN6an1J`QN6^n1LbQN3]n1OcQN1[n12cQNN]n16^QNKcn1i00O10000O2O2M2O1O1N10O01O00O100O2O1N2O2N2N101O0O100001O0O2O1N101N2N1O1O2N1O1O2N1O100O100O1O1O1O001N2O1O100O1000O01O1O00001O0O101O001O1O1O1O3Ljjll1
20160327133714Th_2,^Ve\23lo12N2N10001N101O00100O100001O00O010O010O10O1O1O00100O01O100O00100O10O010O001O01O100O2N2O2N1N3N0O2jQN[Onl1f0lRN^OTm1e0gRN]OYm1R1VRNoNlm1b10O2N1N2M4M3N2SObQN4fn1C`QN9Yo1J8Eig\_1
20160327133714Th_3,`[_X21lo14N2N100O1O1000O010O010O01O010O10O010O01O010O0100O0100O10O010O010O10O010O001O10O01O1O1O010O10O100O01000O1000O100O1O0010O0000000001N10001O001O1O001O0100O100O2N2O2M2O1O000O100O001O001O1N2Oneda1
20160327133714Th_4,R\oU11mo13N2O0O1O1O001O1N2O1O00100O10000O1000000O1O100O1N2O1O1O10000O10001O1N101O01N2O1N2O1O2N1O10O01O000000000001O1O2N2N1O1O0O10000001O001O1O2N1N101N1O100O100O2O00001O01O0O2O1N10000000O100O2O0O001O000100O010000000O010000000000000000000000O10O100O1N1010O0O2O2N1O2N100O10O100000O1O1N2O2O0O10_dTa2
20160327133714Th_5,S^cQ11mo13N2O0O1O10O01O100O010O10O0100000O1000O0100000O010O100O10O00100O10000000O010O001O0001O010O100O100O2OabVk2
20160327133734Ch_1,\YUf14ko11O1O2N1O010O1O10O0010O01O01O1O0O100000000000000010O0000O101O01O0010O000001O000000010O010O0001O000010O00000001O1O0O2N10001O01O1O001O010O010O001O01O000O101O0O1O1O1O101O1O001O0O1010O010O10O01O00O101O000000010O01O10HYOVQNh0in1ZOUQNf0ln170O1O000001K4O20O001O01O001O010O10O10O001M2O200O0100O2N101N3N2M2O1O0O0001O0O10000O3M5L2N100O100O10O10001O0O3N1N1O2N1O2O0O1O1O2N010O10O001O001000O1N3M2O1O002O1O1N100N101O0O101O01O00000000O2O0O101M3N10100O2O1O1Omj^l1
20160327133734Ch_2,gVQ\22mo11N2N2O1O1O1O0010O10000001O00100O10O01010O1O0O010O0010O01O100O1O0001O100O1O100O10O10O01O000001O3N1N2WRNAnk1a0lSNBTl1`0hSNAZl1`0aSNC_l1?\SNCfl1>USNDll1?PSNAQm1b0XRNWO88am1m0[RNTOgm1a12M2N3M3L3N3N1TOdQN2`n1KfQNOfn1DbQN4jff_1
20160327133734Ch_3,c[WX22lo14M1O1O1O100O01O10O00100O0010O100O010O01O010O010O010O10O010O010O0010O1O1O001O1O1O001O00010O100000O10000O10O100O100O10O001O000001O0O101O001O001O0O2O010O02N1O2O1N6K1O1O00O10O0010O0001O001O1N3Nkeha1
20160327133734Ch_4,Q\eU11mo14N0O1O1O100O1O1N101N2N101O1000O010O1001O000O1O1O2N1O1O1O1O100O10O1001O0O2O1O01O001O1N2O1O1O100O001O001O0O2O000001O3M1O1O1N100O100010O010O5K1N2O0O1O10000O10001N100001O0O2O0O2O000000O100O2O0O00000010O1000O100000O10O100000000001O0001N100O10O1O2M2N1010O1O1N3N2N2N10O010O2N10O1O1O1O2O0O100000001O0O101Nadn`2
20160327133734Ch_5,o]_Q13lo12N1O100O1O1O100O1O010O0010O0100001O000O100000O100O010O01O00100000O1O1L4N1100O100O100O100000O11O000O2O0O2N1O2NebPk2
20160405014154Uh_1,b\nX14jo14M3N3M1O4L3M1`QNZOem1g0TRN@jm1[110O00O100O10O01O100O010O1O100O1O2N2N2N1O1N2O011N102N3N0O0001N1O2N2N2M3M2O2O0010000100O1N3N1N100N101M2M3O2O001O002N2M4M1O001N2O001O100001N100000O10O01000O1000O0100O01O00001O1O010O0100001O1O010N100N2M2N3N10gaQ`2
20160405014154Uh_2,Xenk16mo13L0O1N4M2M2O000mPNCbn1a0TQNEnn1f02N2N2N2N2O1N2N2OO11N1000O100O2N7I2O01N1O10027\OfPNLio1LRXkQ2
20160405014154Uh_3,nlfP13ko14M2O001O00000001O0000100O001O01O0000000000000O10000O1000O1000000O2O1O01O000010O0000001N2O1N1000O101O0001OmRmk2
20160405014154Uh_4,aoX[33lo12O1N2N6K1N2N1N3M2O1O1000N3N2N2N1O2O0O1O0O2O1O100O01O1O1O010000O01000O100O001O01O010O1M3M3M3N200O10O100O1O1O1N2M3O001O1O1O100N2O2M^Qc`0
20160405014154Uh_5,WYka13lo11N2N2M3O0000J60O101N2O010O00000N1O01100J7N101O0010O0100000O10000O101N101N100O2OO01O1O010O01O010O001N1000010O00001O01O00100O10O10001O01O000000O010O01O2N101N2O00001N1000001O000O2O1N\h^X2
20160405014154Uh_6,f_ej03ko14K3N2N2O1O2N2N3L3M2M4J500O02O001N2O1O1O1O1O1O0000000O1O1O1O10O10O2O1O1N2O1N1OHCnPN>Qo1FjPN;Vo180000000O01O1O0000FnPNHQo17SQNFmn1:<O1000000000010O0010O010O1O1O010O10O101N2O1O001N]OGaQN9]n1L`QN4_n1N`QN2`n1N_QN2an1O^QN2an10]QN0cn11\QN0cn11ZQN2dn10[QN0en11ZQN0cn13]QNLan17^QNIcn18[QNHen1i01O0JYQNTOgn1k07GTQN^Oln1c080O3M2O100O01O1O001N100O2M2010O100O100O10000O100O100O01O0000000001O01O1O1O011N100O1O2N2N2O1N2O0O10001O1N101O000000000O1000O01O100O1O2M^cRk2
20160505025554Uh_1,XaZU14jo15M3M2M3N1O1N2O000001N100O2O0O1O1000001O000O100O1000001O01O01000O10O010O0010O01O001O00000010O1O010O1O0000000000O1N3M3M_^mf2
20160505025554Uh_2,dbj[14lo12N105J2OO01O00000O101O001O1N101O0O10O010N1O2O1O1O0101O1O1O1O1O00000O1000O10000000O100O101N1O1O1N201O00000010O0000000O10000O2O001N1]OkPN;Vo1AoPN=\o1M8HS]i_2
20160505025554Uh_3,nd`^25jo14L2O1N1000O100O2OO0100O0100O0010O001O00010O010O01O0010O010O1O010O0100O010000O10O010000O01000000O010O0100O100000000001O1O001O00001O1O001O100001O2N00001O1N100O000000O10O100000O2O1O1O10O001O100O001O01O0001O01O100O1O100O101O0jPNJan1l0OO1O2M3M3M2M4KgZoY1
20160505025554Uh_4,elVX32no11O3M5L2M2N2O000001O001000O00000O100O010O2O1O001N001O10O0000001O1O001O010O00100O1O10001O1O00000O0001O01O00001O001O1O0000010O0100O10O00010O00001O001O00O100000010O0001O001O001O1N2O1NhQSb0
20160505025554Uh_5,dolc02mo12N1O2N1O1O1O2O0O2O001N2O1O2N2OO1O4K2N2O00001O0001O0O100O001O1O1000001O0001O001O2N1O1O00O010O0010O0100O010000000O10O001O0000000001O0O100O1O1O1O1O1O1O0100N2O001O1O2M2N3M3NcQgV3
20160513133714Th_1,o_fl24ko13M1O2O0O1O2N1O2O001N1O2O1N2N2O0O20O010O10000O10000O100O100O101N1O1O1O1O1O10O00010O010O100O2O1N3M2O0100O2N0O1O3M4KT_eo0
20160513133714Th_2,S`Xo04ko13N1O1O1O10O0100O100O00100O0010O01000O10000000O1000O1O1O10O010O10000O100O100O1O2O0O2O0O2O0O101O1N2O1O4L1N1000O101N2N1O1O1N2O1O1N2O2M2O1O1N1001O000O2O00O100O10O0100O100O1O1O1O10O010O2O0000001O010O0100000O010O1O100O1O10O01000O10O010O010O100O00100O001O1O010O10O0100O11O1N10000O10O0100O00100O10O100O010O100O0100O00100O1O100O1O010O100O1O100O1O1O1O1O1O2Nl\ie2
20160513133714Th_3,[b^n27go14N1O100000O001O000000000O1000000O101O00O10O1000O10000O10000000000000001O00000010O01O010O010O000001O000O100O2O1Ma]om0
20160513133714Th_4,[bdR3a0^o12O2N1O101N10O100O2O0O2O0000O10000O11N1O100O100O01O000001O001O001O000100O0010O1Nm\ij0
20160513133714Th_5,VcVP16ho14M3M3L4L3M3N3N1N2N2O0O2O0100O3POXQNc0Uo1M2N10000O10000000O0100O2O000O100O01O010O000100O001O1O0O2O001O00001N10l[al2
20160513133714Th_6,Qil`06io12O2M3N2O0O2N101N101O0O101OO010O1O1O0O2N100O1O100O001O001O10O0100O000O2O0O101O1O010O2N2NnVY\3
20160513133714Th_7,iifS38T1LWm1;fRNGXm1?XRN@C3Tn1`0VRNKim16TRNLkm16SRNKmm17PRNJPn1R1100O1O1N2J6O1O2hN_QNn0kn1N1O3M2@mPN1Uo1LmPN2Vo1MhPN4Yo18101O1N1O2N1N2N2N2O1N2O0001O000001N2OPVgi0
20160602010754Uh_1,\^df11no12N2O1O2N3M1O1O0O10O010O1O1O001O1O100O10000O10O1000000O10O10O10O10O010O0100O010001O000010O01O0O10000O1000000O10O1000O0100O10O010O010O01O100O1000001O00000000001O010O1O002N100000O1O010O000001O00001NjaUS2
20160602010754Uh_2,c_Zm09ao17N1O1O1O1O100000001O010O10O100O001O0O1O1O1O1O1O1O100000000O100010O00010O01O01O001O00001O00001O01O01O000000000000O10000O101N1O101N1N_`_n2
20160602010754Uh_3,bajX14lo12N1O001O010O0000001O010O1O1O2N2ePNCon1i0N1N101O000000O1000000O1O1CPQNIQo16=00001O1O1O1O0010O1DePN1go1N2Mn]]d2
20160602010754Uh_4,_dbk15jo12O1O010O10000O1O1O2N2N1O00000O1000O01000O001O1O010O10O101N101O001O10O1O2AePN5do1O2N2MU[kQ2
20160602010754Uh_5,mdVS12lo13N3M2N2N3M3M4M2N0O2O1O000001N100O1O2O0O2O01O00100O001O10O001O1O0O2N1O1O1O2O0O1N2N4JU[Sj2
20160602010754Uh_6,X^Qo1:eo12O1O1O100O01000000001O2N000O1000O100O001O1O001O1O0010O01O000010O00000001N10000000000000O10000001O001N10000000O1001O0O101N1NTaPm1
20160713133714Th_1,oflV13lo12O1O001N10001O001O1N101O1O001O0000000001O0000000100O10O0100O1O1000001N2hPN]OPo1l0N001O9G6J2N1OfNeQNS1cn11O1N10O<EO2dQNnNgm1T1fQNTO2K]n1]11N2O2M4L2N2O2M1O3M101N1O1O1O1O1N3N1O1O1O2N1O1O1O1O2MQVUd2
20160713133714Th_2,gmho03eo1>fPNIUn1]1D9H7K5K4J6K6H6M3M3M4LhNeSNQOWl1`0lSN_N3o0ok11^UNC_j1;iUNBUj1<PVNDmi1:WVNFgi19]VNG`i16fVNJWi14mVNMQi1JXTNEk2a0lh1E`WN;ah1^OeWNb0mk1011N4N0O0OO2N3L6I6HnoPn2
20160713133714Th_3,VRQh13ko13N1O1O010O0010O01O010O0100000O2O00001O001O001O001O1O001O1O010001O1N2O000O10000O1000O1jRNM^j13^UN`0Sj1@jUNd0Uj1\OiUNg0Uj1ZOhUNi0Yj1VOdUNm0\j1TO`UNo0`j1QO^UNQ1bj1oN\UNT1cj1lNZUNY1dj1gNZUN5jN9jk1B\TNM17O9bk1DXTN41097]k1KnSN46Me02Uk1b1nTN^NQk1`1RUN_Noj1]1UUNbNkj1\1XUNcNhj1Z1\UNdNej1Z1^UNeNcj1W1`UNhNej12oSN3a1Kbj1NZTNGZ1:\j1M`VN2ai1LaVN4`i1J`VN7ai1FaVN:bl10100O1O2N2M3O00O3N3^PNISo1d0VQN^OSn1d0hQN@Xn1U12NO2N7H6J3L3O0O1O101O1O01O001VNcRNm0`m1jNiRNS1cn1lNjPN<ao1L3L4Jef`Q2
20160713133714Th_4,[YQW36eo19J4ePNBln1k0J5NL6N2O1M3M3M3N2N2O10O1O0O200O010O1O1O0N1110O010O001O0O1O2O1O10O100000000001O1L5LPiTf0
20160820233134Lh_1,d^`T27ho12O1N2N101N2O2M4M2M3M5L5J5L2N0000O001YO]QN0cn1ObQNL`n13f002I6N3M4Mdaii1
20160820233134Lh_2,acRk04jo14M2N200O1001O000000O101O001O3L1000O1N10001O01O001N2O2N3M2N101O2N14L0O0O3N4L1O03N000O0010O1O2N1N1O2O0O1O1O1O2MgZ]Q3
20160820233134Lh_3,lffm25ho15J5L4N2N100000O1O1O2N2O0O2O001O1O101O1O02^PNFYo1b0O0000O100O2N1000000000000O2O0O100O10000O100O010O0010O0010O01O01O001O1NWXen0
20160820233134Lh_4,^g^[18fo13N2O1N2N2N2O1O1O1O1O00000O10O01M10InPNCRo1=810O10000O2O0O100O1O1O1O1O2N4KnX[b2
20160820233134Lh_5,ThfQ34lo11YPNM_o1>M0000O1O1O1O1O100O0001O1O001N101O00000000010O00000001O1O0O11O00001O00010O0100O10O010O0010O001O1O100O01O001O01O1O002KVW_j0
20160828133734Ch_1,Sajm13lo12N2N100O100O2O0O2N1O1N101O1N2O1O2M2N2O1O1O100O01O000N2O2O001O01O0010O01000O010O010O1O100O1O1O1O1O001N2O1O1O00100O1O010O10O01000000O1000O1000000O10000000000000O10O10O100000000000010O0000O10000000O100O10001N101O001N2O0O2O1NQ`Uk1
20160828133734Ch_2,cbbS36io15L1N1O2N1O10O01O010O010O10O10O1000O10000O100O2O00000O100000000000000001O010O00100O1O100O10001N01000O101hPN_Omn1k00O010O1O1O1O1O001O001O1O001O1O010O1O1O010O01O100O100O100O01001N2O1O1N7J01O1N2N2N1O0O2O001O8H1O1N100000001O01O01O1O001O01O010O00010O01O0000000O101N2Nj[]d0
20160828133734Ch_3,Pdbk14jo14M5L5K5K10000O10O00100O1O1O2O0O2O0O10O0100O10O0100O0001O001O00100O01001O00O0100O010001N101O00000O010O10O100O100O20O1O10O01O010O0O011O00O02O10O00O10O01O1O2M3LQZ]o1
20160828133734Ch_4,\hTU22lo13N2O0O10000O1000000O1O001O00001O01O010O00000100O10O01000000O10000000O1O100O1000O10001O000000O100O010O1O10000O1000O100O10000010O0010O00100O001O1O001O001O000010O00001O00001O01O010O10O001O0000000001O000010O01O0001O00001O000O10010N11O000000100O010O100O1O10000O101N10O0O1M3O1O1O1O1000O100000O100001O0001O0100O0010O00000010O010000000O010O10000O11O001N1000O01000O010O01O00000010O000010O01O0O100001O00000001O000000O02N1O100O2O0O101O001O00001O010O010O001O01O01O00000001O001O1O1O00001O1O001O0100O10000O100O10O010O0010O01O100O0001O00001O001O10O01O10O100O2N100O001O010O1O0100O0010O01O000001O1O10000O1O01O01O00010O0100O2O0O1000O1006I10O1O001O0O2O001O001O001O1O1O001O1O001O010O1O001O001O001N2NUUaU1
20160828133734Ch_5,aknS22mo12N1O1N2O1O100000O10000O10000O100000O1000001O001O00001N2O2N2O0O10O1000001O000O1000O1000OVRNNhk11TTN7hk1IVTNd0^k1]O`TNf0_k1ZO`TNj0ROjNgk1>TUNn0nNgNmk1<TUNo0kNhNPl1:SUNQ1iNgNSl1;QUN[1oj1gNnTNZ1Rk1iN`TNa1ak1cNYTN^1ik1dNRTN]1Ql1W14L4L5K8F8I4M4K7_O>^OQRNiNWn1S1\1lNURgg1
20160828133734Ch_6,fnda14jo14L2O0WN6\SNKbl1=XSNDhl1`0RSN@Pm1f0hRN[OZm1g0aRNZObm1`15K4L3M4M5J9G3M7H9E9HoQS]2
20160828133734Ch_7,d^aQ24ho14N2N100000O101O00001O000001O001O010O010O001O10O00001O01N1000000O101N100000O100O1000001O01O00000000000001O000O10O100O10000O10O1000O11N1O2O3LccPj1
20160828133734Ch_8,Tbad1;do17I4L2O3L4N1N8I2M2O0O01O001O0O2N2N2O1O2M3N1O1O001O00001O0O2O1O0O2N1N3M2O100O2O0O1O2O0N4MX]dX2
20160930165914Mh_1,`b\m04ko12O1O1O1O00001O010O1O010O010O010O100O1O1O100O1O10000O1001O000O1001O000O101O000O010001N1O1000000O0100O1O10O010000O2O001mPN@cn1b0VQNCin1k0000O1O1O1O1N2O001O1N2O1O2N1O1O100O1O0100O1O100O1O2O1N10100O1N101N1O3N1N3M3N1N1O100O10O1O010O001O000000001N10000O2O1O1O101N100O1O10O01O00100000_QNROom1a1O0O01N2N1O2N1O2N1N3N2N101N1O2N101O1O10O010O10O10O10000000O010O001O1O1O1O00100O10O010000005K1O002nPNZOen1U1K2O0000O1O1O0O2O1O0O2O0O2O001O0010O01O10O01O001O1O1O1O001O001O1O001N2O0O2O1N2O01000O01000O010O10O10O100004L0O10O10O100O10O10O1000O0100O101N10001O0O101O1O1N10002M4M000O10000O01N2N1M4M2N3M3N2N2N1O2N2N2O1O001O10O100O10000O01000O10O10O00100O001O0001O01O0001O00010O1O00100O010O1O1O010O01O010O1O001O100O1O100O2N2O1N100OO2N1O1O1N2O2N1O10001O000001O00000O100O100000000001N101O001O00001O000000000O10001O0O2N3McVeZ2
20160930165914Mh_2,UinQ32lo14M2M3N2N2N2N1O100O1000O01001N10001O00001O00001O0O1000001O10O010O1O100O0O1000000001O010O1000000001N100O00100000O2O000O100O2O1N100O10O01O2KXVei0
20160930165914Mh_3,_ljU33lo12O1N2N1O1O100O10O100O2O01O001O0O2O1O001O001N101O001O00001O00O1O1O1O1N2N3M3KjSgg0
20160930165914Mh_4,lonP31no12O1O1O1jPNL^n15_QNN`n13_QNN`n14]QNNbn19VQNIin1:SQNGmn1g0O1O001O0001O000000000O0N101O2O001O1N1O2O1O001O2O1N8I2N1N2N3Mmo^l0
20160930165914Mh_5,bh]Q23lo13M2O0O2O1N101N1O1O1O1O100O2O0001O0010O01000O1000001O1O1N1O010O01N10001O0000O10001O001O010O1O1O1O1O100O1O1O100O10O001O100O1O1O001O00O10000O100000O100O10000O0100O01001O000000O101O00000001O00001O0001O01O000001O000O2O0000001O00000000O100O10O10O10O1000001N100O1O10000O100000O100O1O1O1O100O00100O1O01001N1000001N100000000000O100O001O0J600001O0O2N101O010O1O100O1O100O2O000001O000O101N010O1O001O10O10O0100O010O10000000O1000001O001O001O000000000O101O000000001O01O0000000000000O010O10O0100O10O110O001O0000O100O2N100O10001N10000010O00001N10000O2N1O1O2O0O2O0O2O0O101O001N1000001O0O100000000000O100O2O1N2O1O001O00000001O001N2O1N3N2M2N3MfWP[1
20161015144954Bh_1,ngb?3ko13N2N2O1N2N2O6I4L2N2N1O2N1O2N1O2N1O2O1N2N2N1N2L4N1O10M301O001000O1O0O2O1O00POjQNJ4FRn1`0mQN]O?Oem1c0P10O10O101O001O01O001O1O1O001N101XOVOXRNk0gm1YOVRNg0jm1[OTRNe0mm1]OnQNd0Sn1@gQNb0Xn1d0O0N3O1N200O1O101N1O010O01O1O1O001M3N101O010O1O1O001O1O1O1mNdQN`0^n1\OiQN`0Xn1^OlQN>Wn1^OoQN<\YaZ3
20161015144954Bh_2,delg03lo13M2N2N2O1O1O001O100O1O1O1N200O01000001O002N1N100O101N100O10O10O10O10O10O10O1000O010O1O00100O100000000O10001O001O00100O001O010O1O008H1O0001O2OO1O1O5nPNWObn1U10O02N;D5L9G1O1O000001O001^N^RNZO8i0]m1GQSN6Tm1ARSN=Zn1O1N4L2N3L2NRVQR3
20161015144954Bh_3,[hdm24ho16K4L3O1O00000O10000001O1O0010O000010O10O1000O1000001O00010O0010O01000O10O100000O0100000O2O001N1000000O0100O1O100O100O10000O10000O1001O000000000000O1N3N3KRW_m0
20161015144954Bh_4,ijX]146b0gn1?L4K;@9C<N2N2L4M2O1OElRNmMSm1b1n0N2N1O2O1O1N2N2M3O1O1E\QNYOen1f0;O101O00O01N2001O100O10001O0000O0100O10O0F;O1O10O010000O2N100O100O1000000000000010O00100O1O010O1000001N2O4K2N10O001O1O0O2N101N1010O100O101N0100001O0O1000000O101N1O2O1N3M1O01N1N3N1N3N1O1O2N1000O1O1N2O1O2O00001O010O11O3M3M0000010O0001O1O002M4M5J3N2N9YQNiNSn1c100O2lQN`Ndm1\2C9G15K1NO000O01bNZSNAfl11jSNKXl1DRSNDm0e0Rl1D`TNMZNOXm12]2N2MSUYX2
20161019133714Th_1,cc^^26ho13O0O100O1O100O0010O010O0010O010O010O10000O10O10000O10000O10O10O10000000O10000000001O01O000001O001O0000001O0001O00O101O0000000000000O101O0000000001O000O2O001O001O00001O0010O01O0001O000O10000000000O10O100000001N100000000000000000000010O001O010O1O1O010O1O001O00000O10000000O10O10O10O10O101O001N10001O0O101O00001N1O2Na\eW1
20161019133714Th_2,YgXg16io13L3N1O2N2jQNCfl1>XSNFel1;ZSNO\l12cSN2Zl1OdSN3[l1MdSN5[l1KdSN7Zl1KSSN\ONk0ol1IoRNFIe0Wm1FkRNo0Um1n0O1O1O1N2O1N2O1O1O1N2N2N2MSOgSNZNUl1f1RTNWNkk1i1XTNWNek1j1]TNVNak1j1aTNVN]k1k1eTNSN[k1l1gTNTNWk1l1lTNRNTk1m1PUNoMQk1o1SUNnMmj1P2b1O2N1000100O01000000O100O10]O\RNiNem1U1_RNiN`m1V1dRNgN]m1T1j0N101N2N101O1O1O1L4O10000O010000O100000000O1000000O101O001O001N10000O10O1O001N2L3E<M3O001O10OO2O1O1O2MdZQR2
20161019133714Th_3,mf^T24jo15M1N2N2O1N101O1O1N3N1O1O1O1O1O001O00000000000O10000000O1O2N1O2O0000100101N00O100000O100O1O100O000001O000O2O0O2O1N2O1O1O1O1O1O10O1000000O1000000000000010O0000000001O0O100O0010O001O00001O000010O000100O010O0100O1000001O01O000103L10O2M1O2N3KSWQd1
20161019133714Th_4,V`SP14jo13N2N2N2N2O0O2N1O1O1O0O2N2O001O000O2O000000001OO2O1O1O1N10001O001N2N1O1O1O1O10001O000O2O1O1NRanl2
20161020145454Bh_1,Zcfk2:do14M2N1O1N2O010O01O1O1O1O1O10000000010O001O00001O000000O1N3N101O1O010O10O001O0O2O0O1O1O1O101O0000001O000O1000000O2O0001O000001O001O1O1O1Ne\oo0
20161020145454Bh_2,efTa25jo12N2M4N2M4L2N2O00000001O00000O2O001O1000O101O1N1O100O0010O00001OO1J50100O1001O001O1N2O010O01O010000O1O010O100O010O010O100O10000O10O010O10001O000100O00O10O100O10O0100000001O01O01O001O000001N2O0O10000001O0O10O100O10O01000000011N3M2N11NFhPNKZo1NkPN1VV_W1
20161020145454Bh_3,igdZ328O[o1>N1OO10O02N100O10001O00010001N100O11O10O01O1O01O0000O100O10O0100O1O1N3LaWQc0
20161020145454Bh_4,mhXW36_o1c0F4M;TQNnNUn1a1N1O1000aNlQNQ1Un1hN_RNk0\n1O3L9G2M5K4KmUgg0
20161020145454Bh_5,W\eb11mo14N1N100O10000O1001O000001O000001O000O10O2O000000000O10O10O100O10000O10O1O01O01000O0100000O01O01N10001O00001O0001N1010O001O01O010O0010O001O00001N1000000O1000O100O100O100O1O1000000000O1001N1O100O100O1O101NkelV2
20161020145454Bh_6,_[mV35ko12N4L2O0O2O010O1O1001O0O02OO1O00000O1O10O01O1O001O1N200O1O001O1NbcPg0
20161020145454Bh_7,X^[Z24ko13M2O1O1O100000O100000000000O10O01O01O000000000O100000O100O010O1O01O10O10O10000O1O100O1O0010O010O1000O010000000000000O1O100O1O1Oiaba1
20161104133714Th_1,^`RW25ho14J5O2N100O1O10O010O010O001O1L301O001000O01000O010000O010O010O10000O100000000000000000000000000000000000000000000000000O101N2MW`md1
20161104133714Th_2,i`Tg15jo12O1N2O001O00101N101O2N1O02N001O000010O001O010O0UQNGnm19oQNKPn15lQNOUn10bQN:]n1F`QN>O\OUn1c1O0SSNXN_k1j1bSNZNM;`l1n1\SNUNdl1d21O7lLVSN2NW2;eMfl1Z2USNkMml1U2lRNoM^m1U21N100O1O1aNeRN8\m1DgRN<Ym1ZOQSNf0ol1WOUSNi0jl1UO\SNg0dl1WOeSNa0]l1[OgSNd0km1N3L3M5K4M4K_Z[U2
20161104133714Th_3,maPl27ho12O0O100O1N1N3J6N101O100O10O000000000010O0010O010O002M2N3M3N2N1O2N2N2N2Mi^eQ1
20161104133714Th_4,dbPR28fo13N2N2N1O2O0O11O010O002O0O1O1O10O010O010O010O0100O010O1OXQNGim1:URNIjm17URNJjm17URNKim16VRNLim14VRNMim14VRNMjm12VRNNjm13URNNkm11URNOlm10TRN1km10TRN2km1MTRN6jm1KTRN7km1JSRN9km1HSRN:lm1GRRN;mm1GPRN:Pn1HmQN:Qn1k001N101O1O1O1O2N1O1O1O0001OO01O1N2N1000K6J5O2000O1N1O2K5O0100O1000O1gNZRN8fm1WOlRNh0Um1UOnRNi0Sm1VOoRNi0Rm1VOoRNi0Rm1UOoRNk0Sn11O1O001O0001O001O0101O2N2N0001O001O1O1O0010O10O00001N1O3N1N3N0O1O01O010O0100000000000100O1O01OO10001O0000001O010N1000O1O010O0100O100O1000000O2O0O10O01O1O010O1O10001O10O01N4L^YSc1
20161104133714Th_5,ciXT32lo14M2N1N2O100O0000001O001O10O100O10100O100000^PNG\o1?O10O1O01O01O00100O010O2O0O10O01O100O1O100O1O1O100N3O2M1O01jU]h0
20161104133714Th_6,dUQa11no13N1O1O00001O001O1O010O1O010O0010O000000000000000000O01000000001O00100O010O10001O00O100O10O1000000O101N2N10O010O10O200O3N3L1OO2GjPNA[o18iijZ2
20161104133714Th_7,R]i\195JXo1b0M3L3M2N2N0OD>N20001N100O2O1O0O2O100O1O1O1O101Mccda2
20161104133714Th_8,T_eX28fo13N2N2N1010O001O010O001O00000O2O00O10000000O1001O0000000O100O10000O01000000O10000O2O0000O01000O1O010O10O01O0100O01001O00000010O000010O001O1N5Kn`jb1
20161111133734Ch_1,P_TS14lo11O00100O7I1O001N101O0O100O2O1O0O2O1N2N2PQNVOgn1l0VQNVOhn1R1O10O1N1010O10O010O0GXQN[Ohn1c0;N11O2M3M201O0OL23010O010000O10000O1000000O001O01M2O2O00010O010O00OJSQN\Oln1e0611N1N3L3O2O00001O2EPcmg2
20161111133734Ch_2,_dTg03`o1>N1O2N1O2N3L3N2O2N1O1N2O00100O01O001N1K5N2N2O1O1N2L4O100O1O1000000O1001O001O000000000O10O1001O01O1O2N2N4Jm[_U3
20161111133734Ch_3,QmXS16fo16M2M4L7J1O1O0OASQNOln11ZQNIen18`00100O1OO00110O2O0O1O001O100O100O2M200O100000N2N3O01O001O01O0N3O1O01N101O1N110O100O100000O10O100O100O01O000M4O010O010000O1000FfPNNYo12iPNNVo11kPNOTo12lPNNTo11mPNOSo10nPN0Qo11PQNNPo12QQNLon15QQNJPo16QQNHon19=O01O00O2O00000000010O01O0000000000O100O100000O100O00100O10001O000O1N2O2H7O1O2O0000000001ZOPQN:\o1O1O2O3M0O10O10O0010OO2O1O1N2NUUgc2
20161116222134Lh_1,PZmg14ho15L201FGkPN:So1:M2O11G90001O001O001O001O00000001O001O1O000010O01N1010O0001O0010O010N1O1N2O101O0001O01O0001O01O001O00000000000000O1001O001N2N2N2N1OO2O3M2M3N2N1N21M3N2N3M5ImhlR2
20161116222134Lh_2,V^aY14io13O1O2N1O11O1O01O0O1O1I7M2001O0O2O10001N10000O101N1N2O1O01O001O1O1000O10O010O001O2O2M2O0O2O0000000O100O0001O01O10000O1O1N1000O1O2O00101N101N2N100O101O0O100O100O1O2O0000O100O1O1O010O001000O10000000O001O1O2N100O0100O1O1O1O100O10O01O1O0010O0010O01O0010O01O1O0010O000O101N2N101O01O1O2O0O1000000000000O1O001O100O1000O101O0O2N1O2N1O1O100000O2O1O00000O010O010O0101O001O0000000000O100000000010O0000001OO100O10O10O10O10O10O001O01OO1010O01000001O000O2O0O2OVd^X2
20161116222134Lh_3,]^WS15ko12N100O101O2M2N2OO01O010O000100O2N1O10O001O1O1O00100O0100000O0100O1O001O001O00001O00100O1O1O010O0000001O1Nh`\i2
20161116222134Lh_4,Vec]1:do15L2O2N2M110O1O1O1O1O1O001O1O1O2N100O1000O101O00000O10O10000O0O2O000O2O1O00TOYQN`0en1@]QN`0bn1_O`QNa0^n1_OdQN`0[n1@gQN?Yn1@iQN`0Vn1@jQN`0Wn1^OjQNc0Vn1ZOlQNg0en12O001O010O001O0O2O0O2O000O100001O010O000000000010O0001O00000000O2O1O1O3N1O0001O00000O0100O1O1O1O00001O0O100000000001N101O1N2O1N10001O01O6J1N101N1O10000010O0000OlNjQN`0Vn1^OnQNa0Qn1^OQRNa0nm1_OTRNa0km1^OWRNc0hm1[O[RNc0em1\O]RNd0an1N2O0O2N2O3L1O100O5KTX\Y2
20161219133734Ch_1,Zgnb02lo14N2N001O100O1000O10O10O010O1O0010O001O0010O01O1O001N2N5K3N1O1O1O<lPNQO`n1Z1oQNfNVm1\1_RNnNam1i1O105LcM`RNZ2cm10O0O5K3M1O1O1O1O`MZSNi1dl1SNfSNj1Wm11O1O5K1O1N20O1040YRNkMXm1V2dRNnM[m1\21^MfRN\2_m13M1N1OZNhRNd0Ym1YOlRNd0Tm1ZOoRNf0Pm1YOSSNf0ml1WOWSNA@n0nn1L1O1O2M1O1O00003M2^OePN;ao1O10O0010O01O1O1O0100O00001O1O1000O00010O01O100O001O1N3L_SYV3
20161219133734Ch_2,Rmjh0<bo16M5J1O1N2M8I2OUO\QN;cn1DaQN:^n1EgQN8Yn1FiQN:Xn1CjQN=mn1O100O1O100O1000O2N1O01O001O1O01O3M1O1O1O1O001O00010O010O1O1O1O1O0O2O1O00]OQQN6nn1ITQN6kn1JWQN6hn1IZQN6fn1J\QN5cn1K^QN4bn1K`QN5_n1KbQN5^n1JcQN5^n1IdQN7Ro11O10O000001O0000001O000010O010O1O1O00000O1O1O2MQQoQ3
20161219133734Ch_3,]eWi13ko13N2N1O2N101O2N1O10O001O001O00000001O1O00010O001O0O2O0O20O1O010O0010O01O01N2O1O1O1O1N3N1O1N1010O101N10O01O2N2N2N1O1O2N102M1O0O2O001N2O1O1O1NkYZR2
20161231223534Lh_1,XdfS33ko16K3N1O100001O000001N2O1O1O00O100O1N2O1O000000O2O000000010O0100O10O0100O1000O10001N001O1O1O001O0000000000000000000001O001O0010O010O100O01O001O1O10O10000000O100O1O1N2O1O100O00010O1N3MZZaf0
20161231223534Lh_2,lebY33ko15L3N1N2O1dPNFPo1:oPNJnn1OoPNN06Qo1JQQN=Po1AQQN`0Wo1001193DO0O1O1O000001O0000100O00100000O10000O01O0000O0O2O01O100000100O1O001O0001O000010O00100O1O100O1O010O00001O00001O000O101O0000000001O0001O010O001O1N4KcXo`0
20161231223534Lh_3,l_Qa22mo11O2O0O100O10O1000O100O100O1O10000O1L5N1O1000000100O100O10000001O000O010O01N100O1O10000001O00000000000001O01OO10000O10O010O101N1000000000O2N2O1O1N2N2NT`VZ1
20170129133714Th_1,eTS_28fo14M2N1O2O1N100O1O2N1O001N2O1M2O2N1O1N2UOUOTRNY1km1=0O2N2H801M3L3O2L4J6M3M4L3L5Bdmd^1
20170129133714Th_2,kVSR35jo13N3M3M2N1O100O1O1O1O001O000001O001O001N2O0O2O1N1O2MPiVl0
20170313145450Bh_1,RcPf21no13M4bPNLjn1g00O1N2N3N2M10000O10O00010O100000001O1O11N10O1O2O4L0O1O2O3SQNWOZn1Y1mQNiNZm1Y1]RNoNn1HWi1Q2eVNWNVi1j1`UNgM9h0Vj1a1^UNlMMS1aj1R1`UNnMIX1dj1j0aUNL^j17YUNdMKY2kj1i2000WKVUN[4kj1`KYUN`4Tk11OaKjTNS4ck1O4bN]TNWNck1VO`TN_1K]N;k0ok1>iTN^OVk19SUNFoj14UUNKnj11WUNKlj11YUNKoj1MSUN0Vk1GmTNLVTaV1
20170313145450Bh_2,Unnm15_o1?K9H<E2N2O0O010gQNhNim1Y1RRNjNom1d10000nQNVNlm1S2M1N3N2N08H1O3L3M2O2N0000O1O1O1O001O001O001O2N1009G1O1N5L1O01O2O2M3M5KPOoQN0Pn1MURN4im1I[RN8cm1EaRN<\m1BiRN>Um1@nRNb0ol1[OTSNg0il1XOYSNj0el1TO]SNU1Zl1iNjSNV1Tl1jNnSNU1Rl1iNQTNV1Pl1gNUTNV1[m103L:F1O5L2M1O2N101N10000O10O100000O10O0100O100O01O00100O10O10O10O10O00000O01000001O00001N11O00000010O010O000001OO10000001O0001O0001O01O001O1O001N10001N2Njl\i1
20170313145450Bh_3,jYSe25io14N1O0O100O10O00100O1O010O0100O001O10O010000O01O010O100O100O001000O0100O010O0100O00100O10O1O1O001O10O00010O01O1O1OofXW1
20170326133730Ch_1,eZTe26io12M200O001O00000100O10000001O4L1O00001O1O1ePNBQo1g0000000O01N2O1O1O0EkPNKWo14;01N3N1N2O01N101O00000000O100000001O0001O1O00000O10000O2ZPNIbo1;O001O01O01O0000001O000O2OO1O100O001O1O1O2N100O1O100O10000O2N3M`eQU1
20170326133730Ch_2,X[Za22ko15N1O0O2O0O2N2M3M3O2M2O2M3N2M3N1N2O001O00O2IVQNTOln19WQNF21Po17a0O1N010000000O1O1O2NSe_\1
20170326133730Ch_3,\cb]2;`0K^n17[QNObn1j0L4Md0]O3M5K3NXNaRNP1]m1oNhRNo0Wm1jNWSNP1KoNok1N[TNT1XOhN08]l1IeTN1lNP1OWO^n1R11N2N7I2O2N2O11O00N102M3M3M4M2N00001O1O0000O10001O00O1O1O001O00001000O10O1O010O0010000O10O001O0O1O10O10000O2O3M2MSYQ^1
20170326133730Ch_4,cj^g13ko12O1O001O010O10O0100O0010O10O10O0100O010O01O100O01O001O1O00001N1000O100000000000000O100O100O2O0O3LeV]U2
20170326133730Ch_5,^TQX33mo11O2M2O1N3N4K2O00000000001O1O01O0O1O2N10O001O1H7O2O0000O2O0000N2O101O000BYObQNa0O[O`n17\QN?mn1900100O1O1N2N1000OO2M30001N1O1001M3N1O2O10O2N2O2M4L2N1O1O001O1O1O3LYm\c0
20170326133730Ch_6,]VYg11no12O1O100N1FNdPN5Yo1:N2N20O001O2M2O1O00N200001O101N10001O0000010O01O001O1O1N1O2N2O0O2N100O1000O2N1O2L4N100O0100O1O001O101N5L2N0000O1O3M2N2N2O001N2O2N1O1O00001O001O01O0001O0000000010O00000001O0O001N3LSjdR2
20170328014950Uh_1,g_l]22mo12N1O2N1O2N1O2N3L3N5L1N4M3M2N001O00O101O001N2O1O1O101O0002N1O01O1N1O1O1O1O10O7J00000000O100000O2O0004L2M2O0O100O100O10O10O1000001N2O0000O110O104L0O00O100000010O0O2O1O0O10000010O00100O0O01000000001O1O00101O6K00N0000O100011OO00O101O002M2N1O1O001N20O0100000001O0O10000O100O010O100O10O01O0O2O2MR\oX1
20170328014950Uh_2,fSc_23lo12O1O1O001O001O1O0001O01O000000100O001N1000000000000O1O1O001O01O001O1O1O10O0100000O10O010O10O010O100O1O010000O100O1O10O10O01O0100O0010O01O100O100O1000000O2O2Lkl\[1
20170329014850Uh_1,n_hh24jo13N2N1N200O1O10O10O10001O0O2O1O101N100O6K1O01O3M1N101000O001O2N01O00000000001O1O000O1000000000O2N1O1O0010O001O010O100000O0100000010O1O001O1O2N1N10000001O001O10000O00001O001O11N1O1O01OO1010O2O1N2N1O001N3M3N00000001O2N9G0103L2N01O000O1O010O2N1N2O1O00001O00001O000010O1000000001O1O1O0O1O100O1O1N3Na[om0
20170329014850Uh_2,oSkk24ko11O1O2O0O100000000O10001O1O010O001O01N10000001O000O100000001O001O1O001N1000000O0100O10O01O10O001O00010O0010O0010O001O001O0001O0O2O0O101O001O001O0000000000001O001O1O0O2O1000001O001O2Nnl\n0
20170330133710Th_1,g`dU35io14M2N2O001O1N1O2N3N2M5L2N1O10O01O010O0010O01O0100O1O101O001O01O1O001O00O1O1O1O001O000100O100000O1000O10O001O00100O1O1O1O100O101N100O100O100000000000O2O001N10000000000000001O1O01O4L3L101N2MT]]d0
20170330133710Th_2,nb\n16jo11O001O001O00000O2O01O00010O01O010O001O0000001O00001O001O010O0001O001O001O001O00000001O010O1O00100O102N;E1O100O01O010O6J3M2M2N2Lm[am1
20170414151450Bh_1,gihg13ko13N2N1O1O1O1O001O0O2O0O10000O100O2O0O100001O001N2L4N2O1N4KVW[V2
20170414151450Bh_2,gbaV26io14L3M3N10O10000O1O1O0010O1O1O100O1O100O010O01O0000010O00000001O00O100000000000000000000001O1O1O1O1O001O00001N100O100O101O001O1O10000O010O100006J10O000O2O00O102N3L3M2O1N2O2M2O0O1O1O2N1O1Od[bc1
20170414151450Bh_3,hcUY12no11O1N101O001O001O001N101N101O1O001O10O0010O01O001N10001O010O0010O010O1000O010O00010O10O010O010O00001O0000001O001O1N10001O00000000001O0010O01000O010O100O100002N1OO010O010O001O01O01O00100O001O1O00100O10O01O010O000001O000000000O101O0000O11O0000001O0010O000000000O100000001O000001N101N101O001O010O01000001O10O00000000O101N100O100O0010O001O001N10000O1O1O001O00100O101N100O2O0000000000000001O001O1O002N1O001O1O1O001O1O1O1O001O001O000000001O0000000O100000000O01000O1000001N10000O2O0O2NZZjW2
20170516134450Bh_1,Zbfo14ko12N2O1N2O1O1O1O1O2N10O01O1O010O001PSN@_j1`0]UNEaj1<\UNFej1:YUNGhj19VUNHkj18SUNIoj15PUNLQk14mTNNSk12kTNOVk10gTN3Zk1MbTN7^k1J_TN8bk1G\TN;dk1FYTN<gk1DWTN>jk1BRTNa0ok1@hSNg0Xl1@TSNm0ml1S11O2M2N2fNhRNfN2j0Zm11aRNZO?2F2^m1>gSN^O]l1=h1@gPNNf[cm1
20170516134450Bh_2,\ddR36io11O2N1O1N1K5N2O100000O2O1O1O100O10001O0O100000000O10000000000O2O0O2N3MT\Sk0
20170626133730Ch_1,eTYh15fo16I6N2O0001O000O01O1N2O1O1@\OcQNf0Rn1\OgQN23d0Tn1JgQN8Wn1i0O2O0O0101O0O10O1fN^NlSNm1Sl1\NcSNf1]l1n01XOWSNXNjl1e1aSNRN`l1j1fSNRN\l1j1jSNRNYl1j1Q1N3M4]NkQN8N;Yo1K3M1N2N1N3N2NdmnT2
20170902231930Lh_1,QfZU17fo14M4K4M3M3M4M3M1O1O1O1O000001N1O2M3_ORQNOon1OTQN0ln1NWQN1in1MYQN2in1KZQN4Yo101O1N3MoYoh2
20170902231930Lh_2,_PWg15on12cQN2[n10bQN2\n12]QN2cn1e0O10O2O001O0O2N2K4N3O00O0SO\O`RNd0am1]O]RNd0bm1^O]RNb0bm1@[RNa0fm1@XRNa0hm1@URNb0km1@QRNb0Pn1^OmQNc0Tn1_OgQNc0[n1?101M2M2001DiNoQNW1Qn1:2N1010O1M3O1O0OO2O200O101O2O0O4gN`QNk0mn1QOYQNa0Uo1N1N101N1O2O1N3N1N4JXRoT2
20170902231930Lh_3,kaYZ14?1fn13WQN0gn16RQNLmn1d001N1O1O1O1O1N3N1O2M2O1M3O100000O3mNcQN?an1[ObQNd0nn100001O0O1O1O1O0O2O00000001O001O001O2N2O1N2N2N2O0O01000O0001O00000O10001O001O100O2O1O01O1N10O01O0O101M2M3N3M2N2O1O01000O1O101MX]\`2
20170926225530Lh_1,dlPh05ho14kPNLZn16dQNMYn16\QN5bn1e0N2O1O1N2N101O1N2N3N1N3N1N2O2M3L9F<G3L3MQOTSNoNil1:WSN[O3:dl1;^SNWO0=`l14[SNTO871`0Yl16RTNVOHb0Sl1;ZUNXOdj1i0^UNUOaj1l0cUNoN[j1T1W21O1O1O1K4000LdQNfN\n1Z1500O01O00010OF_QNXO`n1f0gQNVOYn1i0kQNSOUn1n0>N10101N10O01I610O2O0O1O2K4H9N2OoViS3
20170926225530Lh_2,fRgg02lo14M3M7I3M100O01O1O2N100O1O2M2O2N10001O00010O010O010O1O010O2O10O00000O10O10O10O01O0010O0O2O2MklZU3
20170926225530Lh_3,dVig01no12O1O0000001O0000001O00001O000010O00010O000001O0000000000010O010O0010O000000000000000000000000001O00001O001N1000000001O0O101N100O1000000001O00O1O001O0001O001O001O01O01000O1O02McidR3
20171018223630Lh_1,S]X\15go16K4M3N3M4M3L3N9G5K0000000OPOfQN;[n1BjQN<Vn1BnQN<Rn1CRRN9om1FTRN8lm1GWRN7jm1GYRN7gm1IZRN6fm1J[RN4fm1L\RN2dm1N]RN0cm10W10O1O2N10001N10001N101N100000O1O1O1N4M_cm`2
20171018223630Lh_2,[ff_13jo15L4M3L3L5M2N1O2O1O10000=DO010O0000O100O10000O0100000000O2O000O0100O0010O0010002N12OOO1O01O01O010O00001O0001N10O010O00010O0100O10000O100O2O0O101O000001O1O10O0001O01O01N2O10O02N10O000O2O000O1O01O010O1O0103L2O0O10001N2O1O00O1O00001O00000O2O0O2N1O2N1O1O2O01O010O010O100O1O001O000001N1O1O1O2O001O000100O1O1O1O101N101O2N3L2O1O2N0001O2O6J1O0O10O1O100O100O00001O2N5K2O1N1O2N3M3M4L1O4L3L101N10hNPRN>Rn1SOaRNg0bn1I<DTSoS2
20171018223630Lh_3,ZXkb13ko14L2N3N1O1O1O100O10O10O10O10O01O10O01O00000100O1000O01O1O000O2N101O0N3N01J7M3O2N2N2O2Leh\Z2
20171021223430Lh_1,Z]ZT24jo19H4L2N4L2N2N1O2N2M3M3N3M3M8H4L1O1O100OYOnQNASn1>PRN^OQn1a0SRN\Onm1b0XRNXOkm1e0[RNTOhm1k0h0N1O1O00100O100O2N101O01O1O1N2N2N101N10000O00100O101O3M2N1O00BWQNEin13aQNL^n11fQNNZn11hQNNWn13k0O10001N2O000000O010000000000001N101O001N100O1O1O1O0001O001O010O001O1N10100O10001O0O101N10000O11O0O101N100O11N1O2N1O1O1001O00Olcmc1
20171021223430Lh_2,Qdf_25io14J5N2N101O1O001O000O1000001N2O2M2N3N1N1O2O1O001O01O2N1O3N1O02OO000O100O10XQNXOWn1h0aQNA^n1P1100O1O0010OO2O10O11O0000101N1N10O02O0001O00O100O1O2N1O2N10O1O2O1N1010O11O1N1O10O3nNUQNi0So1O1N0010O1O0010O2N1ZOhPNb0\o1O1O000O2O001O01O1N010O0001O10O1O1O2M3N1O1O0001\OnPN8To1CPQN<[o1N2O00002O[PNL]o1=0O000010O0O100O00001O00100O10O001N101N2O10O01ObPNHUo17kPNJUo15jPNMVo13hPNNYo1=O5K3M2N2O001O00O2O0O1N100O1N1O2N101O011O000100O1O10O0001O000001O0O100000O1O1O1O2O0101N2O01O2M101N2O000O20O000O10O0O2N1O2O1O1O01O2N1O2N1O2N1O1O2M5L2O0O1O10O101O10O01O011N1N2OO2O0001O0O2O1O1N3O1OO2N001O1O1O7JlPNAen1P1OOO10O0O2M3I7G8N2O1O1O1O2N2N2M`Tao0
20171021223430Lh_3,WVW\1:fo11O1O1000001O1O00O1O1O0O1O10000O01000O10O00001O1O100O01000000O2N1O1O1O1N2Ohi\a2
20171021223430Lh_4,Q^kl05jo13N1N100O100O1O10O100010O0O101N2N1L4M3O1000O100O1O1O10001O1O2N1N1O1O0010O010O001O0001O000000O11O00010O010O010O01O010O0100O1O1O100O001O0001O0000010O0001O1O010000O010O10O1N2MYcfm2
20171021223430Lh_5,ide`1?_o13M3L4L3O1O100O10000O1O2M2O1O2N1O2EiNgQN[1Wn1801N10nNkQN9Vn1DmQN;Tn1CmQN=Yn1VOnQNj0dn11O1N3N10O1O1O1N3N3M1O01O1N101N101O1O1O2N1O1O1O001O1O01O00001O1O1O1O1O4M8G1O001O0O1N3M4IeZnZ2
20171021223430Lh_6,\dW]14ko12M3N101N1O1O1O100O100O2O1O001O01O1O001O00001O1O2N3M1O1O1O0010O0001O01O0000O2O^[X`2
20171027150050Bh_1,gabn11mo15L3N1O1O1O1O00000001O0000001O0100O010O10O10000000O10O0100O01000O01000O100O100O<E0O10O10O01O1O1O001O2N1N2O0O2N2O0O1O1O1O101N2M^]]m1
20171027150050Bh_2,PdVS27go14M1010000O101O1O1O1O1O1[QNAgm1>VRNEkm1:RRNInm17oQNLRn13kQN0Un12eQN3Zn1j0000O1O1O2N1O2N1O0104L3M00N1O3M2L5M2N4UOTQN:\o1M4K\ZYj1
20171027150050Bh_3,QWWf15jo12N1O1O10O0101N100O2O0O10O1O00000010O0010O010O10O1O100O101N1O1O1O10O0010O0010O010O0O2O001O00010O010O00001O1N101O0010O1O010O01O010000O00100O01O000000001O00010O01O100O100O10000000000O1000O101N3N2N2N1O1O01N10001O0000000000O01000O0100O10O010O010O1O1O01O010O10O10O10000O10000000O010O1000000000O1000O1000O1O1O001O010O10O0100O01O100O1O100O101N1O1000O01001O00000010O000O2O000O2O0OmjRn1
20171027150050Bh_4,]ViW28ho12N1O0010O001O010O01O010O0010000O010O010O10O1001O000000000O11O000O100000O2O1N2N101O000001N2O1N10O1O100010O0O10000000O11O00001N10O01O10O010O001O100O100O010000O100O1000O010000000000000000O10000O100O100000O0100O10O010O100O100O0100N2O2Mifl`1
20171027150050Bh_5,g]am24ko110O010O01O0100001O1N7J1N3M2N1M4K5N2N2O0O101O0001O0O2O1O1N1O1O1N2N1O01O10100O0000DRQNGnn17?O0000000001O0001O2MYcTo0
20171029171010Mh_1,^]PP14io14N2N3M2O1O0O101O0010001O100O001O0000O10OO9H5JRb_n2
20171029171010Mh_2,X^PR13ko13N3M8I001O000001O00100O10001005J1O1N101O4K200O1O5K2NO10000O1O1O010O01O2OO0100O0100O2O0000O1O1N2O100O11O10O01O1O10O01N2O001N2O1O00007I3M1O01O01N2O1O001O1N101O010O01aPNFUo1c02M1O1O2M2O3M5J3N1N2O[^Sh2
20171029171010Mh_3,k`Zi15io13M3M2N2K5O1O0100000O010000O2O0O10100O10O01O1O1O1N2N]_oT2
20171029171010Mh_4,VbTc26go16L2G9N1O10O1O00001O0O2N2O10000001O000000OIAoPN?Po1DmPN=So181O010002M2OO001O0O2N1N2O1O010O0100001O1O1O00O2N1O2O001O010O0100N10001O0O1001O1O1O6K0O2N1O101N1O010O010O001O0000010O1O0100O0010OO2O10O5L0O000001N2O2M3L3N2N101N1001N110O1000000101OO`0A01N10O1O1N102kQNhN]m1Z1^RNiNam1Y1\RNjNbm1X1[RNjNdm1j1000000000O10O0100O101N2O00010N5L0O001N1O2L4N2N2N2O001N1O1O2N100O200O010102M2N01Od0[O2N1N2N2L4N1N3N1010O2N2O0O01O1NmZ_Q1
20171029171010Mh_5,TbdV14jo14N1N3M4O1N2N3N01O1N2N2N1O10O3M1O001O2N0O101N010O100O1O010000001O07K00O0O1010OO11N00100O10000O001O1N2N2N101O1O1O2MW[ge2
20171029171010Mh_6,RlbZ22no11N10001O0001O00010O0001O0000001O00001O1O00100O1O101O1O0000010O0001O000O1O2O0O1000O010O1O010O1O010O010O01O0000001O00010O010O001O000000001O0O3NmRm`1
20171029171010Mh_7,hV[b23ko12O1O100O1O00001O010O100O1O1O001O100O0010O01O0010O01O0010N100O2O01O010O000000O10000000001O010O00001O00001O001O001O1O101N2McjhY1
20171029171010Mh_8,gei^23lo13M3M3M4L2N4dPN\OUo1k0SQNXO\n1k0^QNYO`n1U1O1N1O2O0O2O00000O10O000iNjQNe0Vn1[OoQN`0Rn1_OURN9mm1FURN8lm1GVRN6mm1HTRN7om1ETRN:in1N7JdYZ_1
20171107222630Lh_1,YePU13co1?H6fPN\OPo1m0M101OO100O2M3M3H8N3N1O10O01O1O010O0101N101N100O101N100O2O4K2N1N4M3M1N2O1O3M6I3N1N2O1O1OdNjQNo0b0fNnl1:bRNQ1;jNQm16bRNU18fNVm1j1gRNWNYm1`0dRNl0]m1POhRNm0Ym1QOjRNIId0_m1WObRNK<7Fe0^m1UOVSN4@c0Zn1\OiQNa0Yn1\OiQNc0kn10001O01O0O2N2M3N2N2MZOXQN9fn1C^QN>`n1@bQNa0on10010O00000000004L2M1000000O2N1O2N4IaW]e2
20171107222630Lh_2,PjbS25jo12N2O0O2O0O10000O100000000000000000000O1O2N1N201N2O1O1O1O1O3N1N0001N1N3M7J2N2N1O1000O20O0001O0O1N2O1O2N3N1N2O1O0000WOPQNc0Wo1O000M4N100001O1O001000000O1O000O010000100000O001O0O1O0000100000000O10000001O0001O010O100O01O1N2O001N2O1N4M001O000000O2N1N2K6M2O1N2O1O101O0000001O0000O0O2O1N2J7N2O1O1000O100O1001O1O0001N3L;E\Uib1
20171107222630Lh_3,fj^\16go16L3M5K3N1O000O1000001O4M100OCQQNJmn14UQNNhn11ZQNOen1LUQNH9<2Ikm13ZRN2E2om1K_RNf0_m1[OcRNd0]m1ZOhRNd0Vm1[OmRNc0Yn1CkPNNUo1OnPN1ao1O1MgSia2
20171108222430Lh_1,Uen_14jo15J5]OGYQN=bn1GZQN>bn1b0N2N2N1O10O01000O0fNcQNS1hn1M2N2N2N1O01O000001O00010O001O2N2N2N2O1O0O101O02N001O00O100O2O000010O1O10O0001O1O0O2O2M2N2O1O2N=DO5K3M2N1O001001N0000000O0100000001O5K0O100O2O4K100001N102N2OO1N1O2N1N2N2N2N2N2O0O2O2LmW]Y2
20171108222430Lh_2,]j\a2:do14_OISQN:kn1>O1O01O1L4O1N2O1O1N3M2N2O2N1O0010001O01O1O10O0000001O00000000000001O0000000O1000O0100000000000O0O2O101N1001O00000O10000001O0O2O000O10O1O1O10000001O00010O01O000O2N1O1N2N200O1O000010O1000001O7I2N1O1O100N3NPVQX1
20171122022450Uh_1,`^bo06ho13M2O1N2M2M301O0001O010O1O2O0O2N10001O00001N1001O101N5L1O001O00O2O0O2O0O1O0010O01O0001O01O0100O10O01O10O010O010O010O00000000001N100O2N10001N101O1O2N1NQaek2
20171122022450Uh_2,kgba13lo13L3N2O0O100O10000O010O10O10O100O1O00100O10O10000000001O0O10000O10O02N1O1O1N3N1OaXk[2
20171122022450Uh_3,`W_l08fo14L3[QNI]m1<\RNL^m18[RN>Sm1GfRN?Um1W1O2M2N2N2O2N1N2N3N3L3N2M3O0O1O101N2O1O2M3N3L4L2O1ZTNRLWk1a4J5KkLSUN]1gj1bNaUN[1FQM_j1e1SVN\1ii1dN\VNZ1ai1gNaVNY1\i1gNhVNX1Vi1gNmVNY1Pi1gNTWNZ1hh1fN[WN\OiNf0ii1NdWNlNoNKKc0`i1e0jWNgNPOKKi0Yi1HWVN4l1WOFm0aNQO^i1c0hVN4[3>je1ZOQWN5X3b0ce1YOYWN2V3d0_e1ZOaWNLU3g0Ye1\OeWNIb3?fd1IjWNEd3`0`d1Lf\N3Yc1Li\N5Tc1Lm\N5Pc1KR]N5mb1JV]N4jb1LW]N4gb1L[]N3eb1L]]N4bb1K`]N5^b1Lc]N4\b1Kf]N5Xb1Lh]N4Xb1Kj]N5Ub1Kk]N6Sb1Jo]N6Pb1IR^N7ma1HT^N8ka1IV^N7ia1IX^N7ga1IZ^N6fa1K[^N4da1L]^N5`a1Lc^N3[a1Nf^N1Ya1Oi^N0Va10k^N0Ta1On^N1Qa1OP_N0Pa10P_N1o`1OR_N0n`10R_N1n`1NR_N2n`1NS_N1m`1OS_N1m`1OS_N2l`1OT_N0l`10T_N0m`10R_N0n`10R_N0o`10Q_NOo`11Q_NOo`11R_NNn`12R_NNn`12S_NMm`13S_NMm`13T_NLl`14U_NKj`15W_NKi`15W_NKh`15Y_NKf`15Z_NLf`14Z_NKg`14Z_NLe`15[_NJf`16[_NHf`17[_NHf`18[_NEf`1<_700O10000000O0100O01O00100O001O0000010O00010O01O10O010O01O00001O00001O01O1O001O1O2N1O1N2O1O001O100O010O10O10O010O010O0001K4MK@QQN?on1EnPN;So18010O1O010O001O010O01O010O001O01O01O01O000N3M3O0O2O000010O00010O0001O010O00100O001O1O01O010O10O1000O100000O2O0000000O011O00O10O10O100O10000O100000000000000O2O001O0O100O2O00000O1000O01000O100O101N1O1O2N10001O1O01O010O000001O001O01O01O0001O10O01O1O00100O1O1O010O01O10000O1000O0100O10O010O0010O01O10000O010O010O000010000O10O01O1O1O001000O2O2N1O01O1O1O3M:E10O00100O1O1N2O001O1O001N200O1O100O10000O0100000010O0O101O000O1O101N1O2O1O2O000O2M101O000O1100O3N0O000000000001N2O2N0010O2O4K7J2N1N4M0002M2OO1O0O1O1O100O100O100O10O0101N10O0010O01O001O1O001N101N1O1O1O000100O1O2O001N2O1N101O1N2N2M[h`V2
20171122022450Uh_4,o[mY23lo11N200O10O01O00010O010O0010O0100O1000O01000O010O1000O01000000O0100000O01000O010000O2O00001O0000O10000O10000O10000O1O1O2NddXb1
20180507140210Th_1,mgfj09fo15K4M1O3M3M2N2O1O1O02O3N3NO0O01O1N1O1O1O2N2N10O100O2O0O1O01O0O2N2M]VUS3
20180726232450Bh_1,m`VW14ko11O2N1O1N3N2O0O2O000O2N1O2M2N1O10M4M200O1O2O0O101O0O2O1O1O1O1O1N2O2Ml_cf2
20180726232450Bh_2,aehS33lo12N1N2K6N10000100O2O0000000001O000001O0001O1O3N8G01O1N2N2O001O1O01O1N10000iPNBkn1k01N4M2M4M3M1N1O2N1O1O0O1010O01O0O1O2MVXeh0
20180726232450Bh_3,Wi\Y37io13M10001]PNH[o1`0O11O1OO4L0000O1N101N10000001O000100O1O1O001O1O1O1N2O1O2N2MlU]d0
20180726232450Bh_4,[ofR31mo14N1N2O2M5K4J4M4M2O1O1O1O000001O0O2M2O2O0O2O001_OiPN8Wo1DmPN;]o100O1O001O001O001O00O101O0O1000000000010O00000001O00010O001O0000010OO2N1O2N101O1O1O1O1N2O001O01O001N101O1N2O001O1O1O1O00001O0000000000001O01O00000000O0100000000000000O10000O101O001N101N1O2N1000000001O000JfPNE\o197O0O2O1N3LTPmd0
20181012105930Ch_1,a_j[13ko13N2N2L3N3M1O2O1O0001M2O2O01N1O2O001O1000O001N2O1O001O00001O00100O1O010O100O100O100000O100000001O00000001O000O20O00010O010O1O1O010O00O2N1O1O10010O01O010O1O1O1O0O2O0O0100N2O1O1O1O1O2O001O0OXaW^2
20181012105930Ch_2,Zebd24io13M3O0O2O001N10000O10O1O1000O1N2O1M3N2L4N3N101N10O10001O10O01IPQN^Oon1a09O001O1O1O00100O1O1N2L5Ib\cX1
20181030230030Lh_1,R^dc27fo1;E5L3N1N2N2O1O1N1000J6M3N2M4N1O2J5N3N3NfbQ[1
20181030230030Lh_2,md\g15ho14L3N2N2O0010O2O0O100O1001O100O1O10O100000101OO000000000000000000000O2OO10001O00O1O2N1O1O2O1O0O1001O002N2M1O2N2N5J5JkYmT2
20181030230030Lh_3,TmlV24lo12N100O10000O1O2N3N0O1O0000O1O1N2O1O01O1O100O0010O00001O10O10O10O01N2O1NSSif1
20190605025430Lh_1,^Qog09fo16J2N2N1N2O0000O1I701O100N2O000001N101O001O0O1I7K4O10O00201N2O001O01O000O0100001N2N2N2NEWQNCfn1>=010O0L31O200OO1M301N100I8K5N2O001O000I71000O0N1011_OjQNYOUn1f0QRNVOmm1i0[RNPOgm1n0f00001O101N3NUSoR3
20190605025430Lh_2,jPQc07go15K5K7H6J6K3L7J8H7J4K3M4K4MdN`RN`0\m1]OkRNa0Rm1_ORSN?ll1AVSN`0gl1@\SN?al1AcSN>[l1AjSN?Rl1_ORTNb0kk1oNgTNQ1Wk1nNlTNR1Rk1mNRUNS1lj1jNXUNV1fj1iN\UNW1dj1gN_UNX1el11O0OoNeQN>[n1[OnQNc0in1N4K2O0O00010O101O1O001O1O1O00O001O1O1O1O1M3M3O1H710O2O2N1N2O1O1N2N2O1O0011UOdQNN_n1LfQN2[n1JiQN5Ro1O2M2O3LglVX3
20190605025430Lh_3,eS[W13lo13M2N1N3N0N3N2N100O1O0001O10001O01O0O1001O00000001M2M4N2N2O100O10O0100O010O1O0001O000O100O011O000O2M3M201000O01O001O100O01N1M4N1F;N01F;N2N4M6J9GanRd2
20190607032610Mh_1,[ReY15jo13M2N2M3M2N3N2N2O001O001O0010O01O01O100O100O100O2N1O1O1O100O1O1O1O0O100O0010O01000O100O100O2N1O1O1O1O001O10O01O10O010O1O100O1O10O010O0010O1O001O1O1O1O100O01O000O2O01O01O01O00100O001O1O010O01O1EJkPN6Uo1:01O000O2O000O101O0O2O0O1001N100000O10O010O1O0M3100O2N2O0000O01M3O100O10N1K6O1000O2N00E;10O1N2N2N2O00O2L4O2N1I^OPQNd0mn18N2O100001N2G9O1N3N1O1O2N1O01O0M4L3[N_OdSNj0[l1\ORSNQ1nl1P11O2O1N2N2N2DYRNZNlm1]1a0K6_Od0FaSiZ2
20190607032610Mh_2,QSWR25ho15M2N2O00001O2N7I1O00O10000O0000O02O010O01O10000O01O0O1N2O1O10001O001O0000O100O100000001O01O01O0J601N1K6N2O1O0M4L3O1N1ND<1O200OK511NROWOiRNh0Xm1]ObRNc0`m1@[RNa0gm1ASRNa0nm1AoQN?Sn1d03M3M3N2N2N3N1N3N1O100O1O010N1I8O1M3N3M4GPQog1
20200806072410Th_1,d^ln12mo13J4N3N2M3M6K2N3N1N101N1O1N2N10HYQNXOgn1?a0O100001O001N1000O2L4N10J6J6O1L5N101N100000O001HTQN\Oln1;a0O0010001O1O1O1N2N2N2N2O1O101Nec_m1
20200806072410Th_2,^cUQ22lo14EMaPN:[o1=I2N1O1O00100O11O1N1O2M2N2O1N2O001O1O100O001N100O10O0100O1O0010000000000000O0100O001O01O100000000001O00O2O00O010O100O100O01O0100000001O00000O1000000O10O100000010O0O010O0001O1O100O0001O2M2N3M2O1O010O10O001O10O01O0100O1O1O001O1O10O100O101N1O1O2O0O1O10000000000O100000000001N1O1O00O100010O100O1O0010O0010001O0001O0000000O001O01O0010O2N1O2O0O100O1O000O100001O100O10100O2N1OO10000O10000O10O010O2N1O10001O001O001O1O001O010O0001O00O100O1O100000000000000000O10000001N101N2Nk]R`1
20201228202510Mh_1,dZe\16io12M3O1N101N2O1ePNEnn1>nPNERo1f0N11O0O2O0O2N1O3N2M2O1N1O0000001O0000001O0000000O2N100O010O10O01O100O2N3Kld^`2
20201228202510Mh_2,S\Qb22mo12N2N1O1O0010O01O010O00001O0O101O000O1000000001O0010O0001O001O001O01O01O010O0010O001O1O00001O010O0010O001N2N3LYe^Z1
20210101202450Bh_1,XYce0593on11mPN5bn1l0J4O2N2N200O10O2N1O3M2C=M2M4M3M3N2L6K4M4KTgnX3
20210101202450Bh_2,_beg21lo17K2O1O1N2O2M3M2N1M4N1N101M1ZOXOURNi0lm1e01M2L5L3MN4O1O0N101A?2N110ATRNjNmm1U1?0O01O1M3M3I7M20L5O010DVObQNk0]n1<0N2L5N1OK5001O01O1L4POoNRSNP1nl1UOnRNk0Qm1R100000L5N1O2N3M2O2M2O2M3M2O1N2O1O1N2N101N2L3K5L^OZOSRNe0nm1@mQN`0Sn1BkQN>Rn1j0N100001O001O01O00010OO2K5N2M2N3N2N2M3I8M2M3K5M3O010O10O01O1O1O100O101N2N2N`dhP1
20210101202450Bh_3,mb]U24ko12N2N2N1N2O2M2O1O2N2N100000000000000O100O1O1O1O1JUOUQNn0gn17O100O200O0010O01O000001O0O100O1N2O1O001O010O100O10O0000N1O101N2N3M4E<IZ^ff1
20210127110130Ch_1,`[ha27eo15M3M2L4N1010O0I70000OL51O1O1O101O1N1O100O10O100O1000000001O1O1O000O10O100O1000O10000O10O1O100O100001000O10O01O010O02N2N1O1O1N101MQeSZ1
20210127110130Ch_2,aYee26go14M2N2O00N2O0100N200O100N10O200O101O1O000O10O1O1N3N1001O1O1N2O1O1O0K50O1010O2NmgjW1
20210127110130Ch_3,S_Sl1<bo13K4N2O1O010O01O1O1O1N2N101O01O010O010O10O01O10000000O1O2O0O1O101N1O3L]adQ2
20210219230330Lh_1,lb][17eo16hNIRRN1I:Qn1HSRN1I:Qn1HTRNi0hm1i0YOXNTSNj1kl1XNSSNi1ll1YNRSNg1ml1]NPSNc1Pm1e0001O0O1010000L5O11O0O100O001O00AgRNVN[m1i1iRNSNXm1c1eRN\Nhm1e191O2N100O1001O0O101N01O0M4]OTNPSNn1ol1UNmRNl1Tm1WNgRNc1`m1=100O1N1N2000010OIRN_RNm1bm18O11B_RN[Nbm1c1dRNWN^m1g1;OM32JRRN^Nom1b161O01M3N20L31G90000BfQNWOZn1i0hQNUOYn1j0>01O00000O10O101N2N2N2M3NL501DUQNBkn1>WQN@in1`0XQN^Oin1d0UQN\Ojn1n0O1N2N1O100000O1L4N3BTQNGln19VQNEkn1:WQNDin1;?O1O1N2O001O0001O001O1N101M2L4O0010N1IlPNDUo1<61O0100001N100O2ONO30O100O10O100O01OO2J601O2N1000000001O001O1O2N3M8H1O1O0O2O1N2N3M^enY2
20210219230330Lh_2,``aP34lo11O1N2O1O0O2N1O2[OH_QN9_n1J_QN7_n10YQN4Un1DnQNR1Pn1`001N101O100002M4M1N1O2N2N1O^RNgN`l1V1^SNnNel1m0ZSNTOhl1j0WSNXOil1g0WSNYOil1h0USNZOkl1f0SSN[Oml1f0QSN[OPm1f0lRN\OUm1f0fRN\O\m1d0_RN@am1_11O00O1O1O100O2N2O1O2N1O0001O1O9G1OOSNaRN\1_m1aNhRNZ1Ym1bNkRN^1lm1O2O1N2N1O1O100O1N2O1O2M2O1O2N1ZOQQN:]o1M5L0O1O001N3Ma]\j0
20210219230330Lh_3,Z_il21mo14N1N2N2N2O001O10O0010O2N1O1O001O010O1O1O1O000001N10001O01O01O000O110O001O010O0000000JbPNI`o13:La`ZP1
20210607142350Bh_1,U\_j1>?2Rn1P1N1O1000O2N2N;VOd0AjclT2
20210627163630Mh_1,ebjZ18ho13M3N1O10O001O0O101O000001O01O000000000000000O100O001O10O01O01O1O00100O0001O010O00000001O00001O010O000100O10O10O10O0100O10O100O010O01O00010O00100O2N1O1N3Mf[Y`2
20210627163630Mh_2,Y_WU1g07^Odn1R1L4L2M4L3M2ON2O1K2M6M2I9N2GSQN@mn1?910O2L3O2N2O1O1O1O2LoaTi2
20210627163630Mh_3,f`_l19eo13N001O01O010O1000000O101OO0100001N1O1O101N101O100O1O1O001O000000O10000000O0100000O001O010O010000O1000000O010000000010O01N1O2N1O2O001O0000000O01000O02O001O0O2O00001OO10O10O100O1O1O1O10O00100O01O100000O100O1O1N101O1O01001N1001N1O2M5IS`Vl1
20210627163630Mh_4,efmR2b0[o15L4M3M2N2N2G9D<O0010O1O1N4L4L8H7mN\QN>To1O1OO2O00O1000001O0O100000010O0O1000000O10000001O0FGlPN;Ro1;N2O1O001O01O1O1O1O1O1O100O2O1O1O0O2N1O100O1O1O1O010O01O000000000O1N3O001O001O0101O0000N2O1N2O1N1O1N3F:K4M4M3N100001O=C3TObQNOZo1LPX^f1
20210701163730Mh_1,Vada25io13N2N20O010O1O1O00100O00100O10O100O1O1O1O2O1N2O0001O1O001O10O1O0010O0O10001N1000001O02M2O00O100O101O00000001N1O1O1O01O100O2N1O0000001O01O000O100000001O00001O01O1O000000000O100000010O01O1O1O010O1O1O010O100O001O00001O0O2O0O20N101N2N2O1N2O0000001O001O0100O010O100O00001O000100O1O1O010O0100O01O10O010O0001O01O0010O00100O00010O1O01O01O010O0000100O010O00100O1O010O100O1Om[mR1
20210701163730Mh_2,Vh`c27ho13M2O3L4M2N100011O0O21O000N011O12M0O2001N2NO1O11N3N0O2O1O4M100N2OoNQQNl0Uo1L3L3M7H5L[UQZ1
20210701163730Mh_3,jjfQ33mo12O0O1O2N100O101O1O1O00:E0100001kPN\Oln1m0O1O1O8H6J1O1O3N0O0O11O4L4L1O1O01O12N2L3M1N2O1O2N10000100O01O8G4K6EjRSk0
20210701163730Mh_4,j[mS13eo1O_PN3_o18O1O000OO2M3000O1O2O000000O100O10001O001O010O00000001O0010O100O10000000001O00000000001O000000000000O1000O10000O00101O0O\eVh2
20210701163730Mh_5,V\YS14;3ln1g0J3`QNSOgm1Q1URNTOgm1T1QRNnNnm1e1nQNUNim1S2M4NgMjRNh1km1NN022M3L6J110O3lRNiM[l1X2\SNnMdl1P2XSN[Ncl1c1ZSN_NRm1R21N2N2N6I3M2N4L5K3N1O3L3N1SOm0M2O2N2M3N3M3Kn`Tj2
20210701163730Mh_6,Q^ib24io13J6N10N1O2O010O010O01N2N2O2N1L3N3G7101N3L4M4Kicf[1
20210701163730Mh_7,^_Sg13ko1=C6K4L2N1N3AVOeQNj0[n1>O0O10O0G9N3L4N3O1O1O1O2N2N2BePN4fo1M2LYaZW2
20210708060030Lh_1,maZS15jo13N1O1O100O102M4M001O2N1O10O3M0O101N4M0O10O00001O10O000O2O0O2O1N2NY]aj2
20210708060030Lh_2,UbQR31no13M1O101O0O1000O0100000O01O001O001O1O0mNG`RN:_m1H^RN:am1H\RN9dm1H[RN9em1HXRN:gm1GXRN;gm1FoQNGJe0Vn1FmQNc0Sn1e000O1O1O1L4N10101O0000EoQNgNQn1X1QRNfNPn1Z1QRNeNnm1\1;1N1O1O1O0001N1001O10O0EjQNnNUn1R1QRNiNnm1X1;1O2O00001O001000O010O1O1O0F`QNUOan1j0aQNTO_n1m0bQNRO]n1o0cQNPO\n1Q1gQNlNYn1U180000M03G9G8001I701O0O1O10001O1O000OHiNjQNV1Wn145O100001O0O1000L4N3O001O001N1N2O1O1MZOVO\RNi0fm1ZOTRNi0mm1b03I7M3O1O1N2O0ON1OLFVOkQNi0Xn1<3L5M3O2K6H:G\dbe0
20210708060030Lh_3,Ve[m13lo13N3M2N2O00000O2O5K1N2N100O1O1O100O0101O1_OjPN5Vo1IlPN6Vo1GkPN:^o1O10000O01O01O101N1O100O001O010O1O001O1OcYlo1
20210726041650Uh_1,VbTU15jo12O1N2O1O10O01O01O0010O0001O01O010O001O1O0O100000O1O01000O0100O2N100O101O000000O100000O010O1000000O10001O00001N1000001N101N2O001N2O001O0O2O000O10O1O01000001N101N101O0000O100O1000O010001O001O00001O000O1000000000001O0O1000000000000O101O0O11O00001O001O000001O00001N1000001O0O2O00001O000000001O001O10O0001O000000001O0O101O1N101O1O1O100O00100O1O1O1N3M^]o_2
20210726041650Uh_2,WYoS16go17J6Jb0^O5L3M3M3M2M3M2O1OC>YOgQNEZn1;lQN^OVn1?g0N2M2O2O10O01O100000000000000000000000001O00000000000000000001O000001O01O000001O01O01O01O10O10O010O010O01000O10O10O010000000000O10000O10O10000O1000000O101O01O01O0000001O001O0000001OO10001N10001N2O000O101N1O1O1Obe^d2
20210726041650Uh_3,jX[`13lo13M2O0O1000001O000000000010O0000000001O0000010O00010O01O0100O010O01000O010O1000000001O01O1O100O2N2N2N10O001O2N3M1N2N2N3Knej[2
20210726041650Uh_4,X\Sh03lo13M2N2N101N2N2A?D;M4K4K5N3O02N4L7I:E:G2N2N2N1O2N1O101N10000O100O00100O1O10O01O1O1O1O2MZcTU3
20210730044930Lh_1,bbPh23lo13N1O10O010O001O01O010O00001O0O100001O0001O01O000010O0000010O00001O10O01000O010O10O10O10O010O000010O010O1O00100O001O1O001O1O1O1O01d\kS1
20210730044930Lh_2,gbXl14ko13M3N2O1N2O2N0001O00O010000O101O2N001O000000O100O100O2N10O10O01O1O001002M3N1O10O2M101O0O1O1O2O1O03M0000O1N9H_[YP2
20210730044930Lh_3,nc\`16io16K2M2O1O1O0O10000001O0000001O0O2O1N2O1N100O01000O10000O2O1O001O001N10l[[]2
20210730044930Lh_4,ld\o14ko12O1O2N3M2N1O2O10O4NO0O000010O0O1000000000001O000010O000001O01O001O1O0000O1O2M2N3MhYom1
20210730044930Lh_5,VfRW32mo12O2N3N2N001O2M3N1O100O1O10O02OO01O111ON001O01O0O10O100O2^OfPN:ao1O01O001O001O000001O00001O001O2N1N3N1N[Xke0
20210730044930Lh_6,eXid24?Oin15TQNNin14VQNMhn16VQNKhn19TQNJhn1i0N3J6L2O00N3M2WO^QN5cn1IbQNHLOdn17PRNDQn1;k0M3O010000O100000000001O0O100O0010O1O1O100O0100O1O100O10iPNJdn16[QNLcn15\QNMcn13]QNMcn13]QNMcn13]QNMcn13]QNLdn14[QNMen13ZQNMgn13YQNMgn13XQNMhn14XQNLhn14XQNLhn14WQNLjn13WQNMin13VQNMln12SQNOmn12QQNOon11QQNOon11PQN0Po11nPN0Ro1?1O00001O10O00100O100O11O001N100O100001O10O001O0010O01O2N1O0O101O0O100O010O3M4M2M2N`fbT1
20210730044930Lh_7,^ZWW23ko14L2N2O0010O01000O10000000O2O001O1N1O2N1O1O1O1O1O10O10000O2N2O1O2O000O1000O100O01O00001N4L3N1N1O00O1O2000O10001O0O10000O1O01O1N2O2M2O1O1O10O01O00001O000001O001N1O1000010O001O1O1O1O010O1O010O0010O1O1O1O2O0O100O10O001N3Mhfla1
20210730044930Lh_8,bb[i13lo13N2N100O100O00100O1O01000O0100O10O010O010O000000O001O010O01O001O1O010O01O000000000001O1O1N2O1O1O1O100O00100O01M2O2O10O01000O1O1O1O001O0O2N1O2O001J501O010O001L4N101N10I7M1100100000O2N1O1001O0100O10O000000001N101O00100O1O010O1O1O1O0010O01O0010O0000O2O00001O010O001O000010O01O000O1000I7O2O100O02O0O2N2O0O2N100001N1O2N1O1eNWO^SNk0_l1\OnRNHCQ1]m1BeRN@KP1^m1CeRNg0Ym1\OeRNe0Ym1_OdRNc0Zm1R10\OlRN[NVm1c1nRNYNTm1e1f0M2M3WOfQN@en1=aQNYOen1f0<N2N1O1N2O001O000000L4O101N1L5J5O1EQOeQNP1Zn1<NIdQNkN^n1Q1:K401OI7O2O1DlNkQNR1Wn12:N2O2N2O00000O1O2L4L4L5N3L4CbPN3SdRi1
20210811072510Th_1,bmXS16do18M9H6K2:E3MO1O010O001O0000O1O2N2N1O10O001O00100O01O001O001O1O1O01O0010O00010O1O1O1O1O3KUQmi2
20210811072510Th_2,]]WP35jo12N2O1O1O000101O20N00O01O01O001001N2N1O1O1O1O1O010O20O1N2O2N0001O0O1O01O001O1O1O1O2O0O1O2N1Nbajl0
20211119005210Mh_1,R^Ta14ko13N1N2O1O1N2O3M6J4M4L2OO1007IO1N3N6I2O00103N0OO03N0O1O0O101N1000001O01O1O0001N102N10O0000O2N1O1O1N2Nh_e[2
20211119005210Mh_2,c`Ye02no11O0O1O1O100O1WN0aRN44MXm16ZRN4=FXm1R1eRNnN[m1T1dRNlNZm1V1eRNkNYm1W1gRNiNXm1X1gRNhNXm1Z1gRNgNXm1Z1gRNfNYm1\1dRNfN[m1\1bRNeN]m1^1^RNeNbm16aRNm0^m1ROfRNk0Zm1UOhRNi0Xm1VOlRNg0Tm1YOQSNb0ol1^OWSN@^Oa0[m1OeSNN\l10gSNNZl11iSNCgN0am1<k1O1O1O1O010O01O010O010O10O10O1000O1000000O101O000O1000000O1O2N3KXbjV3
20211224120130Ch_1,Scf^2641Zo1a0J8G3O0O11O7I5KgQN\OUm1e0fRN@Ym1`0cRND]m1c0ZRN_Ofm1_10N3M5J4L2G:K5Ib0]Oa[o_1
20211224120130Ch_2,TY_U25lo10O1O100O101N100O100O1000000O10O1O00000O100O01O001O001O000000000O1O11O00O010O100OO20000001O0000O01O100000O1000O2M20000O10O1N3GdPNL^o11^h^f1
20211224120130Ch_3,kXml14lo12M3L5L7D:I4M2OO100O1D\QNZOhn1d0:01O0N3N2J5M4O0010O1O10O010000O100000O2N1OPhnP2
20211224120130Ch_4,_^[_21oo12O0O1O1O1O10O00100000O1O010O001O00100O001O10O00010O00010O010O0100O2O0`PNFYo1`01O001OO101O0001O1O0O1000O100O100000001O0100000000O101N10O1O001O1N2O1O101N0101M3N1N2O1O000100O01O0000001N2O00O1N2N2N2M4N1O2O000000000O0N3O101O0O10000O0M4O1000000001O001O0O101O1N101N10O100O100O101O001O1O0000O100O1O100O10O1000O01000O100O10000O10O100O1000O10O01N2O10000O1000O01O1O2O0O1O100O010O1000O1000001O0O100O01O0O10010O000001O000O1G\OWQNd0in1^OUQNb0ln181O1N1O10N1N21N201O1O2O0000O1O2N1O1O0010L4O2]OnPN5Uo1GoPN6ao1LPbXR1
20211224120130Ch_5,Ub[k22lo13J5N2O1O0O2O1G9O1O1O1O1O1O10O1010O00000O10000O100000000001O0O3N2M5L10O0010O00O1O1O1N3O0O10001O000000O100000O100O1001O001O1N10O000OJ61O2O1N110O000O1N2O11O00100N1O2O100O101N100O101O00O1O2N1O2N10O10001O2N1O00000O1N2O1O01O001O0010O000O1N3O000100001O1O0O10O1N101O00O1O1O1O101O000000O2EHmPN8So1;N11O0000001000O11O011N2N1O00000O1O01O000001O001O1O1O010O01O1O1O001O000GARQN`0mn1CPQN>on1:00O10O1O100O2O1N3N2M2O001N1000001O2O00O10000O0001O0O101N10000O01O1O100000000O1O1O001O01O10O001O1O1O1O1000O10O1O101N2O001O\OlPN<Uo1AnPN>Zo10O1O1I7N3L3N3O000000000O@YQNIgn15^QNI`n11iQNMWn12kQNMTn13mQNMTn12lQNNTn12mQNMSn12oQNMQn13PRNJRn16l0O0100O0010O0001O010O00001O010O0010O10O01O10O010O1O0010O0010O01000000000O1O1O1O1O011O01O1O1O1O0O1O100O1O1O100O001O1O1NVb\`0
20211224120130Ch_6,hde[22mo13N1O1O2O1N:F2N1O2N2O0O000001O0001O2N6J1O1O1O1N1O1O2O001O0001O1N2N2O1N2O001N2O002N1O2N1O1O001N000000001O001O100O10000O2O001O1O00001N2N1N3NiZn_1
20211231180850Bh_1,iaTX27fo1:G6K3M2N1N3M3N1O2L3N3N1N20[OjQN_OVn1>h0N1N3J6N2O1N3KR_]f1
20211231180850Bh_2,^hXU14ko14L2O1O1O100001O01O001O000O010000O10O01O01O001O00001O00000O10O100O1O001O1O00100000000O101O0O2O1N3MUWcg2
20211231180850Bh_3,lYe[23lo12O0O1O100O100O001O100O001O010O010O1O00100O01000O01000000O100O10O1000O01O1O010O1O1O1N3N1O1O001O1O001O1O1O0000ImPNATo1=9N1O100O100001O000O2O001O0001O001N101N2O1O1O2N1O2NigV_1
20211231180850Bh_4,l]]e25io13N4cPNJin1j0L2O2M3N1O1O010O10O9H1N101N1O3N1N2M5L1O2M2O1N101N2O1N3MUadX1
20220124155050Bh_1,gclf13ko17J6J4M2O1O2N1O5K100O4L1000003M1O000O001O100O10O1O01O1000O2N1O2M<E2N1O1N100010O0000O100001N100O10O010O1O1O100O001O001O100O001000O0100O1O100O2N1O1O001O1O[YYT2
20220124155050Bh_2,Rfin14jo14M3M4L3M5L2M2O0010O01O10O01O1O100O00100O010O00000000000000001N1001N10000O10000O100O101N1O1N3N1O10000O10O10000000000000000O1000O10O10000000000000000000000001O000000000O10000O10001OO1000000O010000000000O1O2O00O1000001O001O0O2N2N2M2M4M2O1J6N11N101O1N2O1O10000000000000010O0001O00001O01O01O010000O10000105KO000O100O0010O010O0000001N101O0O20O011N3M2M3N2M2O2N1O1N3N2N3L5L1O1O1N2O1NUY\e1
20220328035030Lh_1,fbPR16fo18J9D?C5K3O1kNhN`SNX1`l1POXSNQ1hl1WOmRNi0Wm1h08O1O11O2N2N2NRObRN]OZm1a0kRN^OSm1a0QSN^Onl1GlRNK`0<cl1EWTN:hk1D\TN;ek1^ObTNa0_m10000102N1O0O10O1000105J1N1O1N2N2N1O2N1Oi[Wk2
20220328035030Lh_2,]eb_2:eo13N3M2N3M101O0011O1O1N1O001O0O100O1O100O100O100O1O1000O10000O100000001O00000000000000O100001O000000001O1O1O00000O0101O1N1M5LcX_\1
20220328035030Lh_3,eZSb06ho14K4J5J5O1N3N1O1O1O1M21N1N2001N200M3O10O100N2K5M3000000001O001O0000K6J5O1O1O10000001O001O100O001O000O1O1O1O1N2M3H8N2O1O10O2O1N2L5M3M5L6K1N2N1O2N1O2N]hVY3
20220523234912Lh_1,SYh_13ko13N2N2N2N2N2I6M4N1O100O100O100O1O2OO010O010O000100O100O100O100O100O10O10O10N1M301O1O10O01O1N2M3N2O1N3N1N2O10O1000000O1O100O1O100O2N100O100O10000O010O100O100O1N101O1O01O001O0010O01O010O10O010O10O10O100O101O0O01000O01O1O1O01000001O1N2O1N101N2N1O100O1O10O001N2O001O01O010O100O101N1O2O0O2N1O2N3M2N3N1N2O1O100OSOPRNLnm13URNLkm12WRNOgm11ZRNOem10]RN0bm10_RNOam11`RNXOH>gm19nRNEQm1;QSNDol1:TSNEkl1;WSNCil1=YSNBfl1=]SNAdl1>]SNAcl1?^SN@cl1>_SNAbl1>`SN_Obl1?`1O1O1O1O0O2O0O2N2O2M3L^ikT2
20220523234912Lh_2,kZS[26fo16M3M2N2N1O1O1O001O00100O0010O0001O000O2O001O1O0001M2N2O10000001O0O2O000000000000000O10L301001N2O0O100O0100O100O1000O1O1O100O1O1000N2O1O1O1O1O10000O1O1O10oN0SRN0km16mQNMSn1n020N1001000O01O1N101kNmQN<Un1CSRNMVn12l0O101N1O2O0O2O002Mli`^1
20220523234912Lh_3,YXgU36ho12M3O1O00O101O01000O100O1O10O10O0101O0O10000O10000000000000O10000O01000O10O101O001O001OO100O100N2O2M2O2MWhnf0
20220523234912Lh_4,e_ef26io15\PNKUo1a00O001O1N2O001O0O100O010O000000001O010O0100O100O1O2O0O2N1O100O001O1O00000OL41O1O10000010O001O000001O001O0O010ON2O2000000001O000000000000N2N2001O01O2O0O2O0O1O1O0O1001O001O0O2N1O1O100010O1O1O10O0100O10O0101O0O2O1N2N01N1O2N2O1O10O01N10GdPNO\o11hPNKXo15:O0001K3J7N2O1O2O0O2O0XQNYOXn1h0gQNZOXn1e0gQN^OWn1c0hQN^OXn1b0gQN^O[n1a0cQNA]n1`0`QNAan1n01O1O1O1O1O1O2N1O1O101N10001O0O100O10001O0O1000001N100O1O100O10000O100O00100O00001O010O0010O0010O0100O0O101O000010O010O0100O0000001O0N2M3M3O2L3N2O1O1L4O11N10000O2N101O1N2N2O1N101O1O1N10O1O1000O1O1O1N3L3N2O2M2H:LmeRj0
20220523234912Lh_5,P[mY17go14N1O001O0001O1O001O1O010O01O1O10O010O1O10O01O100O01O0000000O100O0ALSQN5kn10PQN1Qo1?0O2N2N3M2M7BYe\c2
20220523234912Lh_6,k]aP26jo11O2N1O1000000O2O0O010O01O10O0100O010O0010O100O10000001O01O1O2N1OO2N2N2N3KXaRm1
20220523234912Lh_7,jdob2=_o15N2N2N2O010O01000000O10O1N2O1N2O1O1O1O1O10O10O100O1O000001O001O001O1N101N2N1O2N1O2O0O2O0O1O100O1O100O1O2N1O1O010O1O1O1O001000O10O101N2MoZfX1
20220621185332Bh_1,^^Pm02mo12O2N1O1O2N3M1O2N001O1O1O1O010O10O0010O000001N100010O0010O01O001O01O000O1O2O0O1O100O100O100O2O0O2N2NYaio2
20220621185332Bh_2,Z_fo25jo15K3N1O1O001O1O001O00000000O1O100O1O100O2O0001O01O01O010O0010O01O100O1O0010000O1000O01000O2N100O100O010O01O01000O1O10O01O100O10000O1000O100O010O1000O100O1O10O0100O010O1O1O1O1O1O1O1O100O010O10O10O10O10O10O01O1000O0100000O1O100O100O010O10O010O0001O01O001O00010O00010O00001O0O2O0000001O01O010O010O010O000001O00000001O00001O0O1010O001O010O1O1O010O1O1O01O00000010O0100O10O100O1O000O100000010O001O0100O010O010O000010OO2O1O1O0O2O00001O0O101N2O0010O010O10002M3N1O2N000000O100O10001O0O2GkPNDVo19mPNETo1:mPNDUo1;9001O10NX]k`0
20220621185332Bh_3,ZfZg16io12O1O1O00001O0000000cJHQ[N9nd1JP[N6Pe1KoZN4Se1MkZN3Ue1NjZN2We1NhZN2Ye1OeZN1\e10bZN0^e12`ZNMbe13]ZNMde13[ZNMee15YZNKhe16VZNJke16TZNJme17QZNIPf17oYNIRf17mYNITf18jYNHWf19gYNGZf1:dYNF]f1:bYNF_f1;_YNEbf1;]YNEdf1<ZYNDff1=YYNBif1>UYNClf1=SYNCnf1>PYNBQg1>mXNCTg1<lXNDUg1<jXNEUg1<iXNEXg1:hXNFYg19gXNHYg18fXNH\g17cXNJ]g16aXNK`g15_XNLag14]XNNcg14ZXNLgg15VXNLkg14SXNMng13PXNMRh13mWNLUh14iWNLZh13eWNL]h14aWNKch14\WNKfh14YWNMhh13WWNLkh14SWNMnh13QWNLQi15mVNJUi17iVNHXi19fVNF]i1:bVNE_i1<`VNCbi1=\VNCfi1<ZVNDgi1<WVNDki1;TVNEoi1:PVNFQj19nUNHSj18kUNHXj17fUNI\j17bUNIaj15^UNLcj14[UNLgj15VUNKlj15RUNLoj14oTNMRk13lTNMVk13gTNOZk11dTNO^k11`TN0ak11[TN0gk10VTN1nk1MPTN3Rl1MkSN4Xl1KfSN5]l1LZSN9hl1KPSN6Sm1Z12N2N2N2N2N2N5K3M4L3N8YOYQNDjn17ZQNGjn14YQNJ`o1NmZmQ2
20220621185332Bh_4,aaRT13io1d0[O6O21N0O10011O2M2O1N100O0000O10O01O1O1N1O2O1N2N3M3N1N2N4LYOcQN0Yn1KQRN2mm1MXRN1fm1O]RNObm11bRNL]m14fRNH\m17V1O101O1N2N_^Yi2
20220621185332Bh_5,VfZ`28fo14K6K3M1O2O0O02K4O1N2O2N10000O10000000001O01O000000001O000000O10000000000010O01O10001N101N101O001O001NP[]\1
20220621185332Bh_6,cgff05io12O2N1O01000O1000O100000000000000001O010O2N10001O10O010001O2N2M20N0O1O2N1M3N2N2M4LhWeV3
20220621185332Bh_7,fgdW37ho14N00102M100O02N001O1O01O1O001O1N2O1O1N2O2N1O001O001O001O3M:F1O0010O1O1O1O2O0O001O2M2N2O002N2N4K2O1O1N100O2O00O010000O001O001O000000O100O1O10O0100000000O10O101O00000O010000000O10000O100O1O2LkU[b0
20220621185332Bh_8,QZSh18eo1`0^O7K6J<E5L5J4K4LjN_RN4^m1LjRNOSm10TSNMil10`SNN]l11hSNMUl14oSNJnk16XTNGdk1;_TND^k1=dTNBYk1`0iTN@Sk1c0oTN\Omj1g0UUNXOhj1j0YUNVOej1l0ZUNVOdj1j0]UNWO`j1j0aUNWO]j1i0eUNVOZj1j0gUNUOYj1j0iUNUOVj1k0lUNUOSj1f0SVNYOmi1e0VVNZOji1e0YVNZOfi1e0\VNZOdi1e0^VN[Oai1d0aVN\O^i1c0cVN^O\i1a0fVN_OYi1`0hVN@Xi1?iVNBVi1=lVNBSi1>nVNCQi1<QWNCoh1<RWNEmh19VWNGih18XWNIfh17\WNHdh16^WNK`h15bWNK]h14eWNLYh14hWNMWh12kWNNSh12oWNNPh10SXNOmg10TXN1kg1NWXN1ig1OXXN0gg10ZXN1eg1O\XN0cg10^XN0bg1O`XN1^g10bXN0]g10eXN0Zg10fXN1Xg1OjXN2Sg1OnXN1Qg1OoXN2of1NSYN1lf1OVYN0if10XYN0hf10XYN0gf10[YNOdf11]YNObf11_YNO`f11aYNO_f11aYN0]f10eYNOZf11gYNOYf10hYN0Wf10kYNOTf12lYNOSf10nYN0Qf10PZN0oe10RZN1le1OUZN1ke1OTZN2ke1NVZN2ie1NWZN4he1LXZN4ge1LYZN5fe1LZZN4fe1K[ZN5de1K\ZN6de1I]ZN7be1I_ZN7ae1I`ZN6_e1JhZN1We1OjZN0Ue11lZNNSe12oZNNod13R[NLmd15S[NKld15V[NJhd18X[NHgd19Z[NFed1:\[NFdd1:][NDcd1=^[NAcd1>`500000000O100O1O1O00100O1O101N10000O101O1N1O2Nnhfo1
20220626185332Bh_1,j^dT25io13N2O1N2O0O2O1N2N1O2O2M2N2O0O00O2L3O2N101O1O10O010000O10O02O000000000O10000000000000000000000O101O0O2O01O000001O01O010O10O01O0000001O001O1O001O1O1O001O1O001O100O10000O1O100O1O100O1O1O000000L4N2M3O2N1O2N2O0O2O1N2NVaed1
20220626185332Bh_2,Tchi23ko13N2N1O1N2O0O2O00000N2O1O1N2N3O002O001O1O01O1O001O1O1O001O001O001O1O1O1O1O001O1O10O01O10O0100O001O1O010O1O001N3Mo\eR1
20220626185332Bh_3,lbRY13ko13L4O000000000000O100000000001O0000001O001O1N101O1N2O1O001O001O0010O01O01O01O0001O000O1000O100000000001N2O1O1O1O010O001O001O00000O2O00001O01O00001O00001O0001O01O01O010O001O0001O010O01O010O0000001O001O010O1O01O0001O0O10001O001O01O01O001O_\__2
20220626185332Bh_4,hfnj14lo12N1O1O1O1O001O001O0001O0000000001O001O001O00000O2N1O10001O001O001O010O1O0010O0000000O010O10001O001O1O1N101O001O001O1O010O0001O0001O01O01O010O00010O000010O01O10O010O1O010000O01000O01000000O10000O010O10000O10000O10O0100O1O1O10O010O001O010O010O1O01O0001O01O01O000100O10O010O00101O01O1O1O1N101N2O0O1O100O1001O3M3M5K1O1N101N10000O1000O10O1O10O010O0001O00001O001O001O00001N]V_i1
20220626185332Bh_5,cgfo06eo17M2N2O001O1O001O0010O01O010O00100O001O100O1O102M100O2O10504F2N1O0O2O0O00100O101N100O2O1N2O0O10O0gNmQNf0Sn1UORRNl0lm1SOWRNl0im1ROaRNg0]m1XOfRNg0Zm1WOhRNi0Xn101O1O3L2O1O000O101N10001N100O100000000O1O10O01O01O001O1O1O1N2O1O00001O0001OO1000001O000O100O101N100O10001O0O01K5N10001N2O001N2O1O001O0010O0100O0100000O10O01O01O01O001O1O01O01N2O1O[VWg2
20220626185332Bh_6,hZ]U12mo13M1O2O0O001N2N1I8L4J5O1NM2012N2N2N3N1O00K6L3O10O2M2000010O1O2N1O2EGkQN\OUn1b0oQN\OQn1c0SRNZOmm1f0f0O3M2N3L4L5KThjg2
20220626185332Bh_7,bXSn23lo12O1N20O001O01gPNJfn16WQNOgn12VQN1jn1c0OO101N101N101O0000000O0100O001O1J6GTO[QNo0bn19N3N10O0N4F9H9L4N1N3M3M3MPhXo0
20220626185332Bh_8,j[o`13lo12O001O1O00000O2O0000000000001O0000000000001O001O001O01O001O001O0000001O0001O01O0000000000000O1000O100O1O1O100O0O2O01O001O010O001O0010O0100O001000O1O010O1O001O0001O1N2O1N101N2O1Nkd\Y2
20220714185352Th_1,f[dY13lo13M3M2O1O0O1O10O010O01O1O000O100N2M3N201O100O01000O010O100O001O0N3N1O1M4N1000000O10O100CXQNChn1<^QN]Ocn1c0=LjPN_OVo1a05O001O01O1N2O1O0O2O1N2N1O2O0010N2O1O1O1N2N2O010O1N2O001O1O100O2M3M3MffUa2
20220714185352Th_2,m^ln22mo12O000O2O010O00000000000O10001N1O101N101N2O1O00001O01O001O000O2O0O2O0001O00001O0001O000000001O01O0001O0010O0010O0000100O100O10O00O1001O00100O010O1O3M101N1O2O0O100gPN@Po1i0N2O000O2O001N101N100000O1N3D;O0010O001O0000O2N101N2O2O0O010O1O2N2LQaki0
20220714185352Th_3,]_b^14ko14M2M3N1O2M201N1O1O1O010O0100001O1O0000O101N101O01O2NO1O00000O2O0O200O1000000001O0000000O0001O1O1O1O100001O001O0000O100O1O100O1O100O1O010O10O100O2N10O1000O101bPNESo1e0O100O001O0010O10001N10O000001O01O00O1000000O1000000O2O0O2O010O0010O01O0010O01O0100O1O2N1O1O100O100O100O100O1O1O10000O1O2N1O1N2O1O1O001O1O1O0010O00001N101M2N3N2N10001O000O1000000001O001O1O00001O01O00000000000000O1000000000010O00000000000000001O00001O0010O10O001N2O1N2O00000000O10000O101N10000000O10000O10O10O2O000001O001N10000001O0001O001O1O00010O0001O010O01O00001N101O00001O00000000000001O010O00100O1O001O1O010O1O1O100O100O010O0001O0001O0000001O00001O010O1O010O000010O01O0O2O0000001O01O001O01O0001O01O01O001O010O100O10O10O0100O01O1O002N1N3N1O1O0100O010O010O01O010O1O100000O10O010O1O01O010O1O010O20O01N2OO100O1O1O010O100O101N10000000O100O1000000O100013NOO000O100010O001O1N2O1O3M8JN2N_QNhNZn1W1bQNPO\n1Z110O001000O102N2N0O1000100OO0101M2O1N3M2DVQN^Oln1?=N3N1O0O100O2N4KhXSe1
20220714185352Th_4,ge`P15ko13N1N2O1O1O1O100O00O1O100O1O0010O010O100O10O10000O1O00100O1000O10O2O0O2M[YUm2
20220714185352Th_5,`fX^26ho13N100O101O0O1000O100O101N01001O01O0010O10O10000O10O0100000000000000000001O001O1O1O1000O2N0O4LdXg^1
20220714185352Th_6,mhPm2f0Wo17J5K5L6I4M3L4H9I5N3LeNQSNJml14YSNKcl11fSNMWl13mSNLPl13UTNKik14]TNJak15cTNJ[k16hTNHVk18mTNHQk16TUNIij16[UNJcj16_UNI_j17dUNIXj18kUNHii1b0YVN^Oai1f0`VNZO\i1i0fVNVOYi1j0hVNVOWi1j0jVNVOVi1i0kVNWOTi1g0oVNXOQi1d0UWN[Okh1>\WNBdh1<^WNDah17eWNI[h16eWNLZh13gWNMYh13gWNMXh13iWNMWh13hWNNXh12iWNMWh12jWNNUh13lWNLTh14mWNIUh16mWNHUh17j3000000000O100O0100O2M2O2M_YWo0
20220714185352Th_7,YkPP39go12OO101O09G1N2N100O2YQN[OPn1e0mQN^OSn1c0jQN_OVn1d0dQN^O^n1b0^QN@fn1k07J1N1N2O1O1O1N101O1O1_OhPN8bo1N100O001O010O1000O010O0001O000O2O000000000O1000000O2O001NRS_l0
20220714185352Th_8,Rob`23ko16L1O10O010O001O000001O0000001O3M2N2N1O1O2N1O2N0000GnPNBTo1;:O0O0101O0100O1000O0O2O0N3N110OO2M201O0000000N1101O1O001O0000001O01O001O1O011N100000000001O000O100O100O1000O1000O100000O1N2O00001O010O00100O00100O101N1O2NURkX1
20220714185352Th_9,UXek03ko17J3K4N2N1O001O0O1O1N3N100O100O2O0O2O0O100O01O2N1C=N2O1000O100010O0O2N101O01O001O1O010O0101O1O1O1O1O2L[iRQ3
20220714185352Th_10,^\iR27go12N2N2N2O0O2K5M2N3N2N2O1N3M3M3N2O0O10N1N2O101M2N200O1O01O0100K5M3000O01O01O001O0M211O1N20O1O1N200O1000O0J5M5N1N3K400O110000O00N2N2001ON2000001001N2O1O2N2O1N2N2N100O1O2O0O101N5K3N1O01N1O01001N2O<D1N010OO100K6L3N2N3M3N1I70O20O001N3M2LShle1
20220714185352Th_11,SYik21mo13N2N1M3O000O100000001O010O01O00000000O101O1O001O010O00JdPNH^o1750010O100O10000000001O010O010O1O1O1NhgVQ1
20220714185352Th_12,Zb]b12mo13M2O0000000O1O1O100O1O1N2N2N2N101N110O100O100O1O1O1O100O00100O0O2O01O000N3M2N200001O1N2O00100O0100O1O1O1O100O1000O01000O001N1O1O10010O0100O0010O01O010O01000O100O1N3N1O1O1O100O1O01O1O000O100O0100O0101O0O2O01O000O100000000001N1O2O00000000000O10000010O100O2O0O2N100N2N2N2O1O010O01O001O01O01O0000001O0O2O001O1O001O0000010O01O010000O10O1O1O1O1O1O00001O100O010O100O10000O2N102L_alQ2
20220714185352Th_13,bcgY24ko15K4M3M:F1O000O2O000O1O1N2O1O100O010001O1O1O1N100O0O2O1N1GnPNERo1;901O010001O000O1O1O1N10000O2O0O100000O100001O00101N1O2O0O2O0O1O00O1M3000010O00100O2O0010O00O10O1O1O101N2N3M3M2O1N100O100O10O100O1O1O1O0000O2N10100O01O1O2N100O2N101O0O01L21001O00mN[QNl0dn1UO`QNh0_n1XOcQNf0Xn1@iQN=Wn1FiQN8Un1LkQN2Un1OjQN1Vn11gQN0Yn12eQNO[n11dQNO\n12cQNN^n12bQNN_n11aQNN`n12`QNMbn13\QNNdn1f01O0010O0010O00100O010O01000O010O1O100O1000O01O001O0001O0000001O1O001O010O100O100O1N2O1N01O1N201O1O1O2N1O10O00000001O00100O1O1O100O1O0001O01O10O100O100O010O100O010O1O0010O010O01O10O01O10O01OO10000O1N2O10001O001O000O2N1O1N2H8O2N100O101N1O2N2O2MUaXV1
20220728185352Th_1,j_hj25ho15L3M3M2O1N2O0OO0O21O10001O0000L401N101O0O2O1O01O001O000O11O01O01O001O001O010O10000010O00000O2OO010000001N101O10O01O010O0100O100O0100O10000002N000ePNEPo1<lPNGTo1c0O01N101O001O00001O000000000000010O0000001O0O10001O0000O100001O001O001O00100010iPNHcn19YQNJgn17UQNKln1d02M5K5L1N2O1N2O000O2O000O100O101O1N2O1Mo_el0
20220728185352Th_2,\fPZ32mo12O1N1O100O100O10O0100O00100O00100O01000O10O10O10O00100O1000O101O0O2O000O1000O1O100O1O1O100O1O2N2NTZkb0
20220728185352Th_3,^d_`2;do15`PNDRo1g0M2O1O011O0000000001OO100O100O1000001N2O1O1O00001OO010O10O01000O100O10O01O1O1O1O0100O1O2L5L3M3N2M4L3M3N3L4L5Jg[n[1
